"Export time: 8/7/2022, 5:59:11 PM","","#","Product Name","Brand","Price","Mo. Sales","D. Sales","Mo. Revenue","Date First Available","Net","Rating Number","Rating","Fees","Rank","Category","ASIN","Link"
"Search Term: cotton balls","","1","Amazon Basics Cotton Balls 200ct 3-Pack (Previously Solimo)","Amazon Basics","$8.99","22495","749","$202230","10/09/2021","$0.94","3582","4.7","$8.05","163","Beauty & Personal Care","B0949C1YML","https://www.amazon.com/dp/B0949C1YML"
"Average Sales: 683","","2","Diane 100% Cotton Balls DEE051 100 Count (Pack of 1)","Diane","$2.99","17686","589","$52881","09/24/2021","$-0.85","22499","4.3","$3.84","163","Beauty & Personal Care","B09GTPR2QH","https://www.amazon.com/dp/B09GTPR2QH"
"Average Sales Rank: 370,111","","3","Spa Stix Cotton Balls. 500 Count Medium Size. Non Sterile Super Soft.","Spa Stix","$7.25","1762","58","$12775","03/24/2021","$2.9","742","4","$4.35","11074","Beauty & Personal Care","B09166YB9L","https://www.amazon.com/dp/B09166YB9L"
"Average Price: $20.08","","4","DecorRack 300 Small Cotton Balls for Make-Up Nail Polish Removal Applying Oil Lotion or Powder Multi-Purpose Balls Made from 100% Natural Cotton Soft and Absorbent for Household Needs (300 Count)","DecorRack","$6.99","3073","102","$21480","06/17/2019","$2.89","8022","4.2","$4.10","10336","Beauty & Personal Care","B07T7Z7BR6","https://www.amazon.com/dp/B07T7Z7BR6"
"Average Rating Number: 771","","5","Amazon Brand - Solimo Cotton Balls 200 Count (Pack of 1)","Solimo","$3.32","22468","748","$74594","04/21/2022","$-0.52","22561","4.8","$3.84","137","Beauty & Personal Care","B07RNYT58Q","https://www.amazon.com/dp/B07RNYT58Q"
"","","6","MED PRIDE Premium 100% Pure Cotton Balls 300 Count- Multipurpose Cotton Balls for Makeup Remover Nail Polish Applying Lotions & More- Ultra Soft and Absorbent Small Cotton Balls for Everyday Use","MED PRIDE","$7.99","1882","62","$15037","11/29/2021","$3.81","662","3.9","$4.18","10416","Beauty & Personal Care","B09MSLGJTF","https://www.amazon.com/dp/B09MSLGJTF"
"","","7","Swisspers Premium Exfoliating Rounds 2 Distinct Raised Textured Surface Cotton Facial Pads 80 Count Re-closable Bag","Swisspers","$2.98","3701","123","$11029","04/16/2013","$-0.86","22960","4.7","$3.84","54","Beauty & Personal Care","B00CEJJNWQ","https://www.amazon.com/dp/B00CEJJNWQ"
"","","8","Cliganic Organic Super Jumbo Cotton Balls (200 Count) - Biodegradable Hypoallergenic Absorbent Large Size 100% Pure","Cliganic","$9.99","1744","58","$17423","10/06/2019","$5.42","903","4.3","$4.57","10358","Beauty & Personal Care","B07YSQS43K","https://www.amazon.com/dp/B07YSQS43K"
"","","9","Cliganic Super Jumbo Cotton Balls (200 Count) - Hypoallergenic Absorbent Large Size 100% Pure","Cliganic","$8.99","2572","85","$23122","11/26/2019","$4.5","3535","4.4","$4.49","5232","Beauty & Personal Care","B07YSN9Y9H","https://www.amazon.com/dp/B07YSN9Y9H"
"","","10","Sky Organics Organic Jumbo Cotton Balls for Sensitive Skin 100% Pure GOTS Certified Organic for Beauty & Personal Care 300 ct.","Sky Organics","$14.99","2595","86","$38899","03/09/2019","$8.97","4914","4.6","$6.02","7861","Beauty & Personal Care","B07CWJV3CL","https://www.amazon.com/dp/B07CWJV3CL"
"","","11","Jumbo Cotton Balls - 200 ct - up up TRG","Unknown","$6.99","1346","44","$9409","06/27/2017","$2.66","218","4.2","$4.33","35428","Beauty & Personal Care","B01FDSVM82","https://www.amazon.com/dp/B01FDSVM82"
"","","12","Organic BIOLOGIQUE Cotton Ballsorganic Pack of 3 (240 Balls)","Swisspers","$14.07","30","1","$422","09/11/2013","$8.19","780","4.7","$5.88","68564","Beauty & Personal Care","B00F51RET4","https://www.amazon.com/dp/B00F51RET4"
"","","13","Swisspers Organic 100% Natural Organic Cotton Balls 80-Count Balls per Pack 6 Packs (480 Balls Total)","Swisspers","$12.55","54","1","$678","05/14/2019","$3.64","242","4.5","$8.91","134995","Beauty & Personal Care","B07CXZPH28","https://www.amazon.com/dp/B07CXZPH28"
"","","14","Swisspers Organic Triple Size Cotton Balls 80 ea 2 pack","Swisspers","$9.95","3","0","$30","08/16/2015","$5.61","9","4.5","$4.34","241551","Beauty & Personal Care","B0140ZWHBA","https://www.amazon.com/dp/B0140ZWHBA"
"","","15","Organic Essentials Cotton Balls Triple Size 80 Each (Pack of 7)","Swisspers","$22.66","0","0","$0","12/14/2017","...","2","5","","472656","Beauty & Personal Care","B01IADWUR4","https://www.amazon.com/dp/B01IADWUR4"
"","","16","Perfect Stix Cotton Balls L-200 Cotton Balls Large (Pack of 200)","Perfect Stix","$6.36","482","16","$3066","01/11/2018","$2.08","473","4.3","$4.28","20880","Beauty & Personal Care","B078YMVSR5","https://www.amazon.com/dp/B078YMVSR5"
"","","17","Simply Soft Premium Cotton Balls 100% Pure Cotton Absorbent 200 Count (Pack of 3)","Simply Soft","$10.99","1760","58","$19342","11/29/2018","$2.61","2249","4.5","$8.38","8773","Beauty & Personal Care","B07L58WC7D","https://www.amazon.com/dp/B07L58WC7D"
"","","18","Perfect Stix - Cotton Balls M-500ct Cotton Balls M Cotton Balls Pack of 500ct Plain","Perfect Stix","$8.56","800","26","$6848","10/08/2017","$4.34","3975","4.2","$4.22","26820","Beauty & Personal Care","B0769MKZWT","https://www.amazon.com/dp/B0769MKZWT"
"","","19","McKesson Cotton Balls Non-Sterile Maximum Absorbency Medium 2000 Count 1 Pack","McKesson","$15.75","369","12","$5812","10/29/2018","...","159","4.8","","29019","Beauty & Personal Care","B07K31B59G","https://www.amazon.com/dp/B07K31B59G"
"","","20","Dealmed Cotton Balls  1000 Count Medium Cotton Balls Non-Sterile Bag of Cotton Balls in Easy to Access Zip-Locked Bag Great for Skin Prep Wound Cleansing and DIY Needs","Dealmed","$15.89","514","17","$8167","08/29/2018","$9.74","355","4.3","$6.15","34074","Beauty & Personal Care","B07G7CNCXF","https://www.amazon.com/dp/B07G7CNCXF"
"","","21","Dynarex Cotton Ball Large Non-sterile 1000 Count","Dynarex","$17.05","384","12","$6547","09/11/2010","$6.56","520","4.7","$10.49","7415","Industrial & Scientific","B008SIE0I4","https://www.amazon.com/dp/B008SIE0I4"
"","","22","DecorRack 100 Cotton Balls 100% Pure Cotton for Nail Polish and Make-Up Removal Applying Oil Lotion or Powder Perfect for Multi-Purpose Use Soft and Absorbent (100 Count)","DecorRack","$6.99","496","16","$3467","11/17/2019","$2.89","1713","4.7","$4.10","48796","Beauty & Personal Care","B081P93444","https://www.amazon.com/dp/B081P93444"
"","","23","Kendall/Covidien Prepping Cotton Ball 500 Count","KENDALL/COVIDIEN","$6.33","35","1","$222","05/31/2011","$2.28","936","4.1","$4.05","40601","Beauty & Personal Care","B00962EG7G","https://www.amazon.com/dp/B00962EG7G"
"","","24","365 by Whole Foods Market Cotton Balls Organic 100 Count","365 by Whole Foods Market","$2.99","0","0","$0","02/02/2018","$-0.85","1468","4.7","$3.84","292457","Beauty & Personal Care","B074HKCCW9","https://www.amazon.com/dp/B074HKCCW9"
"","","25","Cliganic Premium Cotton Rounds for Face (300 Count) - Makeup Remover Pads Hypoallergenic Lint-Free | 100% Pure Cotton","Cliganic","$8.59","23388","779","$200903","03/22/2018","$4.13","35815","4.7","$4.46","116","Beauty & Personal Care","B0777NG2DM","https://www.amazon.com/dp/B0777NG2DM"
"","","26","Cotton Balls Non-Sterile Medium 2000/Bag","Dynarex","$16.95","182","6","$3085","03/14/2007","$7.68","339","4.4","$9.27","16504","Industrial & Scientific","B000PGY8XY","https://www.amazon.com/dp/B000PGY8XY"
"","","27","Cotton Balls Jumbo Size for Facial Treatments Nails and Make-Up Removal Applying Tonics & Cleansers Multi-Purpose Soft Natural Cotton Balls","SION BIOTEXT","$6.99","...","...","...","05/31/2022","$2.89","0","","$4.10","63632","...","B0B2ZWXFLB","https://www.amazon.com/dp/B0B2ZWXFLB"
"","","28","Swisspers Super Jumbo Cotton Balls 100% Cotton 70 ea (Pack of 4)","Swisspers","$13.02","1244","41","$16197","10/01/2017","$7.3","1009","4.7","$5.72","12971","Beauty & Personal Care","B01IADYW0C","https://www.amazon.com/dp/B01IADYW0C"
"","","29","Swisspers Super Jumbo Large Cotton Balls 140 Count 2 Pack (Includes 280 Jumbo Plus Size Hypoallergenic Cotton Balls Total)","Swisspers","$17.99","280","9","$5037","08/12/2016","$11.52","277","4.8","$6.47","53301","Beauty & Personal Care","B01KCJCOL6","https://www.amazon.com/dp/B01KCJCOL6"
"","","30","Organyc 100% Organic Cotton Balls for Sensitive Skin 100 Count","Organyc","$7.39","234","7","$1729","07/13/2015","$3.26","278","4.6","$4.13","44375","Beauty & Personal Care","B008GTHEOC","https://www.amazon.com/dp/B008GTHEOC"
"","","31","Swisspers Cotton Balls Jumbo Plus Size 70 Count (Pack of 3)","SWEET LEAF","$11.24","446","14","$5013","01/20/2015","$5.78","914","4.7","$5.46","29209","Beauty & Personal Care","B00NC2A2LA","https://www.amazon.com/dp/B00NC2A2LA"
"","","32","Kendall/Covidien Prepping Cotton Ball 1000 Count","KENDALL/COVIDIEN","$7.93","29","0","$230","07/19/2015","$3.53","432","4.2","$4.40","76304","Beauty & Personal Care","B011VX2X5E","https://www.amazon.com/dp/B011VX2X5E"
"","","33","Cotton Balls Jumbo Size for Facial Treatments Nails and Make-Up Removal Applying Tonics & Cleansers Multi-Purpose Soft Natural Cotton Balls","SION BIOTEXT","$5.99","...","...","...","05/31/2022","$1.97","0","","$4.02","131207","...","B0B2VVB381","https://www.amazon.com/dp/B0B2VVB381"
"","","34","Organyc 100% Organic Cotton Rounds - Biodegradable Cotton Chemical Free For Sensitive Skin (70 Count) - Daily Cosmetics. Beauty and Personal Care","Organyc","$3.59","6418","213","$23041","07/24/2012","$-0.25","11943","4.7","$3.84","3362","Health & Household","B008O47ILI","https://www.amazon.com/dp/B008O47ILI"
"","","35","Curad Sterile Cotton Balls 1' 130/Box","Curad","$8.99","19","0","$171","09/14/2017","$4.73","143","4.5","$4.26","28154","Industrial & Scientific","B008YX5Q8G","https://www.amazon.com/dp/B008YX5Q8G"
"","","36","The Body Shop Round Cotton Pads","The Body Shop","$3.00","6772","225","$20316","08/21/2017","$-0.84","8374","4.7","$3.84","1805","Beauty & Personal Care","B01MY0TOTX","https://www.amazon.com/dp/B01MY0TOTX"
"","","37","Dukal - 802 Cotton Balls Non Sterile Large (Pack of 2000)","Dukal","$29.64","121","4","$3586","11/02/2015","$11.69","45","4.3","$17.95","133581","Beauty & Personal Care","B017K35ANG","https://www.amazon.com/dp/B017K35ANG"
"","","38","Cotton Balls Medium Sized-500ct","Perfectware","$6.08","83","2","$505","07/18/2019","$2.05","145","3.9","$4.03","167454","Beauty & Personal Care","B07VBPQRH3","https://www.amazon.com/dp/B07VBPQRH3"
"","","39","SoulSation Organic Cotton Rounds 400 Count - Makeup Remover Pads for Face Lint-Free","SOULSATION","$8.99","7826","260","$70356","05/29/2021","$4.5","3811","4.7","$4.49","1271","Beauty & Personal Care","B0966YL3Z8","https://www.amazon.com/dp/B0966YL3Z8"
"","","40","Amazon Basics Cotton Rounds 100ct  Pack of 6 (Previously Solimo)","Amazon Basics","$11.53","25040","834","$288711","10/09/2021","$4.01","19605","4.7","$7.52","109","Beauty & Personal Care","B0949CSB9X","https://www.amazon.com/dp/B0949CSB9X"
"","","41","Pure-aid 100% Pure Cotton Balls | Lint Free | Soft and Gentle | Hypoallergenic 100% Pure Cotton Balls | Bargain Finds | Various Uses | 100 Count Each | 2 Pack (2 Pack (200 Count))","Pure-Aid","$6.99","113","3","$790","08/23/2020","$2.89","356","4.1","$4.10","137197","Beauty & Personal Care","B089T9S33Y","https://www.amazon.com/dp/B089T9S33Y"
"","","42","Cotton Balls [Pack of 2000] Medium Non-Sterile Absorbent 100% Cotton Prepping Balls for Make-Up Nail Polish Removal Applying Oil Lotion or Powder Crafts","Vakly","$17.99","87","2","$1565","05/21/2018","$7.66","195","4.2","$10.33","26162","Industrial & Scientific","B07D7H35CS","https://www.amazon.com/dp/B07D7H35CS"
"","","43","Cotton Too 200 Count Triple Size 100% Cotton Balls 2 Pack","Cotton Too","$16.49","257","8","$4238","12/27/2018","$10.25","1780","4.6","$6.24","68599","Beauty & Personal Care","B07G8B74SG","https://www.amazon.com/dp/B07G8B74SG"
"","","44","Jumbo Cotton Balls - 100 ct - up up TRG","UP and UP","$7.49","176","5","$1318","10/13/2017","...","116","4","","70869","Beauty & Personal Care","B01FE635U6","https://www.amazon.com/dp/B01FE635U6"
"","","45","Swisspers Cotton Balls Jumbo Plus Size 70 Count","Swisspers","$6.03","230","7","$1387","03/31/2008","$2.01","444","4.7","$4.02","31487","Beauty & Personal Care","B006AR6DYY","https://www.amazon.com/dp/B006AR6DYY"
"","","46","Swisspers Super Jumbo Cotton Balls 70 ea ( Pack of 6)","Swisspers","$15.73","21","0","$330","07/10/2016","$6.64","53","4.8","$9.09","46124","Beauty & Personal Care","B01IADYZ2M","https://www.amazon.com/dp/B01IADYZ2M"
"","","47","Equate Beauty Cotton Balls Large Jumbo Size 400 Count Package 2 Pack (Includes 800 Big Plus Size Jumbo Cotton Balls Total)","Equate","$12.50","70","2","$875","02/19/2019","...","22","3.8","","77268","Beauty & Personal Care","B07QNQ91M1","https://www.amazon.com/dp/B07QNQ91M1"
"","","48","Simply Soft Cotton Rounds 100% Cotton Absorbent and Textured Cotton Pads are Lint Free 100 Count (Pack of 3)","Simply Soft","$7.99","4096","136","$32727","11/29/2018","$3.58","12322","4.7","$4.41","1597","Beauty & Personal Care","B07L58T3T5","https://www.amazon.com/dp/B07L58T3T5"
"","","49","Natural Cotton Balls Cotton Swabs for Nail & Make-up Removal - 50 Cotton Balls in one pack","Generic","$3.97","174","5","$691","09/27/2020","$0.11","179","4.2","$3.86","76539","Beauty & Personal Care","B08CCGHW7P","https://www.amazon.com/dp/B08CCGHW7P"
"","","50","Hedume 1200 Count Cotton Balls 100% Pure Cotton Fragrance & Chlorine-Free Organic Cotton Balls (12 Pack  100 Count)","Hedume","$21.99","85","2","$1869","02/21/2020","$11.36","74","3.7","$10.63","85753","Beauty & Personal Care","B0852333HG","https://www.amazon.com/dp/B0852333HG"
"","","51","Cotton Balls Kendall-Medium-4000/case-Prepping Balls2600 by COVIDIEN","Curity","$19.75","11","0","$217","08/27/2009","$11","105","4.5","$8.75","113723","Beauty & Personal Care","B0085OSXAW","https://www.amazon.com/dp/B0085OSXAW"
"","","52","Swisspers Super Jumbo Cotton Balls 70 ea (Pack of 2)","Swisspers","$8.10","9","0","$73","08/18/2017","$3.91","334","4.7","$4.19","42882","Beauty & Personal Care","B01IADYT64","https://www.amazon.com/dp/B01IADYT64"
"","","53","Sky Organics Organic Cotton Rounds for Sensitive Skin 100% Pure GOTS Certified Organic for Beauty & Personal Care 300 ct.","Sky Organics","$12.49","2582","86","$32249","05/05/2018","$6.85","3535","4.7","$5.64","7710","Beauty & Personal Care","B07CWJGNBH","https://www.amazon.com/dp/B07CWJGNBH"
"","","54","U.S. Cotton First Aid or Baby Sterile 100% Cotton Balls 130 Count Box","U.S. COTTON LLC","$11.17","9","0","$101","07/10/2012","$5.72","832","4.3","$5.45","21155","Industrial & Scientific","B006A4CRWO","https://www.amazon.com/dp/B006A4CRWO"
"","","55","Swisspers Super Jumbo Cotton Balls 70 ea (Pack of 3)","Swisspers","$11.24","19","0","$214","10/18/2018","...","141","4.7","","102742","Beauty & Personal Care","B01IADYUPO","https://www.amazon.com/dp/B01IADYUPO"
"","","56","Cotton Balls [Pack of 500] Medium Non-Sterile Absorbent 100% Cotton Prepping Balls for Make-Up Nail Polish Removal Applying Oil Lotion or Powder Crafts (500)","Vakly","$7.99","27","0","$216","11/09/2021","$3.81","21","3.4","$4.18","89753","Industrial & Scientific","B09LFDDQZ9","https://www.amazon.com/dp/B09LFDDQZ9"
"","","57","Cotton Balls. Case of 4000 Medium Cotton Balls for Wound Care. Soft and Absorbent 100% Cotton. Non-sterile Cotton. Soft White Single use Latex-Free.","Dukal","$37.49","23","0","$862","10/09/2019","...","5","4.7","","78099","Industrial & Scientific","B07YYC47RN","https://www.amazon.com/dp/B07YYC47RN"
"","","58","Hedume 500 Count Cotton Balls 100% Pure Cotton 100% Biodegradable Jumbo Absorbent Cotton Balls Fragrance & Chlorine-Free Organic Cotton Balls (5 Pack  100 Count)","Hedume","$24.99","64","2","$1599","08/31/2020","$13.61","14","4.5","$11.38","157061","Beauty & Personal Care","B08H4NNXJV","https://www.amazon.com/dp/B08H4NNXJV"
"","","59","Equate Beauty Cotton Balls Large Jumbo Size 400 Count Package 1 Pack (Includes 400 Big Plus Size Jumbo Cotton Balls Total)","Equate","$5.82","34","1","$198","02/05/2019","$-5.11","60","4.5","$10.93","191383","Beauty & Personal Care","B07BY3R6N7","https://www.amazon.com/dp/B07BY3R6N7"
"","","60","Maxim Natural Cotton Travel Pack 50ct Combo (3-in-1 Balls/Rounds/Swabs) No Chlorine/Dioxin Biodegradable Hypoallergenic Gentle Touch with Paper Stick Swabs Combo Pack 1 Pack of 50","Maxim","$5.93","4","0","$24","12/15/2012","$1.92","64","4","$4.01","139235","Health & Household","B00AP6YLXG","https://www.amazon.com/dp/B00AP6YLXG"
"","","61","Kendall COTTON500DS Curity Medium Cotton Balls - Bag of 500","Kendall","$7.25","60","2","$435","02/12/2005","$2.9","455","4","$4.35","153053","Beauty & Personal Care","B00JJOE6Y4","https://www.amazon.com/dp/B00JJOE6Y4"
"","","62","Berkley Jensen Super Jumbo Cotton 100% Cotton Balls - 100 ct.","Berkley and Jensen","$6.95","6","0","$42","07/14/2017","$-1.84","76","4.5","$8.79","185878","Beauty & Personal Care","B0719N7264","https://www.amazon.com/dp/B0719N7264"
"","","63","SHINEMOON 300 Cotton Swabs 30 Cotton Makeup Pads 30 Cotton Balls  3-in-1 Travel Cotton Sets in Transparent Storage Box Easy to Carry for EarMakeup RemoverApplying LotionsNail Polish Remover","SHINEMOON","$8.99","...","...","...","02/07/2022","$4.5","31","4.8","$4.49","105711","...","B09RZLR6G9","https://www.amazon.com/dp/B09RZLR6G9"
"","","64","Swisspers Premium 100% Cotton Balls Hypoallergenic Super Jumbo Size 70-Count Bags 12-Pack (840 Balls Total)","Swisspers","$31.52","24","0","$756","09/28/2020","$21","16","4.4","$10.52","214367","Beauty & Personal Care","B07D4K7LKZ","https://www.amazon.com/dp/B07D4K7LKZ"
"","","65","Equate Beauty Jumbo Cotton Balls 100 Ct","Equate","$9.56","45","1","$430","04/17/2018","...","205","4.5","","104301","Beauty & Personal Care","B07C245SR3","https://www.amazon.com/dp/B07C245SR3"
"","","66","Swisspers Cotton Balls - 140 ct","Swisspers","$14.29","1","0","$14","10/21/2009","$8.61","44","4.1","$5.68","416810","Beauty & Personal Care","B00OI3Y60A","https://www.amazon.com/dp/B00OI3Y60A"
"","","67","Swisspers Cotton Rounds 80 ea","U.S. Cotton","$6.90","0","0","$0","05/10/2016","$2.81","28","4.3","$4.09","521428","Beauty & Personal Care","B01FIL4RR2","https://www.amazon.com/dp/B01FIL4RR2"
"","","68","Curad Cotton Balls 130 Each (Pack of 6)","Curad","$36.95","3","0","$111","04/28/2011","$11.45","31","4.6","$25.50","203870","Beauty & Personal Care","B009R022PA","https://www.amazon.com/dp/B009R022PA"
"","","69","SWISSPERS Swisspers Cotton Balls 100's","Swisspers","$5.77","15","0","$87","12/23/2011","$1.77","98","4.3","$4.00","293372","Beauty & Personal Care","B0065IGWPI","https://www.amazon.com/dp/B0065IGWPI"
"","","70","Berkley Jensen Super Jumbo Cotton Balls 4 pk./100 ct.","Berkley and Jensen","$18.58","30","1","$557","10/07/2018","...","7","4.8","","229941","Beauty & Personal Care","B07J64G8C2","https://www.amazon.com/dp/B07J64G8C2"
"","","71","Spectra 100 Count Jumbo Cotton Balls","DDI","$6.92","30","1","$208","03/29/2016","$2.6","59","4.1","$4.32","158424","Beauty & Personal Care","B00GUUYAEG","https://www.amazon.com/dp/B00GUUYAEG"
"","","72","Cotton Ball Kendall Medium 100% Cotton NonSterile - 4000/CS (MFN  2600)","Kendall","$20.15","2","0","$40","10/07/2016","...","13","5","","119333","Industrial & Scientific","B00KEENWI4","https://www.amazon.com/dp/B00KEENWI4"
"","","73","100 Count Cotton Balls 100% Pure Unscented Natural Soft Absorbent for Skincare Nail Makeup Removal","Beauty Town","$6.99","15","0","$105","06/17/2021","$2.89","22","4.7","$4.10","269260","Beauty & Personal Care","B097J29J87","https://www.amazon.com/dp/B097J29J87"
"","","74","Cotton Balls STERILE CURAD Size: 130","Medline","$8.99","8","0","$72","12/11/2009","$3.13","89","4.3","$5.86","241436","Beauty & Personal Care","B0058GVVI6","https://www.amazon.com/dp/B0058GVVI6"
"","","75","Purest Small Cotton Balls for Make-Up Nail Polish Removal Applying Oil Lotion or Powder Multi-Purpose Balls Made from 100% Natural Cotton Soft and Absorbent for Household Needs (100 Count)","Purest","$2.99","30","1","$90","02/20/2021","...","4","3.5","","219958","Beauty & Personal Care","B08VYWYM1K","https://www.amazon.com/dp/B08VYWYM1K"
"","","76","Curity Medium Cotton Prepping Balls 4000 ea","KENDALL/COVIDIEN","$20.15","0","0","$0","...","...","0","","","251854","Beauty & Personal Care","B00BCOJRQG","https://www.amazon.com/dp/B00BCOJRQG"
"","","77","Organic Cotton Balls by Maxim (100 Count): Hypoallergenic 100% Natural White Cotton for Sensitive Skin - Chlorine Free Chemical Free Eco Friendly","Maxim Hygiene Products","$6.91","4","0","$28","11/08/2010","$2.82","230","4.6","$4.09","182107","Beauty & Personal Care","B0029ARHVO","https://www.amazon.com/dp/B0029ARHVO"
"","","78","Dynarex Cotton Ball Large Non-Sterile 1000 Count (Pack of 2)","Dynarex","$23.99","9","0","$216","05/17/2011","$6.51","77","4.4","$17.48","200838","Beauty & Personal Care","B004KQFASM","https://www.amazon.com/dp/B004KQFASM"
"","","79","Classic Cotton Balls Jumbo Size 100 Count","Classic","$6.02","4","0","$24","08/31/2007","$2","246","3.9","$4.02","215414","Beauty & Personal Care","B000VUV9QI","https://www.amazon.com/dp/B000VUV9QI"
"","","80","Dynarex 22311200 Cotton Ball Medium Cotton Nonsterile 3170 Box Of 2000","Dynarex","$17.74","4","0","$71","10/31/2014","...","2","5","","76078","Industrial & Scientific","B00BCOVTPI","https://www.amazon.com/dp/B00BCOVTPI"
"","","81","Swisspers Organics Cotton Balls - 80","Swisspers","$6.66","12","0","$80","10/01/2013","$2.59","780","4.5","$4.07","102696","Beauty & Personal Care","B000YL8NOK","https://www.amazon.com/dp/B000YL8NOK"
"","","82","Cotton Ball N/Sterile Large 1000Ea/Pk","Dynarex","$17.05","0","0","$0","06/15/2015","...","1","4","","174012","Industrial & Scientific","B00ZQF3DZI","https://www.amazon.com/dp/B00ZQF3DZI"
"","","83","White Dove Cotton Balls Pure Cotton 100 Ct (3 Pack)","White Dove","$10.99","21","0","$231","01/25/2018","$5.8","189","4.2","$5.19","250667","Beauty & Personal Care","B077DPR85S","https://www.amazon.com/dp/B077DPR85S"
"","","84","Amoray Care Cotton Balls 300CT Regular","Amoray","$6.68","0","0","$0","...","...","14","3.6","","323405","Beauty & Personal Care","B00IKMZLGI","https://www.amazon.com/dp/B00IKMZLGI"
"","","85","Organic Essentials Cotton Balls Triple Size 80 Each (Pack of 3)","Organic Essentials","$14.07","0","0","$0","06/25/2017","$8.19","3","3.3","$5.88","249605","Beauty & Personal Care","B001E0Z52I","https://www.amazon.com/dp/B001E0Z52I"
"","","86","Lutron 3-Button with Raise/Lower Pico Remote for Caseta Wireless Smart Lighting Dimmer Switch PJ2-3BRL-WH-L01R White","Lutron","$19.95","1926","64","$38424","07/06/2014","$14.04","2444","4.8","$5.91","5441","Tools & Home Improvement","B00KLAXFQ0","https://www.amazon.com/dp/B00KLAXFQ0"
"","","87","McKesson Premium Cotton Balls Non-Sterile Maximum Absorbency Medium 2000 Count 1 Pack","McKesson","$21.10","0","0","$0","11/17/2021","...","0","","","392688","Beauty & Personal Care","B00NSVSPF0","https://www.amazon.com/dp/B00NSVSPF0"
"","","88","Dukal Cotton Balls. Pack of 1000 Large cotton balls for wound care. Soft and absorbent 100% cotton. Non-sterile cotton. Soft white single use latex-free.","Dukal","$32.98","0","0","$0","10/09/2019","$20.4","5","4","$12.58","172432","Industrial & Scientific","B07YYD1X13","https://www.amazon.com/dp/B07YYD1X13"
"","","89","Dukal 801 Cotton Balls Non Sterile Medium White (Pack of 4000)","Dukal","$30.06","114","3","$3427","11/02/2015","$12.95","81","4.3","$17.11","19953","Industrial & Scientific","B017K35ATU","https://www.amazon.com/dp/B017K35ATU"
"","","90","McKesson Premium Cotton Balls Non-Sterile Maximum Absorbency Medium 2000 Count 2 Packs 4000 Total","McKesson","$34.72","0","0","$0","03/07/2012","...","2","5","","343653","Industrial & Scientific","B005N0Z1VU","https://www.amazon.com/dp/B005N0Z1VU"
"","","91","Cotton Balls 100% Pure Unscented","Beauty Town","$3.99","0","0","$0","10/16/2019","...","19","4","","325404","Beauty & Personal Care","B07N161Q3M","https://www.amazon.com/dp/B07N161Q3M"
"","","92","Swisspers Multi Care Cotton Balls 100 ct (Pack of 2)","Swisspers","$7.48","0","0","$0","07/10/2016","...","12","4.3","","258525","Beauty & Personal Care","B01IAES1L2","https://www.amazon.com/dp/B01IAES1L2"
"","","93","Vakly Pack - Curity Medium Prepping Cotton Balls - 4 Packs of 500 (2000 Total)","Vakly","$13.74","0","0","$0","06/18/2017","$4.35","7","3.2","$9.39","460385","Beauty & Personal Care","B072W8SKY9","https://www.amazon.com/dp/B072W8SKY9"
"","","94","Swisspers Cotton Balls 200 ea (Pack of 2)","Swisspers","$12.15","0","0","$0","07/10/2016","$6.56","28","3.9","$5.59","349053","Beauty & Personal Care","B01IADZZ26","https://www.amazon.com/dp/B01IADZZ26"
"","","95","Maxim Organic Cotton Balls 300ct No Chlorine/Dioxin/Chemical Biodegradable Soft Touch Organic Cotton Balls Unbleached Resealable Zip-Locked Bag 3 Packs of 100","MAXIM","$19.15","14","0","$268","11/08/2020","$11.76","15","4.9","$7.39","233518","Beauty & Personal Care","B07Z34CTRS","https://www.amazon.com/dp/B07Z34CTRS"
"","","96","Cotton Balls Large [Pack of 1000] Non-Sterile Absorbent 100% Cotton Prepping Balls for Make-Up Nail Polish Removal Applying Oil Lotion or Powder Crafts (1)","Vakly","$18.99","...","...","...","04/05/2022","$8.51","2","4","$10.48","230014","...","B09X7GR743","https://www.amazon.com/dp/B09X7GR743"
"","","97","Swiss Beauty Cotton Pads 80 Count","Swisspers","$5.46","2","0","$11","08/27/2014","...","25","3.9","","253562","Beauty & Personal Care","B00015SXQW","https://www.amazon.com/dp/B00015SXQW"
"","","98","Family Home Premium Cotton Balls Large Size 600 Count","Family Home Products","$14.99","30","1","$450","03/25/2020","$9.2","55","3.9","$5.79","234253","Beauty & Personal Care","B086GDKMWX","https://www.amazon.com/dp/B086GDKMWX"
"","","99","Linda Cotton Pads (100 Rounds)","Linda","$3.99","72","2","$287","01/10/2016","$0.13","636","4.3","$3.86","123106","Beauty & Personal Care","B07HQYN7DK","https://www.amazon.com/dp/B07HQYN7DK"
"","","100","Swisspers Multi Care Cotton Balls 100 ct (Pack of 4)","Swisspers","$11.75","1","0","$12","07/10/2016","...","2","5","","488900","Beauty & Personal Care","B01IAES3TM","https://www.amazon.com/dp/B01IAES3TM"
"","","101","Cliganic Organic Cotton Swabs 500 Count - 100% Pure Natural Biodegradable Cotton Chlorine-Free Hypoallergenic Soft Gentle & Absorbent Buds","Cliganic","$7.99","2102","70","$16795","08/30/2019","$3.58","2681","4.6","$4.41","7102","Beauty & Personal Care","B07P56DW9T","https://www.amazon.com/dp/B07P56DW9T"
"","","102","Lurrose Lurrose 1 Bag/500g Colored Cotton Balls Makeup Cotton Balls Degreasing Cotton Ball for for Face Cleansing & Makeup Removal Beauty Salon Home Use","Lurrose","$31.99","20","0","$640","05/29/2019","$19.86","18","4.2","$12.13","409998","Beauty & Personal Care","B07SL9LRJ8","https://www.amazon.com/dp/B07SL9LRJ8"
"","","103","Swisspers Organics Cotton Balls - 80","Swisspers","$6.58","0","0","$0","03/24/2013","...","0","","","459975","Beauty & Personal Care","B00C0TB1RK","https://www.amazon.com/dp/B00C0TB1RK"
"","","104","White Dove Cotton Balls & Rounds 100% Pure Cotton 300 Balls 100 Rounds","White Dove","$9.49","0","0","$0","12/09/2018","$4.96","13","3.2","$4.53","453887","Beauty & Personal Care","B07G8P334J","https://www.amazon.com/dp/B07G8P334J"
"","","105","Curad CUR110163 Sterile Cotton Balls 1' 130/Box MIICUR110163","Curad","$12.14","5","0","$61","06/22/2006","$6.78","34","4.3","$5.36","175351","Industrial & Scientific","B002WBJMZO","https://www.amazon.com/dp/B002WBJMZO"
"","","106","Assured Cotton Balls 100 % Cotton - 100 count","ASSURED","$5.00","...","...","...","11/08/2021","$-1.83","1","5","$6.83","642820","...","B06Y5C85Z7","https://www.amazon.com/dp/B06Y5C85Z7"
"","","107","Covidien 2600 Cotton Balls 500 per Bag Bag 4000 Balls Medium 500 per Bag","COVIDIEN","$21.26","0","0","$0","04/21/2017","...","0","","","518588","Beauty & Personal Care","B01N540TWR","https://www.amazon.com/dp/B01N540TWR"
"","","108","Swisspers Take Along Variety Pack 50 Count","Swisspers","$5.87","4","0","$23","...","$1.86","11","4.4","$4.01","295087","Beauty & Personal Care","B003XS7KTU","https://www.amazon.com/dp/B003XS7KTU"
"","","109","Covidien 2600 Curity Cotton Prepping Balls Non-Sterile Medium (Pack of 500)","COVIDIEN","$6.57","0","0","$0","08/02/2017","$2.5","40","3.9","$4.07","366592","Beauty & Personal Care","B017JT0MVQ","https://www.amazon.com/dp/B017JT0MVQ"
"","","110","Linda Multipurpose 100% Pure Cotton Balls Large 300 Count","Linda","$13.88","4","0","$56","11/07/2017","$8.03","39","4.1","$5.85","430210","Beauty & Personal Care","B01M5D25MN","https://www.amazon.com/dp/B01M5D25MN"
"","","111","Kitsch Eco-Friendly Mini Face Rounds Reusable Cotton Rounds Makeup Remover Pads Organic Cotton Rounds for Face Reusable Face Pads Washable Bamboo Cotton Pads for Face Toner and Cleansing","Kitsch","$16.50","90","3","$1485","09/13/2020","$10.49","42","4.6","$6.02","47169","Beauty & Personal Care","B086ZKDTSS","https://www.amazon.com/dp/B086ZKDTSS"
"","","112","Cotton Ball Medium 100% Cotton Nonsterile","COVIDIEN","$8.75","0","0","$0","05/23/2014","...","1","4","","947380","Beauty & Personal Care","B00KJ72XHM","https://www.amazon.com/dp/B00KJ72XHM"
"","","113","CURITY Cotton Prepping Balls Large (Pack of 200)","COVIDIEN","$8.65","1","0","$9","12/06/2016","$4.42","3","4.2","$4.23","416814","Beauty & Personal Care","B007AZ3REE","https://www.amazon.com/dp/B007AZ3REE"
"","","114","Cotton Balls 300 Count","Geiss Destin &dunn Inc","$9.84","0","0","$0","07/04/2015","...","7","2.7","","680067","Beauty & Personal Care","B01JAPO2K4","https://www.amazon.com/dp/B01JAPO2K4"
"","","115","Berkley Jensen Super Jumbo Cotton Balls 4 pk./100 ct. (pack of 2)","Berkley and Jensen","$20.48","0","0","$0","...","...","0","","","525563","Beauty & Personal Care","B072FLXRMW","https://www.amazon.com/dp/B072FLXRMW"
"","","116","Assured Cotton Pads Cotton Swabs Cotton Balls 3-in-1 Cotton Set- 3Ct Blue/Purple/White (90 Items) (3)","ASSURED","$9.99","10","0","$100","05/12/2020","$5.42","16","3.2","$4.57","445737","Beauty & Personal Care","B088KT4MF4","https://www.amazon.com/dp/B088KT4MF4"
"","","117","Unique design Fanny Pack Hippie Bag Hip Bag Waist Pack Bag Festival Bag Travel waist pack / 100% cotton| FAIR TRADE | Handmade with Love","HIMALAYA HANDMADE","$30.00","0","0","$0","10/28/2020","...","2","5","","364356","Beauty & Personal Care","B07RFFPNXM","https://www.amazon.com/dp/B07RFFPNXM"
"","","118","Pro Advantage P159025 Cotton Ball Medium (Pack of 4000)","ProAdvantage","$26.40","0","0","$0","08/08/2017","$9.7","3","4.1","$16.70","281914","Industrial & Scientific","B074PTTF33","https://www.amazon.com/dp/B074PTTF33"
"","","119","Organic Essentials Cotton Balls Triple Size 80 Each (Pack of 11)","Swisspers","$43.05","0","0","$0","07/10/2016","...","0","","","685224","Beauty & Personal Care","B01IADX5BY","https://www.amazon.com/dp/B01IADX5BY"
"","","120","Maxim Hygiene Products Organic Cotton Balls Jumbo Size 100 ea (Pack of 3)","Maxim Hygiene Products","$17.32","1","0","$17","08/02/2016","$11.65","5","2.5","$5.67","535687","Beauty & Personal Care","B002K6CE56","https://www.amazon.com/dp/B002K6CE56"
"","","121","PT 2600 PT  2600- Cotton Balls Medium 500/Bg by Kendall Company","Covidien /Kendall","$9.10","0","0","$0","02/20/2019","...","1","5","","559693","Beauty & Personal Care","B00589RN08","https://www.amazon.com/dp/B00589RN08"
"","","122","Medium Cotton Ball Size: Medium 500/Bag","Kendall Healthcare Products","$6.49","0","0","$0","02/24/2019","...","2","5","","662065","Beauty & Personal Care","B0042TOVN2","https://www.amazon.com/dp/B0042TOVN2"
"","","123","Organic Cotton Balls - 200ct - up & up153;","up & up","$16.49","0","0","$0","06/10/2018","$10.48","2","5","$6.01","649965","Beauty & Personal Care","B07CKMBGJ2","https://www.amazon.com/dp/B07CKMBGJ2"
"","","124","Kendall Curity Cotton Balls - Large - Pack","Kendall","$7.00","0","0","$0","09/02/2013","$2.67","1","5","$4.33","501265","Beauty & Personal Care","B00AN2T8MG","https://www.amazon.com/dp/B00AN2T8MG"
"","","125","REXALL STERILE Cotton Ball 130CT","heb","$9.95","180","6","$1791","10/16/2021","$5.61","65","4.2","$4.34","84516","Health & Household","B09JN3B3H8","https://www.amazon.com/dp/B09JN3B3H8"
"","","126","Pure-Aid Cotton Rounds | Soft and Gentle | Hypoallergenic Cotton Pads | 100% Pure Cotton | Beauty Baby and Home Use | 80 count each | 3 Pack","Pure-Aid","$6.99","0","0","$0","02/16/2021","$2.89","80","4.1","$4.10","304073","Beauty & Personal Care","B08SVWLZJ1","https://www.amazon.com/dp/B08SVWLZJ1"
"","","127","Cotton Ball Curity Large 100% Cotton NonSterile Covidien KEN2601 200/BG","COVIDIEN","$6.99","...","...","...","03/07/2019","...","0","","","385441","...","B07PH2H6HM","https://www.amazon.com/dp/B07PH2H6HM"
"","","128","Medline Non-Sterile Cotton Balls Medium 2000 Count","Medline","$25.24","0","0","$0","02/08/2014","$7.19","20","3.6","$18.05","527738","Beauty & Personal Care","B0033UNFMY","https://www.amazon.com/dp/B0033UNFMY"
"","","129","White Cotton Wool Balls Pack of 200","Cotton Tree","$16.18","0","0","$0","04/16/2014","$10.21","1229","4.5","$5.97","678202","Arts Crafts & Sewing","B000PJEVVA","https://www.amazon.com/dp/B000PJEVVA"
"","","130","Cottontails Large Cotton Wool Balls - Pack of 100","Alfaw","$13.45","0","0","$0","08/13/2014","$7.89","11","3.7","$5.56","525646","Beauty & Personal Care","B007LNXFO2","https://www.amazon.com/dp/B007LNXFO2"
"","","131","ForPro Basic Medium Cotton Balls 100% Biodegradable Cotton Lint-Free 2000-Count (Pack of 4  500 Cotton Balls)","ForPro Professional Collection","$24.99","0","0","$0","...","$17.47","1","5","$7.52","685692","Beauty & Personal Care","B01IIAC0Y2","https://www.amazon.com/dp/B01IIAC0Y2"
"","","132","Organic Essentials Cotton Balls Triple Size 80 Each (Pack of 4)","Organic Essentials","$21.11","0","0","$0","...","$14.17","5","4","$6.94","743662","Beauty & Personal Care","B001E0ZRL2","https://www.amazon.com/dp/B001E0ZRL2"
"","","133","Medium Sized Cotton Balls (Pack of 1500)","Perfect Stix","$16.66","30","1","$500","09/25/2019","$6.23","3","4.2","$10.43","234995","Beauty & Personal Care","B07YFBHDS5","https://www.amazon.com/dp/B07YFBHDS5"
"","","134","Simply Soft Premium Cotton Pads 100% Natural and Lint-Free Cotton Hypoallergenic (330 Count)","Simply Soft","$12.99","90","3","$1169","04/20/2020","$5.25","200","4.3","$7.74","145768","Beauty & Personal Care","B087DLZS6D","https://www.amazon.com/dp/B087DLZS6D"
"","","135","ROYAL COTTON BALLS","Generic","","...","...","...","06/23/2022","...","0","","","1182042","...","B0B2XLMMKY","https://www.amazon.com/dp/B0B2XLMMKY"
"","","136","Swisspers Multicare Cotton Balls 200 Count","Swisspers","$11.20","0","0","$0","07/03/2012","$5.98","23","4.4","$5.22","477757","Beauty & Personal Care","B001T8I2T8","https://www.amazon.com/dp/B001T8I2T8"
"","","137","Pure Cotton Roll 100% High Absorbent Soft Rolled Cotton Ball Multipurpose Cotton use for Makeup Remover Salon Beauty Baby Care 500 Gram Pure Cotton Wool Rolls (Pack of 1)","The Hobby Bounty","$23.25","...","...","...","08/15/2021","...","17","3.4","","20734","...","B09CN9RQDW","https://www.amazon.com/dp/B09CN9RQDW"
"","","138","10 Pieces Double Shaded Color Cotton Balls Crochet Cotton Embroidery Thread Balls Size 8 Pearl Cotton Balls (10 Grams Each)","OSNICA","$15.00","0","0","$0","10/07/2021","$8.98","0","","$6.02","503280","Beauty & Personal Care","B09HQTQSVK","https://www.amazon.com/dp/B09HQTQSVK"
"","","139","Clarisse 3-in-1 Combo Pack Cotton Swabs Balls Pads 160 Count","Clarisse","$8.99","0","0","$0","...","$4.73","4","2.9","$4.26","640256","...","B074WZHGQP","https://www.amazon.com/dp/B074WZHGQP"
"","","140","Simply Soft Premium Cotton Rounds 100% Pure Cotton Absorbent Cotton Pads 100 Count (Pack of 6)","Simply Soft","$12.99","1067","35","$13860","11/29/2018","$5.25","1404","4.7","$7.74","76755","Beauty & Personal Care","B07L58SRFZ","https://www.amazon.com/dp/B07L58SRFZ"
"","","141","CURITY Cotton Balls Medium 500/PK","Electron Microscopy Sciences","$9.50","...","...","...","...","...","0","0","","","...","B00K3371WY","https://www.amazon.com/dp/B00K3371WY"
"","","142","Swisspers Supreme Jumbo Plus Cotton Balls 140 Count 5-Ounce (Pack of 24)","Swisspers","$62.16","0","0","$0","06/15/2008","$26.04","1","1","$36.12","587113","Beauty & Personal Care","B001B5CRHC","https://www.amazon.com/dp/B001B5CRHC"
"","","143","Swisspers Organic Triple Size Cotton Balls 80 ea - 2pc","Swisspers","$9.90","0","0","$0","...","...","2","5","","647497","Beauty & Personal Care","B01KCJ9Q8K","https://www.amazon.com/dp/B01KCJ9Q8K"
"","","144","Medline Non-Sterile Cotton Balls Large 2000 Count","Medline","$54.50","0","0","$0","12/11/2014","$42.56","6","4.8","$11.94","618460","Beauty & Personal Care","B0033UTMC6","https://www.amazon.com/dp/B0033UTMC6"
"","","145","Paper Stick Cotton Swabs - 360CT- Double Tipped Compact Quality Cotton Heads - Strong Toughness Handle - Multipurpose Safe Highly Absorbent","Keepeeda","$8.99","90","3","$809","01/22/2019","$4.5","134","4.4","$4.49","85448","Beauty & Personal Care","B07FXRM7N1","https://www.amazon.com/dp/B07FXRM7N1"
"","","146","Amoray Cotton Balls 100Ct Jumbo 4 Pack for Make-Up Nail Polish Removal Applying Oil Lotion or Powder Multi-Purpose Balls Made from 100% Natural Cotton Soft and Absorbent for Household Needs","Nicole Fantini","$14.45","0","0","$0","07/21/2021","...","12","3.3","","425676","Beauty & Personal Care","B09B2PXNG4","https://www.amazon.com/dp/B09B2PXNG4"
"","","147","Swisspers Cotton Squares 100% Cotton Quilted for Strength Reclosable Pouch 80 Count Bag","Swisspers","$9.49","8","0","$76","12/06/2003","$5.19","70","3.9","$4.30","104673","Beauty & Personal Care","B002T5IN5I","https://www.amazon.com/dp/B002T5IN5I"
"","","148","FOMIYES 5pcs Dental Cotton Rolls Highly Absorbent Cotton Mouth Swabs Cotton Ball Mouth Gauze for Dentists Oral Supplies (White)","FOMIYES","$9.19","...","...","...","06/08/2022","...","0","","","","...","B0B3MKQXFB","https://www.amazon.com/dp/B0B3MKQXFB"
"","","149","Covidien (n) Cotton Balls Medium Bg/500","Covidien (n)","$7.28","0","0","$0","...","$3.16","12","3.1","$4.12","574649","Beauty & Personal Care","B004PV8Q42","https://www.amazon.com/dp/B004PV8Q42"
"","","150","Wish Regular Cotton Balls 300 Count","My Sales","$7.99","0","0","$0","12/07/2019","...","67","3.4","","449011","Beauty & Personal Care","B07Y55J35B","https://www.amazon.com/dp/B07Y55J35B"
"","","151","Lutron Caseta Wireless Single-Pole/3-Way Smart Lighting Lamp Dimmer and Remote Kit | P-PKG1P-WH | White","Lutron","$49.95","1937","64","$96753","04/07/2014","$38.69","1230","4.8","$11.26","3546","Tools & Home Improvement","B00JJY1QG0","https://www.amazon.com/dp/B00JJY1QG0"
"","","152","Farmhouse Wreath Fall Wreath Teal Wreath Farmhouse Decor Blue Wreath Spring Wreath Door Wreath Wreaths Teal Home Decor Front Door Decor","WildRidge Design","$119.00","0","0","$0","07/29/2016","...","9","4.8","","113991","Handmade Products","B07FFHKZBK","https://www.amazon.com/dp/B07FFHKZBK"
"","","153","Medline MDS21460 Non-Sterile Cotton Balls Medium (Case of 4000)","Medline","$46.99","0","0","$0","09/06/2007","$-4.47","16","3.5","$51.46","670034","Beauty & Personal Care","B000VSZ20Y","https://www.amazon.com/dp/B000VSZ20Y"
"","","154","Tennis Ball Dog Collar - Blue & White With Bright Tennis Balls - 100% Cotton - 4 Sizes To Fit 9 to 27 Inches - 1 Inch Wide (Large 14-21')","Green Acorn Kitchen","$24.99","0","0","$0","07/05/2021","$18.32","3","5","$6.67","98230","Handmade Products","B07CKK8KKB","https://www.amazon.com/dp/B07CKK8KKB"
"","","155","KENDALL HEALTHCARE. Curity Cotton Prepping BallsNon-Sterile Absorbent Cotton Balls Large - 200 ea by KENDALL HEALTHCARE.","KENDALL HEALTHCARE","$7.54","0","0","$0","11/29/2013","$3.17","9","3.5","$4.37","750569","Beauty & Personal Care","B000GCPXW2","https://www.amazon.com/dp/B000GCPXW2"
"","","156","Japanese Organic Cotton Pads 100 pieces 100% Organic Unbleached [Made in Japan] (1 Pack)","AMOZA","$9.99","594","19","$5934","01/31/2017","$5.65","1581","4.6","$4.34","29572","Beauty & Personal Care","B079QHYX5H","https://www.amazon.com/dp/B079QHYX5H"
"","","157","Cotton Roll 100% Absorbent Non-Sterile Natural Corrton 16oz","D&D","$14.97","1","0","$15","03/17/2018","$6.93","20","4.5","$8.04","432685","Beauty & Personal Care","B072VWMFKN","https://www.amazon.com/dp/B072VWMFKN"
"","","158","Perfectware Cotton Balls 500ct","Perfectware","$9.58","0","0","$0","01/28/2019","$5.04","4","3.6","$4.54","768545","Beauty & Personal Care","B07N7WW9QQ","https://www.amazon.com/dp/B07N7WW9QQ"
"","","159","UP&UP Jumbo Cotton Balls - 100ct (Pack of 6)","UP&UP","$34.55","0","0","$0","09/24/2020","...","0","","","844943","Beauty & Personal Care","B08HR7N9V3","https://www.amazon.com/dp/B08HR7N9V3"
"","","160","Cotton Balls - 2000 ct.","Dynarex","$17.74","0","0","$0","08/31/2017","$7.75","2","3","$9.99","682944","Beauty & Personal Care","B00JMHW1RM","https://www.amazon.com/dp/B00JMHW1RM"
"","","161","MILKTOUCH Dark Spot Clearing Pad - Skin Clearing Exfoliating Pads 60 Sheets Minimizing Blemishes and Pigmentation Skin Smoothing for Even Texture & Tone Cruelty Free Vegan Fragrance Free","MILKTOUCH","$25.00","...","...","...","10/06/2021","$17.48","49","4.1","$7.52","220738","...","B09HX27LJ7","https://www.amazon.com/dp/B09HX27LJ7"
"","","162","Assured 100% Pure Cotton Balls 100-Count Each (2 Pack)","ASSURED","$9.25","0","0","$0","...","$4.97","7","3.4","$4.28","473806","Beauty & Personal Care","B01MA1FO90","https://www.amazon.com/dp/B01MA1FO90"
"","","163","Dealmed Cotton Balls Non-Sterile Conveniently Packed in Zip-Locked Bag 500 Count (Pack of 8)","Dealmed","$4.87","49","1","$239","04/27/2020","$-7.88","6","4.7","$12.75","186119","Beauty & Personal Care","B07WX13QZX","https://www.amazon.com/dp/B07WX13QZX"
"","","164","Organic Essentials Cotton Balls Triple Size 80 Each (Pack of 2)","Organic Essentials","$10.03","0","0","$0","09/15/2017","$4.99","11","3.9","$5.04","534660","Beauty & Personal Care","B001E0YBDM","https://www.amazon.com/dp/B001E0YBDM"
"","","165","Medline MDS21460 Non-sterile Cotton Balls (Pack of 2000)","Medline","$18.98","0","0","$0","02/21/2017","$9.1","5","3.6","$9.88","484931","Beauty & Personal Care","B06X9H9V79","https://www.amazon.com/dp/B06X9H9V79"
"","","166","CURITY Cotton Balls - Large - Bag","Covidien","$9.31","0","0","$0","...","...","1","5","","1336160","Beauty & Personal Care","B0006UOQ5O","https://www.amazon.com/dp/B0006UOQ5O"
"","","167","Large Cotton Balls 1000 Count","Dukal","$21.01","0","0","$0","06/04/2012","$10.53","5","4.7","$10.48","652519","Beauty & Personal Care","B00ECC4M0Q","https://www.amazon.com/dp/B00ECC4M0Q"
"","","168","Organic Essentials Cotton Balls Triple Size 80 Each (Pack of 12)","Organic Essentials","$44.35","30","1","$1331","08/10/2011","...","1","1","","151467","Beauty & Personal Care","B005GXFM7W","https://www.amazon.com/dp/B005GXFM7W"
"","","169","Kendall Cotton Ball Medium NonSterile - Pack","Kendall Drive","$9.10","0","0","$0","05/29/2011","...","1","3","","697161","Industrial & Scientific","B00AN2WFR6","https://www.amazon.com/dp/B00AN2WFR6"
"","","170","Peach Seafoam Gray White Felt Ball Garland- 6 ft string with 24 adjustable balls measuring 1' each - Handmade Wool Felt Ball Garland","Matthew + Mae","$17.95","0","0","$0","12/27/2016","$11.72","1","5","$6.23","21088","Handmade Products","B07ZS421ZQ","https://www.amazon.com/dp/B07ZS421ZQ"
"","","171","Q-tips Beauty Cotton Rounds 75 Count (Pack of 4)","Q-Tips","$19.20","450","15","$8640","04/23/2018","...","148","4.8","","24743","Beauty & Personal Care","B077JHRSWY","https://www.amazon.com/dp/B077JHRSWY"
"","","172","Amoray Cotton Balls 100Ct Jumbo 2 Pack","Amoray","$9.59","0","0","$0","12/12/2017","...","2","2.7","","574121","Beauty & Personal Care","B07833XBQH","https://www.amazon.com/dp/B07833XBQH"
"","","173","McKesson Premium Cotton Balls Non-Sterile Maximum Absorbency Large 1000 Count 2 Packs 2000 Total","McKesson","$30.44","0","0","$0","11/27/2017","...","0","","","371897","Industrial & Scientific","B077SNTB99","https://www.amazon.com/dp/B077SNTB99"
"","","174","Medline Industries DYND73032 Sterile Cotton Balls (Pack of 125)","Medline","$22.29","0","0","$0","09/12/2011","$15.18","3","2.7","$7.11","625233","Beauty & Personal Care","B004GC8FXW","https://www.amazon.com/dp/B004GC8FXW"
"","","175","Swisspers Multi Care Cotton Balls 100 ct (Pack of 3)","Swisspers","$8.70","0","0","$0","07/10/2016","...","1","2","","508427","Beauty & Personal Care","B01IAES2MU","https://www.amazon.com/dp/B01IAES2MU"
"","","176","Team Mascot Shirt Hawks Team Shirt Hawks Football Shirt Hawks Fan Shirt Hawks School Shirt Hawks School Spirit Hawks Basketball Tee","Generic","$16.97","0","0","$0","08/15/2021","...","0","","","39172","Handmade Products","B09S6CL85T","https://www.amazon.com/dp/B09S6CL85T"
"","","177","Cotton Balls 300ct","Soundbody","$8.99","0","0","$0","12/26/2020","...","3","3.4","","700661","Beauty & Personal Care","B08FKKH948","https://www.amazon.com/dp/B08FKKH948"
"","","178","Organyc 100% Organic Cotton Balls for Sensitive Skin 100 Count","Organyc","$10.43","0","0","$0","04/25/2017","...","6","4.8","","644473","Beauty & Personal Care","B01JN6EBME","https://www.amazon.com/dp/B01JN6EBME"
"","","179","Cotton Balls Jumbo Size for Facial Treatments Nails and Make-Up Removal Applying Tonics & Cleansers Multi-Purpose Soft Natural Cotton Balls","SION BIOTEXT","$6.49","...","...","...","...","...","0","","","","...","B0B2VS8FQY","https://www.amazon.com/dp/B0B2VS8FQY"
"","","180","Cotton Balls Kendall-Medium-4000/... Balls2600","Thorlight","$21.26","0","0","$0","...","...","0","","","696447","Beauty & Personal Care","B00HVAMQ04","https://www.amazon.com/dp/B00HVAMQ04"
"","","181","Corman Cotton Balls 100 ct Cotton Toiletries by ORGANYC","Organyc","$4.41","...","...","...","11/27/2019","...","0","","","","...","B018IXB25M","https://www.amazon.com/dp/B018IXB25M"
"","","182","Pro Advantage P159045 Cotton Ball Large (Pack of 2000)","ProAdvantage","$27.04","0","0","$0","08/08/2017","$9.86","1","5","$17.18","490742","Industrial & Scientific","B074PTTH41","https://www.amazon.com/dp/B074PTTH41"
"","","183","GREAT LAKES WHOLESALE Spectra 100 Count Balls100% Cotton Balls are Ideal for Cosmetic Use","GREAT LAKES WHOLESALE","$7.20","0","0","$0","...","$3.08","1","5","$4.12","846173","Beauty & Personal Care","B019TEEXS2","https://www.amazon.com/dp/B019TEEXS2"
"","","184","Jumbo Amoray care white cotton balls 100 count","Amoray","$9.50","0","0","$0","10/25/2015","$4.97","0","","$4.53","915833","Beauty & Personal Care","B0176N4LUS","https://www.amazon.com/dp/B0176N4LUS"
"","","185","Artibetter Cotton Coil Kit For Hair Perm Cleaning Beauty Diposable Cotton Ball Makeup Cotton Hairdressing Tools (200g)","ARTIBETTER","$17.29","0","0","$0","04/09/2021","$10.93","0","","$6.36","954673","Beauty & Personal Care","B087CQ99JM","https://www.amazon.com/dp/B087CQ99JM"
"","","186","ForPro Premium Cotton Roll for Cosmetic Application and Product Removal Medical-Grade White 12 Wide 1 Lb.","ForPro Professional Collection","$12.99","1","0","$13","07/12/2017","$5.9","7","4.7","$7.09","213804","Beauty & Personal Care","B01N5ODIKT","https://www.amazon.com/dp/B01N5ODIKT"
"","","187","Soccer Beach Towel - Hot Pink Polka Dots Sports Lightweight Pool Towel Personalized Name Gift","PurpleBerryInk","$35.00","0","0","$0","05/18/2017","...","0","","","90252","Handmade Products","B07D91CW6S","https://www.amazon.com/dp/B07D91CW6S"
"","","188","Indian Decorative Cotton Fabric Lamp Shade Handmade Cotton Lantern Collapsible Vintage Embroidered Chandelier Lampshade Christmas decor","HANDICRAFTOFPINKCITY","$16.00","0","0","$0","08/09/2018","...","5","4.3","","109455","Handmade Products","B07ZKHPGDM","https://www.amazon.com/dp/B07ZKHPGDM"
"","","189","Organyc 100% Certified Organic Cotton Balls 300 Count","Organyc","$13.95","0","0","$0","10/01/2014","$8.09","24","4.1","$5.86","612011","Beauty & Personal Care","B00JBA1I5Q","https://www.amazon.com/dp/B00JBA1I5Q"
"","","190","Cotton Ball Hsi Sterile Medium - Pack of 500","Henry Schein Private Label","$14.50","0","0","$0","02/14/2019","...","0","","","812062","Industrial & Scientific","B07NSGRD8C","https://www.amazon.com/dp/B07NSGRD8C"
"","","191","Swisspers Cotton Balls Jumbo Plus Size 70 Count","Swisspers","$13.00","0","0","$0","03/25/2019","$4.02","27","3.6","$8.98","500655","Beauty & Personal Care","B07PX3V3VK","https://www.amazon.com/dp/B07PX3V3VK"
"","","192","4 Inch Decorative Cotton Ball Pod Orb Sphere for Home Decor Vase Bowl Filler Planters Trays Lanterns Weddings Parties Farmhouse Rustic Style Decoration Brown Handmade","Wreath and Vine LLC","$14.95","0","0","$0","05/15/2017","...","1","4","","203927","Handmade Products","B07NCFC2MR","https://www.amazon.com/dp/B07NCFC2MR"
"","","193","Exceart 1 Pack of Cotton Coil Cotton Beauty Coil Cotton Manicure Cotton Professional Cotton Ball for Salon Shop Room","EXCEART","$9.89","0","0","$0","06/03/2020","$5.33","1","3","$4.56","1118222","Beauty & Personal Care","B086PQD8ZY","https://www.amazon.com/dp/B086PQD8ZY"
"","","194","Dynarex Corporation (n) Cotton Balls Non Sterile Medium Pk/2000","Dynarex","$17.74","0","0","$0","...","...","2","5","","767395","Beauty & Personal Care","B00J874A2U","https://www.amazon.com/dp/B00J874A2U"
"","","195","Genuine Mexican HANDMADE TORTILLA WARMER perfect for pancakes bread or Taco Tuesday. Resin covered with thermal raffia container MADE IN MEXICO | Line: Eleganza","HASTA LA RAIZ","$42.90","0","0","$0","10/25/2020","$30.04","8","4.7","$12.86","166393","Handmade Products","B08QDWS22P","https://www.amazon.com/dp/B08QDWS22P"
"","","196","Pastel Rainbow Felt Ball Garland- 6 ft string with 24 adjustable balls measuring 1' each - Handmade Wool Felt Ball Garland","Matthew + Mae","$17.95","0","0","$0","12/27/2016","$11.72","3","5","$6.23","34860","Handmade Products","B07YNWC9YF","https://www.amazon.com/dp/B07YNWC9YF"
"","","197","Dynarex Cotton Ball M 2/2000/Cs (4M)","Dynarex","$31.64","0","0","$0","02/20/2018","$21.75","0","","$9.89","868054","Beauty & Personal Care","B005CFLCNC","https://www.amazon.com/dp/B005CFLCNC"
"","","198","Dynarex Cotton Ball Med N/S - 2/2000/Cs (4M)","Dynarex","$17.74","0","0","$0","...","...","0","","","1098065","...","B00Q2LGOTC","https://www.amazon.com/dp/B00Q2LGOTC"
"","","199","McKesson Premium Cotton Balls Non-Sterile Maximum Absorbency Large 1000 Count 1 Pack","McKesson","$31.90","0","0","$0","03/31/2014","...","1","5","","695307","Industrial & Scientific","B00JEMH1WU","https://www.amazon.com/dp/B00JEMH1WU"
"","","200","Cotton Balls Large Non STERILE","COVIDIEN","$7.71","0","0","$0","...","...","3","4.3","","808210","Health & Household","B00427LZYM","https://www.amazon.com/dp/B00427LZYM"
"","","201","Organic Essentials Cotton Balls Triple Size 80 Each (Pack of 9)","Swisspers","$25.36","0","0","$0","07/10/2016","...","1","5","","1127969","Beauty & Personal Care","B01IADWXNU","https://www.amazon.com/dp/B01IADWXNU"
"","","202","6 Inch Decorative Cotton Ball Pod Orb Sphere for Home Decor Vase Bowl Filler Planters Trays Lanterns Weddings Parties Farmhouse Rustic Style Decoration Brown Handmade","Wreath and Vine LLC","$19.95","0","0","$0","05/15/2017","...","1","5","","216932","Handmade Products","B07Y465S3K","https://www.amazon.com/dp/B07Y465S3K"
"","","203","Ultra Thin No Lint Facial Cotton Pads 200ct 2'x5.5' Strip Multi-Purpose Lint-Free Face Toner Wipes for Removing Nail Polish and Makeup Skincare DIY Sheet Mask","Rooniess","$8.99","0","0","$0","09/24/2020","$4.73","40","4.3","$4.26","280354","Beauty & Personal Care","B08MZ6L2X5","https://www.amazon.com/dp/B08MZ6L2X5"
"","","204","Large Colorful Bird Nesting Ball Filled with Wool Nesting Material For Outside Wild Birds - With Refill - Bird Watching Decor","Generic","$37.99","0","0","$0","03/10/2019","$28.52","0","","$9.47","81846","Handmade Products","B09K7XTLCR","https://www.amazon.com/dp/B09K7XTLCR"
"","","205","Sullivans 35605 Pearl Cotton Balls Size 8/10g Cream","Sullivans","$13.17","0","0","$0","04/03/2004","...","10","4.5","","2179499","Home & Kitchen","B011Q1I9Z4","https://www.amazon.com/dp/B011Q1I9Z4"
"","","206","Game Day Shirt Football T-Shirt College Football Mom Shirt Baseball Mom Shirt Game day Vibes T-Shirt Sports Outfit Game Tee","...","$19.99","0","0","$0","06/06/2021","$13.45","9","4.5","$6.54","15992","Handmade Products","B095M8P6D2","https://www.amazon.com/dp/B095M8P6D2"
"","","207","daylogic - Premium Exfoliating Cotton Rounds Multipack - Pack of 3 80 Count Per Pack","Daylogic","$32.21","0","0","$0","08/27/2019","$23.61","13","4.2","$8.60","405429","Beauty & Personal Care","B075DJ1ZZW","https://www.amazon.com/dp/B075DJ1ZZW"
"","","208","Kitchen dish towel I stole a ball from the Christmas Tree Pug dog pet funny cute Kitchen Decor drying cloth100% COTTON","Epic Designs","$13.99","0","0","$0","09/30/2021","...","1","5","","210718","Handmade Products","B09J9BHRQZ","https://www.amazon.com/dp/B09J9BHRQZ"
"","","209","Non Sterile Cotton Ball Size: Large 1000/pack","Dynarex","$17.05","0","0","$0","...","...","0","","","832488","Beauty & Personal Care","B0042TSRB4","https://www.amazon.com/dp/B0042TSRB4"
"","","210","Nautical Knot Ball Cotton Rope Dog Toy","Mystic Knotwork","$24.00","0","0","$0","10/26/2016","...","37","4.4","","90118","Handmade Products","B072JD8BFF","https://www.amazon.com/dp/B072JD8BFF"
"","","211","White Rabbit Cotton Pads for Face 500 Count - Premium 100% Cotton - Classic Perfect for DIY Toner Mask Makeup Remover Pads Lint-Free Hypoallergenic Chemical Free","White Rabbit","$34.99","4489","149","$157070","03/28/2021","...","2042","4.7","","4999","Beauty & Personal Care","B08WCKF2Q1","https://www.amazon.com/dp/B08WCKF2Q1"
"","","212","Maxim Hygiene Products Organic Cotton Balls - 100 Cotton Balls","Maxim Hygiene Products","$8.52","0","0","$0","...","$4.3","1","5","$4.22","982463","Beauty & Personal Care","B002K6BX7G","https://www.amazon.com/dp/B002K6BX7G"
"","","213","Dynarex Cotton Ball Lg N/S - 2/1000/Cs (2M)","Dynarex","$28.19","0","0","$0","...","...","0","","","909558","Beauty & Personal Care","B00Q2LG3GG","https://www.amazon.com/dp/B00Q2LG3GG"
"","","214","McKesson Sterile Medium Cotton Balls 187115P 500 per Box","McKesson","$20.56","0","0","$0","10/17/2019","$13.71","0","","$6.85","663800","Industrial & Scientific","B09RLRTNK9","https://www.amazon.com/dp/B09RLRTNK9"
"","","215","Loaded Lids Customized Women's Monogrammed High Ponytail Cap Monogrammed Hat Side Monogram","LoadedLids","$24.00","0","0","$0","10/16/2018","...","12","5","","44782","Handmade Products","B07QXLSQ9M","https://www.amazon.com/dp/B07QXLSQ9M"
"","","216","Fantasea Cotton Coil 2 Count","Fantasea","$16.00","0","0","$0","11/20/2011","$9.83","82","4.3","$6.17","431673","Beauty & Personal Care","B000NIY9JM","https://www.amazon.com/dp/B000NIY9JM"
"","","217","Swisspers Cotton Squares 80 Count Multi-Care Quilted (6 Pack)","Swisspers","$33.58","0","0","$0","...","...","4","3.6","","395031","Beauty & Personal Care","B00G4EMYSC","https://www.amazon.com/dp/B00G4EMYSC"
"","","218","1/3 Cotton Pad","Pyunkang Yul","$13.00","0","0","$0","05/19/2021","$7.51","33","4.1","$5.49","372604","Beauty & Personal Care","B07L3B16Z7","https://www.amazon.com/dp/B07L3B16Z7"
"","","219","White Felt Ball Garland- 6 ft string with 24 adjustable balls measuring 1' each - Handmade Wool Felt Ball Garland- Christmas Winter Home Decor","Matthew + Mae","$17.95","0","0","$0","12/27/2016","$12.34","7","4","$5.61","58451","Handmade Products","B07YNV9P8L","https://www.amazon.com/dp/B07YNV9P8L"
"","","220","Swisspers Cotton Ovals 50 Count","Swisspers","$6.72","5","0","$34","02/24/2010","$2.64","105","4.6","$4.08","219747","Beauty & Personal Care","B001FV2NOY","https://www.amazon.com/dp/B001FV2NOY"
"","","221","Swisspers Premium Ultra Soft Facial Cleansing Cotton Pads 50 ea (Pack of 2)","Swisspers","$14.99","4","0","$60","11/20/2016","$8.97","180","4.6","$6.02","153844","Beauty & Personal Care","B00S6DEJ2S","https://www.amazon.com/dp/B00S6DEJ2S"
"","","222","Assured: Cotton Balls; Cotton Rounds; Cotton Swabs 100% Pure Cotton Kit","ASSURED","$14.99","0","0","$0","...","$8.97","0","","$6.02","353727","Beauty & Personal Care","B01MEC4L19","https://www.amazon.com/dp/B01MEC4L19"
"","","223","Red Green Aqua White Yellow Handmade Wool Felt Ball Garland by Sheep Farm Felt 7 feet long with 28 felt balls","Sheep Farm Felt","$19.95","0","0","$0","10/08/2015","$13.42","74","4.9","$6.53","36088","Handmade Products","B076N16YQC","https://www.amazon.com/dp/B076N16YQC"
"","","224","Oklahoma Joe's Longhorn Reverse Flow Smoker Black","Oklahoma Joe's","$799.00","65","2","$51935","04/21/2017","$394.7","333","4.5","$404.30","82304","Patio Lawn & Garden","B01KJGBEYK","https://www.amazon.com/dp/B01KJGBEYK"
"","","225","Corman Cotton Balls 100 ct Cotton Toiletries by ORGANYC","Organyc","$8.48","0","0","$0","12/14/2016","...","4","5","","904149","Beauty & Personal Care","B00EZMK2ZM","https://www.amazon.com/dp/B00EZMK2ZM"
"","","226","Daylogic Premium Cotton Rounds 3 Packs of 80 - 240 Count","Daylogic","$6.99","...","...","...","03/01/2017","$2.66","34","4.7","$4.33","404822","...","B06XD7YGWN","https://www.amazon.com/dp/B06XD7YGWN"
"","","227","Swisspers Super Jumbo Cotton Balls 70 ea (Pack of 10)10","Swisspers","$32.04","0","0","$0","06/14/2017","...","2","2.9","","939807","Beauty & Personal Care","B01IADZAJ4","https://www.amazon.com/dp/B01IADZAJ4"
"","","228","Cotton Balls","Generic","$6.25","...","...","...","10/31/2021","...","0","","","1071363","...","B09KT6Y2ZF","https://www.amazon.com/dp/B09KT6Y2ZF"
"","","229","Lurrose 300 Pieces Cotton Balls Jumbo Size Cotton Balls Absorbent Makeup Pure Cotton Supplies for","Lurrose","$17.19","...","...","...","...","...","0","","","1259260","...","B09NR71MNJ","https://www.amazon.com/dp/B09NR71MNJ"
"","","230","Berkley Jensen Super Jumbo Cotton Balls 4 pk./100 ct. (pack of 6)","Berkley and Jensen","$90.00","0","0","$0","12/04/2017","...","0","","","1302780","Beauty & Personal Care","B07172PGRB","https://www.amazon.com/dp/B07172PGRB"
"","","231","Swisspers Premium 100% Natural Cotton Rounds Hypoallergenic Reclosable Bags 100-Count Bags 3-Pack (300 Count Total)","Swisspers","$12.20","48","1","$586","05/15/2021","$6.6","60","4.6","$5.60","113949","Beauty & Personal Care","B091D7T4N8","https://www.amazon.com/dp/B091D7T4N8"
"","","232","Loaded Lids Customized Choose NameGigi Hat Gift for Gigi Gigi Baseball Or Ponytail Cap","LoadedLids","$24.00","0","0","$0","02/10/2019","...","4","5","","82207","Handmade Products","B07YN8LS6N","https://www.amazon.com/dp/B07YN8LS6N"
"","","233","Reusable 100% Cotton Facial Rounds - 8 count Makeup Remover Made in USA","NuAngel","$12.99","8","0","$104","04/02/2020","...","13","4.4","","466010","Beauty & Personal Care","B07L47PK4S","https://www.amazon.com/dp/B07L47PK4S"
"","","234","Grab Your Balls It's Canning Season Retro Flour Sack Towel","Maple Leaf Market","$13.95","0","0","$0","05/29/2020","$8.94","11","4.8","$5.01","62942","Handmade Products","B08KRR88HV","https://www.amazon.com/dp/B08KRR88HV"
"","","235","Ball Mom Hat - Baseball & Soccer | DISTRESSED Baseball Cap OR Ponytail Hat | Personalized Soccer and Baseball Mom Hat","Sew Vivid Designs","$26.99","0","0","$0","02/11/2019","$19.17","1","4","$7.82","228708","Handmade Products","B0B1PB14S8","https://www.amazon.com/dp/B0B1PB14S8"
"","","236","KinHwa Reusable Makeup Remover Pads Microfiber Face Cloths Washable Round Face Pads for Cleansing 12 Pack Soft Make up Removal Pads Light-brown","KinHwa","$11.59","48","1","$556","06/25/2021","$6.31","94","4.7","$5.28","212455","Beauty & Personal Care","B093WNPFN2","https://www.amazon.com/dp/B093WNPFN2"
"","","237","NuValu Cotton Swabs Multi-Purpose Double Tipped 100% Pure Cotton (1000 Count)","JC Sales","$8.49","86","2","$730","03/31/2018","...","572","3.4","","121695","Beauty & Personal Care","B079F9BYMJ","https://www.amazon.com/dp/B079F9BYMJ"
"","","238","White rabbit Premium 100% Cotton Pads for face (50 Count) Unbleached DIY Toner Mask Makeup Remover Cotton Rounds Lint-Free Hypoallergenic Chemical Free","White Rabbit","$6.99","...","...","...","03/27/2022","$2.89","26","4.6","$4.10","207095","...","B09WMPRKXC","https://www.amazon.com/dp/B09WMPRKXC"
"","","239","Beavorty 100% Cotton Balls 400Pcs Non Sterile Cotton Balls Soft and Absorbent for Wound Care Dentists Medical Make up","Beavorty","$11.89","...","...","...","...","...","0","","","","...","B0B886M1Y1","https://www.amazon.com/dp/B0B886M1Y1"
"","","240","Tulips 50 Cotton Balls 100% Pure Cotton for Nail Polish and Make-Up Removal Applying Oil Lotion or Powder Perfect for Multi-Purpose Use Soft and Absorbent (50 Count) (Pack of 2)","Storite","$7.99","0","0","$0","...","$3.81","0","","$4.18","1177918","Beauty & Personal Care","B083WGZWYW","https://www.amazon.com/dp/B083WGZWYW"
"","","241","Maxim Natural Cotton Rounds Cotton Balls Cotton Swabs Travel Pack With Facial Wipes Combo Pack Eco-Friendly Chlorine-Free Cotton Beauty Products 5 Pack 220 Count","MAXIM","$10.25","0","0","$0","06/22/2020","...","10","4.2","","731626","Beauty & Personal Care","B07Z35CMYJ","https://www.amazon.com/dp/B07Z35CMYJ"
"","","242","SAJ Distributors 1010420 Jumbo Cotton Ball 70 Count (Pack of 24)","SAJ Distributors","$39.81","...","...","...","06/19/2017","$22.24","0","","$17.57","","...","B072XR2616","https://www.amazon.com/dp/B072XR2616"
"","","243","FRCOLOR 300pcs Cotton Balls cotton balls bulk small cotton balls makeup remover cotton balls Soft Multipurpose Cotton","FRCOLOR","$11.64","...","...","...","...","...","0","","","","...","B0B8SZ87D4","https://www.amazon.com/dp/B0B8SZ87D4"
"","","244","'Arizona' Handmade Wool Felt Ball Garland by Sheep Farm Felt- Coral Mint Navy Mustard Peach & Cream Felt Ball Garland Pom Pom Garland. 2.5 cm balls.","Sheep Farm Felt","$20.00","0","0","$0","10/07/2015","...","72","4.9","","31377","Handmade Products","B016CNBW2S","https://www.amazon.com/dp/B016CNBW2S"
"","","245","Design Your Own Felt Ball Garland- 1' (2.5 cm) Wool Felt Balls","Matthew + Mae","$11.95","0","0","$0","12/27/2016","...","56","4.5","","18912","Handmade Products","B06XB3ZMW6","https://www.amazon.com/dp/B06XB3ZMW6"
"","","246","Equate Beauty Premium Cotton Rounds Facial Pads - 100ct Premium Rounds","Equate","$8.17","0","0","$0","...","...","5","4.8","","369350","Beauty & Personal Care","B074CKVHFM","https://www.amazon.com/dp/B074CKVHFM"
"","","247","Blue & Gray Felt Ball Garland- 6 ft string with 24 adjustable balls measuring 1' each - Handmade Wool Felt Ball Garland- Boy Decor Winter Christmas Hanukkah","Matthew + Mae","$17.95","0","0","$0","12/27/2016","$11.72","5","4.3","$6.23","99965","Handmade Products","B07YNW761G","https://www.amazon.com/dp/B07YNW761G"
"","","248","Kitchen dish towel I stole a ball from the Christmas Tree Cat pet funny cute Kitchen Decor drying cloth100% COTTON","Epic Designs","$13.99","0","0","$0","09/30/2021","...","1","5","","218701","Handmade Products","B09J9VHS3D","https://www.amazon.com/dp/B09J9VHS3D"
"","","249","Organic Essentials Oe Cotton Balls Og2 Cotton Ball - 80 Pieces per Pack - 6 Packs per case.","Organic Essentials","$24.81","0","0","$0","08/10/2011","$17.55","1","1","$7.26","1266964","Beauty & Personal Care","B005GWXWPW","https://www.amazon.com/dp/B005GWXWPW"
"","","250","Mason Jar 5 Piece Bathroom Set *Soap Lotion Pump Dispenser Toothbrush holder Q-tip Cotton ball Makeup Brush Quart vase *CUSTOMIZE COLORS *Painted Ball Jars *Kitchen Counter Centerpiece Decor","Wooden Hearts","$63.99","0","0","$0","07/22/2019","...","1","5","","293594","Handmade Products","B07VPBY2HB","https://www.amazon.com/dp/B07VPBY2HB"
"","","251","White Pearl Ball Chain Necklace Sterling Silver Gift For Her","Startwithstone","$20.00","0","0","$0","01/08/2016","...","19","4.2","","87943","Handmade Products","B01AEA4O20","https://www.amazon.com/dp/B01AEA4O20"
"","","252","Spectra 100 Count Jumbo Cotton Balls Case Pack 48","DDI","$8.32","...","...","...","...","...","1","1","","1301108","...","B00AIYGIBI","https://www.amazon.com/dp/B00AIYGIBI"
"","","253","Lurrose 300pcs Cotton Balls Soft Multipurpose Cotton Balls Small Makeup Remover Pads for Makeup Remover Nail Polish Applying Lotions","Lurrose","$12.05","...","...","...","...","...","0","","","","...","B0B5F2S431","https://www.amazon.com/dp/B0B5F2S431"
"","","254","Simply Gentle Organic Cotton - Pack of 100 Balls","Simply Gentle","$9.35","0","0","$0","01/08/2014","$5.06","108","4.6","$4.29","1019199","Beauty & Personal Care","B005L6JN9M","https://www.amazon.com/dp/B005L6JN9M"
"","","255","Cotton Balls. Case of 2000 Large Cotton Balls for Wound Care. Soft and Absorbent 100% Cotton. Non-sterile Cotton. Soft White Single use Latex-Free.","Dukal","$114.12","0","0","$0","10/09/2019","...","1","5","","1225126","Industrial & Scientific","B07YYC994L","https://www.amazon.com/dp/B07YYC994L"
"","","256","Organyc Cotton Balls - 100 Percent Organic Cotton - Beauty - 100 Count (Pack of 2)","Organyc","$13.78","...","...","...","03/13/2017","...","1","3","","972229","...","B06XK77ZGV","https://www.amazon.com/dp/B06XK77ZGV"
"","","257","SINWUAS Portable 50 Cotton Swabs 10 Cotton Balls 20 Cotton Pads 80 Piece Makeup or Makeup Remover Set (Green)","SINWUAS","$15.99","...","...","...","07/25/2022","...","0","","","","...","B0B7KLY3X2","https://www.amazon.com/dp/B0B7KLY3X2"
"","","258","Pink Black White Felt Ball Swirl and Dot Garland- Children Home Decor Valentine's Holiday- 1' (2.5 cm) Wool Felt Balls","Matthew + Mae","$13.95","0","0","$0","01/12/2017","...","0","","","123794","Handmade Products","B07MKXGC36","https://www.amazon.com/dp/B07MKXGC36"
"","","259","Carolina Cotton Pro 100% Cotton Professional Pack Coil (1 Box)","CAROLINA COTTON","$7.83","0","0","$0","09/10/2018","...","5","4.7","","663016","Beauty & Personal Care","B07H39DWFN","https://www.amazon.com/dp/B07H39DWFN"
"","","260","'Purple Ombre' Handmade Wool Felt Ball Garland by Sheep Farm Felt- Purple Gray White Pom Pom Garland. 2.5 cm balls.","Sheep Farm Felt","$18.00","0","0","$0","09/29/2015","...","11","4.8","","42301","Handmade Products","B015TS7WF8","https://www.amazon.com/dp/B015TS7WF8"
"","","261","Felt Ball Pom Pom Garland- Ice Blue Gray Almond White- 1' (2.5 cm) Wool Felt Balls","Matthew + Mae","$11.95","0","0","$0","12/27/2016","...","12","5","","76870","Handmade Products","B01N5JZJUO","https://www.amazon.com/dp/B01N5JZJUO"
"","","262","Kitchen dish towel I stole a ball from the Christmas Tree Boston Terrier dog pet funny cute Kitchen Decor drying cloth100% COTTON","Epic Designs","$13.99","0","0","$0","09/30/2021","...","2","2.9","","142876","Handmade Products","B09JB1GKP2","https://www.amazon.com/dp/B09JB1GKP2"
"","","263","Carolina Cotton 3lbs by Carolina","CAROLINA COTTON","$39.97","0","0","$0","07/17/2012","...","6","3.4","","580180","Beauty & Personal Care","B008MNN6QC","https://www.amazon.com/dp/B008MNN6QC"
"","","264","Santa Swirl Felt Ball Garland- Red Black & White Christmas Decor- 1' (2.5 cm) Wool Felt Balls","Matthew + Mae","$11.95","0","0","$0","01/12/2017","...","1","5","","93598","Handmade Products","B07M6DFTFV","https://www.amazon.com/dp/B07M6DFTFV"
"","","265","Farmhouse Cotton Ball'Hi' Wreath 18 Inches Blue White & Natural","The Welcome Circle Wreaths & Home Decor","$79.90","...","...","...","06/22/2020","...","0","","","","...","B08BQP7SBT","https://www.amazon.com/dp/B08BQP7SBT"
"","","266","'Aqua Ombre' Handmade Felt Ball Garland by Sheep Farm Felt- Ivory Aqua Mint Teal Pom Pom Garland. 28 one inch felt balls on 7 ft string.","Sheep Farm Felt","$20.00","0","0","$0","02/17/2016","...","15","4.6","","117127","Handmade Products","B01BXBVOX6","https://www.amazon.com/dp/B01BXBVOX6"
"","","267","PERCHED Natural Stacking Rocks Wooden Blocks Montessori Puzzle Game Open Ended Toys Wood Balancing Stones Set (6 Pc)","PERCHED","$23.97","0","0","$0","10/20/2020","$16.6","79","4.6","$7.37","31953","Handmade Products","B08KJ3GDRG","https://www.amazon.com/dp/B08KJ3GDRG"
"","","268","Winning Is For The Birds Shirt Bradley Cooper Philly Football Super Fan T-Shirt Funny Cotton Short Sleeve","fox karma","$15.00","0","0","$0","09/06/2017","...","3","5","","154037","Handmade Products","B0789TDSDS","https://www.amazon.com/dp/B0789TDSDS"
"","","269","CURITY Cotton Balls Curity Ctn Ball Prep Lg (1 CASE 2000 EACH)","COVIDIEN","$47.93","0","0","$0","08/22/2018","...","0","","","2045102","Beauty & Personal Care","B007AZ3R94","https://www.amazon.com/dp/B007AZ3R94"
"","","270","17818934 Cotton Balls Medium 500/Bg Sold as Bag Pt 2600 by Covidien","Covidien (n)","$7.28","0","0","$0","02/19/2014","...","0","","","1652111","Industrial & Scientific","B00427N03G","https://www.amazon.com/dp/B00427N03G"
"","","271","Red Turquoise and White Felt Ball Garland- 1' (2.5 cm) Wool Felt Balls","Matthew + Mae","$11.95","0","0","$0","12/27/2016","...","1","5","","83557","Handmade Products","B07LDDZWHK","https://www.amazon.com/dp/B07LDDZWHK"
"","","272","Kendall CURITY Cotton Prepping Balls - Sku KND2601_CS10","KENDALL/COVIDIEN","$16.39","...","...","...","...","...","0","","","1874662","...","B003C0Z9XI","https://www.amazon.com/dp/B003C0Z9XI"
"","","273","Cleocotton Cotton Balls (200 Count)  Egyptian Cotton","Cleocotton","$9.99","...","...","...","07/25/2022","...","0","","","","...","B0B7KWVBGB","https://www.amazon.com/dp/B0B7KWVBGB"
"","","274","Teal Brown Orange Fall Autumn Felt Ball Garland- Brown- Halloween Thanksgiving Pumpkin- 1' (2.5 cm) Wool Felt Balls","Matthew + Mae","$11.95","0","0","$0","01/12/2017","...","9","4","","80421","Handmade Products","B08C38HF21","https://www.amazon.com/dp/B08C38HF21"
"","","275","Tennis Ball Fabric Button Earrings","Rachel O's","$8.50","0","0","$0","09/22/2015","...","0","","","22892","Handmade Products","B015P88698","https://www.amazon.com/dp/B015P88698"
"","","276","'Vanilla Gold' Handmade Felt Ball Garland by Sheep Farm Felt- Cream Ivory Gold Pom Pom Garland Wool and Wood Felt Ball Metallic garland. 2.5 cm balls.","Sheep Farm Felt","$23.50","0","0","$0","04/18/2016","...","4","2.9","","89065","Handmade Products","B01EIFUJ0I","https://www.amazon.com/dp/B01EIFUJ0I"
"","","277","Cotton Balls Medium","Dynarex","$21.28","0","0","$0","07/04/2015","...","1","5","","1262333","Beauty & Personal Care","B014I11II4","https://www.amazon.com/dp/B014I11II4"
"","","278","Dynarex Cotton Balls Medium Nonsterile (Bag of 2000 Each)","Dynarex","$17.74","0","0","$0","10/12/2018","$7.45","1","1","$10.29","1960014","Beauty & Personal Care","B00JWS5CTK","https://www.amazon.com/dp/B00JWS5CTK"
"","","279","Maxim Hygiene Products Organic Cotton Balls Jumbo Size 100 ea (Pack of 6)","Maxim Hygiene Products","$29.09","0","0","$0","08/01/2009","$12.75","1","2","$16.34","2045403","Beauty & Personal Care","B0049RDE8A","https://www.amazon.com/dp/B0049RDE8A"
"","","280","Swisspers Premium Cotton Squares Pillows 100 ea (Pack of 5)","Swisspers","$28.60","0","0","$0","07/10/2016","...","5","5","","658938","Beauty & Personal Care","B01IAFEUAM","https://www.amazon.com/dp/B01IAFEUAM"
"","","281","Pastel Rainbow Felt Ball Garland- Spring Easter- 1' (2.5 cm) Wool Felt Balls","Matthew + Mae","$11.95","0","0","$0","12/27/2016","...","55","4.6","","68650","Handmade Products","B01N0VEB16","https://www.amazon.com/dp/B01N0VEB16"
"","","282","Toddler Boys Kickee Pants - Perfect for Sport Fans - Handmade from Black and White Soccer Print Cotton","Sew What's Nice","$17.99","0","0","$0","10/04/2019","$11.75","1","5","$6.24","275933","Handmade Products","B07VLXFX5M","https://www.amazon.com/dp/B07VLXFX5M"
"","","283","COTTON LABO Organic Cotton Large Puff 0.23 Pound","Organic","$6.25","3","0","$19","07/23/2014","$2.21","287","4.7","$4.04","276810","Beauty & Personal Care","B000TCEXOS","https://www.amazon.com/dp/B000TCEXOS"
"","","284","CURITY Cotton Balls-Sterility Non-Sterile Size Large - Case of 2000","COVIDIEN","$31.63","...","...","...","10/04/2013","...","0","","","","...","B00FNV1SAW","https://www.amazon.com/dp/B00FNV1SAW"
"","","285","Felt Ball Garland- Brown and Orange- 1' (2.5 cm) Wool Felt Balls- Fall Autumn Halloween Thanksgiving Pumpkin","Matthew + Mae","$11.95","0","0","$0","01/12/2017","...","47","4.3","","66053","Handmade Products","B073HKDCY7","https://www.amazon.com/dp/B073HKDCY7"
"","","286","Pearl Ball Necklace Sterling Silver Chain Floating Cluster Freshwater Pearl Cotton Ball","Startwithstone","$20.00","...","...","...","09/12/2020","...","0","","","","...","B08HY7F8FB","https://www.amazon.com/dp/B08HY7F8FB"
"","","287","Baseball Heart Leopard - Baseball fan Play ball Baseball Mom Mom life shirt Funny Mom Shirt Tired as a Mother Mothers day gift","...","$23.00","0","0","$0","02/14/2018","...","0","","","182245","Handmade Products","B091QB4HZH","https://www.amazon.com/dp/B091QB4HZH"
"","","288","3 Piece Mason Jar Bathroom Set *Painted Ball Jars *Kitchen Counter Centerpiece Decor *Soap Lotion Pump Dispenser Toothbrush holder Q-tip Cotton ball Makeup Brush Quart vase *CUSTOMIZE COLORS","Wooden Hearts","$48.99","0","0","$0","07/22/2019","...","2","5","","259988","Handmade Products","B07VPBXSXR","https://www.amazon.com/dp/B07VPBXSXR"
"","","289","Bookcase Assembly - 3 to 5 Shelves","Amazon Home Services","$42.48","...","...","...","06/29/2015","...","0","","","106","...","B00STRXAQM","https://www.amazon.com/dp/B00STRXAQM"
"","","290","Maxim Hygiene Products Organic Cotton Balls Jumbo Size 100 ea (Pack of 5)","Maxim Hygiene Products","$25.47","0","0","$0","08/03/2017","$14.62","1","5","$10.85","993765","Beauty & Personal Care","B002K66A3S","https://www.amazon.com/dp/B002K66A3S"
"","","291","Mirea Super Thin Cotton Wool Square Facial Pads Cotton Pad Remover Cotton for Facial Cleansing Makeup Removal Finger","Mirea","$9.99","0","0","$0","10/18/2018","...","1","5","","905429","Beauty & Personal Care","B07HD59YXJ","https://www.amazon.com/dp/B07HD59YXJ"
"","","292","Pink Black White Felt Ball Garland- 1' (2.5 cm) Wool Felt Balls","Matthew + Mae","$11.95","0","0","$0","12/27/2016","...","1","5","","231068","Handmade Products","B076941397","https://www.amazon.com/dp/B076941397"
"","","293","Mason Jar 5 Piece Bathroom Set *Soap Lotion Pump Dispenser Toothbrush holder Q-tip Cotton ball Makeup Brush Quart vase *CUSTOMIZE COLORS *Painted Ball Jars *Kitchen Counter Centerpiece Decor","Wooden Hearts","$63.99","0","0","$0","07/22/2019","...","0","","","371247","Handmade Products","B07VN9XP2L","https://www.amazon.com/dp/B07VN9XP2L"
"","","294","Ball Mason Jar BATHROOM SET in Antique WHITE Tray ~Cotton Ball Soap Dispenser Q-Tip Holder ~Canning JARS PAINTED Distressed Pint ~Stainless Steel Silver ~Accessories ~Gray Blue Pewter Green Cream Tan","Wooden Hearts","$63.99","0","0","$0","04/24/2017","...","0","","","854345","Handmade Products","B071FBJG2S","https://www.amazon.com/dp/B071FBJG2S"
"","","295","Lime Citrus Felt Ball Garland- Yellow Green & White- Summer Decor Fruit Citrus Lemon Kitchen Pom Pom Banner- 1' Felt Balls","Matthew + Mae","$14.95","","","","01/11/2017","...","0","","","126060","Handmade Products","B087JKNWP4","https://www.amazon.com/dp/B087JKNWP4"