"Export time: 8/6/2022, 8:45:40 PM","","#","Product Name","Brand","Price","Mo. Sales","D. Sales","Mo. Revenue","Date First Available","Net","Rating Number","Rating","Fees","Rank","Category","ASIN","Link"
"Search Term: glitter","","1","36 Pcs Fine and Chunky Glitter for Resin Audab Fine Glitter Powder Assorted Holographic Resin Glitter Nail Sequins for Hair Makeup Slime Resin Tumblers Resin Molds","Audab","$11.89","1724","57","$20498","12/29/2021","$6.34","222","4.6","$5.55","1622","Arts Crafts & Sewing","B09PG89TQC","https://www.amazon.com/dp/B09PG89TQC"
"Average Sales: 492","","2","Fine Glitter for Resin Set of 32 Colors LEOBRO Extra Fine Resin Glitter Powder Nail Glitter Assorted Craft Glitter for Epoxy Resin Art Body Face Hair Glitter Bulk Glitter Tumbler Candle Making","LEOBRO","$9.99","5081","169","$50759","06/23/2019","$4.72","8986","4.6","$5.27","455","Arts Crafts & Sewing","B07T64ZSD1","https://www.amazon.com/dp/B07T64ZSD1"
"Average Sales Rank: 89,186","","3","Teenitor Fine Glitter 32 Jars 8g Each Glitter Set 32 Assorted Color Arts and Craft Glitter Eyeshadow Makeup Nail Art Pigment Glitter","Teenitor","$8.49","3444","114","$29240","06/18/2019","$4.04","10070","4.7","$4.45","3400","Beauty & Personal Care","B07TB43KSW","https://www.amazon.com/dp/B07TB43KSW"
"Average Price: $11.98","","4","LEOBRO 18 Pack Glitter Resin Glitter Shake Jar Fine Glitter Multi Assorted Set Extra Fine Glitter for Resin Nail Art Crafts Tumbler Scrapbook Jewelry Making 15g/ Bottle Total 270g","LEOBRO","$9.99","1908","63","$19061","08/20/2019","$4.72","1610","4.7","$5.27","1641","Arts Crafts & Sewing","B07MKJ4PCT","https://www.amazon.com/dp/B07MKJ4PCT"
"Average Rating Number: 1,006","","5","Holographic Ultra Fine Glitter 180G/6.35OZ Resin Glitter Powder Sequins Flakes 1/128' Metallic Iridescent Glitter for Resin Tumblers Art Crafts Hair Face Body Nail Glitter LEOBRO Silver Glitter","LEOBRO","$9.99","1648","54","$16464","05/10/2022","$4.72","56","4.9","$5.27","1027","Arts Crafts & Sewing","B0B12JRVTV","https://www.amazon.com/dp/B0B12JRVTV"
"","","6","HTVRONT Holographic Extra Fine Glitter Powder - 50g/1.76oz Silver Glitter for Resin 0.008'Portable Ultra Fine Glitter Powder for Nails Candle Making Crafts Slime Fine Silver Glitter","HTVRONT","$6.99","386","12","$2698","06/03/2022","$2.4","1","5","$4.59","5458","Arts Crafts & Sewing","B09Z2B1LQ7","https://www.amazon.com/dp/B09Z2B1LQ7"
"","","7","Festival Chunky and Fine Glitter Mix Teenitor 32 Colors Chunky Sequins & Fine Glitter Powder Mix Iridescent Glitter Flakes Cosmetic Face Body Eye Hair Nail Art Resin Tumbler Glitter Loose Glitter","Teenitor","$12.99","2524","84","$32787","01/11/2021","$7.27","1794","4.7","$5.72","6966","Beauty & Personal Care","B08SQGNVJB","https://www.amazon.com/dp/B08SQGNVJB"
"","","8","Creative Arts by Charles Leonard Glitter 16 Ounce Bottle Silver (41145)","Charles Leonard","$8.99","772","25","$6940","11/24/2008","$2.5","2239","4.7","$6.49","3049","Arts Crafts & Sewing","B001QOGZNA","https://www.amazon.com/dp/B001QOGZNA"
"","","9","12 Pieces Fine Glitter FANDAMEI 12 Colors 10g Glitter Shake Jar Set Extra Fine Glitter Powder for Arts Crafts Painting Decoration Body Face Makeup Nail Art Pigment","Fandamei","$8.99","396","13","$3560","12/22/2019","$3.87","536","4.7","$5.12","8545","Arts Crafts & Sewing","B0832DMRV1","https://www.amazon.com/dp/B0832DMRV1"
"","","10","Glitter Teenitor Extra fine Glitter Shakers in Shaker Jars Great for Slime Art and Crafts Nail Art Polish Scrapbooking Paints Assorted Color Kit 15g Each Set of 12","Teenitor","$7.99","903","30","$7215","08/20/2019","...","4266","4.7","","5353","Arts Crafts & Sewing","B078H8M7SK","https://www.amazon.com/dp/B078H8M7SK"
"","","11","Glitter - 1 LB Purple Fine Glitter Shaker Glitter for Resin Glitter for Crafts Extra Fine Glitter for Scrapbooking and Art and Craft Supplies Ultimate Glitter for Tumblers and Bulk Glitter Jar","Ultimate Stationery","$8.00","776","25","$6208","12/01/2021","$1.66","119","4.6","$6.34","4394","Arts Crafts & Sewing","B09V1V65RP","https://www.amazon.com/dp/B09V1V65RP"
"","","12","Pacon Spectra Glitter Sparkling Crystals Clear 4-Ounce Jar (91830)","PACON","$4.39","3310","110","$14531","02/28/2012","$0.19","10209","4.6","$4.20","969","Arts Crafts & Sewing","B007VHRAW6","https://www.amazon.com/dp/B007VHRAW6"
"","","13","Temporary Glitter Spray Body Shimmery Spray for Skin Face Hair and Clothing Quick-Drying Waterproof Glitter Hairspray Highlighter Face Makeup Spray for Prom Festival Rave Stage Makeup 2oz","Lezero","$12.99","1389","46","$18043","06/16/2022","$7.5","3","4.6","$5.49","6052","Beauty & Personal Care","B0B4F4TYY6","https://www.amazon.com/dp/B0B4F4TYY6"
"","","14","Renfio Holographic Ultra Fine Glitter Powder Metallic Resin Glitter PET Flakes Crafts Sequins 1/128' 0.008' 0.2mm Epoxy Chips Flakes for Tumblers Slime 1.75 Oz (50g) - Laser Black","Renfio","$7.29","3230","107","$23547","04/02/2021","$2.66","1084","4.7","$4.63","811","Arts Crafts & Sewing","B091MZRS7P","https://www.amazon.com/dp/B091MZRS7P"
"","","15","32 Colors Glitter PowderFine Slime GlitterGlitter Set for Art and CraftsPaintScrapbookNailEyeshadow","OJYUDD","$8.99","167","5","$1501","06/20/2020","$3.87","319","4.5","$5.12","27140","Arts Crafts & Sewing","B08BL16ZW1","https://www.amazon.com/dp/B08BL16ZW1"
"","","16","Ceya Chameleon Chunky Glitter 2.8oz/ 80g Mermaid Color Shift Craft Glitter Powder Color Changing Iridescent Flake Sequin for Epoxy Resin Nail Tumbler Slime Phone Case Party Decor Jewelry Making","ceya","$15.09","291","9","$4391","01/26/2022","$9.29","15","4.7","$5.80","15787","Arts Crafts & Sewing","B09RB1MCZW","https://www.amazon.com/dp/B09RB1MCZW"
"","","17","Horizon Group USA Assorted Glitter Packs  Pack of 48 Neon Glitter Metallic Colors","Horizon Group USA","$5.99","1079","35","$6463","05/27/2018","$1.55","4098","4.6","$4.44","3706","Arts Crafts & Sewing","B07CZDPPVJ","https://www.amazon.com/dp/B07CZDPPVJ"
"","","18","TORC Iridescent Pink Fine Glitter 4 oz Glitter Powder for Tumblers Resin Crafts Slime Cosmetic Nail Painting Festival Decoration","TORC","$7.99","621","20","$4962","02/24/2022","$3.25","33","4.2","$4.74","5384","Arts Crafts & Sewing","B09TDPY397","https://www.amazon.com/dp/B09TDPY397"
"","","19","Teenitor 48 Colors Glitter Set Fine Glitter for Resin Arts and Craft Supplies Glitter Festival Glitter Makeup Glitter Cosmetic Glitter for Body Nail Face Hair Eyeshadow Lip Gloss Making","Teenitor","$14.99","884","29","$13251","10/29/2019","$7.6","4785","4.8","$7.39","23414","Beauty & Personal Care","B07ZSCH5VN","https://www.amazon.com/dp/B07ZSCH5VN"
"","","20","Holographic Chunky Glitter 15 Colors Craft Glitter for Resin with 5PCS Mixing Spoon LEOBRO Cosmetic Glitter for Nail Body Eye Face Resin Glitter Flakes Sequins for Tumbler Jewelry Crafts Making","LEOBRO","$9.99","540","18","$5395","10/27/2020","$4.72","431","4.7","$5.27","6769","Arts Crafts & Sewing","B08M3DGFDW","https://www.amazon.com/dp/B08M3DGFDW"
"","","21","Warmfits Holographic Chunky Glitter 12 Colors Total 120g Face Body Eye Hair Nail Festival Chunky Holographic Glitter Different Size Stars and Hexagons Shaped (Set A)","Warmfits","$13.99","1516","50","$21209","04/28/2019","$8.12","8635","4.7","$5.87","14386","Beauty & Personal Care","B07R5S16BD","https://www.amazon.com/dp/B07R5S16BD"
"","","22","TORC Fine Glitter Shaker Jar Set 54 Color Holographic Resin Glitter Powder for Tumbler Slime Nail Art Body Face Total 540 g","TORC","$19.99","396","13","$7916","06/11/2020","$11.2","1334","4.7","$8.79","14588","Arts Crafts & Sewing","B08B3KSY6L","https://www.amazon.com/dp/B08B3KSY6L"
"","","23","HEMOER Holographic Chunky Glitter 12 Colors Chunky Glitter Sparkle Sequins Cosmetic Craft Glitter Set for Epoxy Resin Body Face Nail Slime Wedding Festival Party Decoration - 0.42oz Each Bottle","HEMOER","$13.99","1161","38","$16242","01/01/2021","$8.12","1234","4.7","$5.87","4321","Arts Crafts & Sewing","B08PK7W24Y","https://www.amazon.com/dp/B08PK7W24Y"
"","","24","Chunky Glitter for Nails Cridoz 20 Colors Chunky Face Glitter Holographic Hair Resin Craft Glitter Cosmetic Glitter for Eyeshadow Makeup Rave Festival Parties Face Painting Nail Art Resin","cridoz","$13.99","1396","46","$19530","07/04/2019","$8.12","1695","4.6","$5.87","12923","Beauty & Personal Care","B07TZV7CBP","https://www.amazon.com/dp/B07TZV7CBP"
"","","25","Glitter","...","$4.99","...","...","...","...","...","398","3.7","","","...","B00IPUK8DG","https://www.amazon.com/dp/B00IPUK8DG"
"","","26","Glow in The Dark Glitter LET'S RESIN 12 Colors Luminous Chunky Glitter 0.42oz/Bottle High Luminance Cosmetic Grade Glitter Chunky Glitter for Resin Nail Cosmetic Skin Slime Tumblers Halloween","LET'S RESIN","$19.99","476","15","$9515","09/06/2021","$13.22","268","4.7","$6.77","10503","Arts Crafts & Sewing","B09FL4J6M2","https://www.amazon.com/dp/B09FL4J6M2"
"","","27","Holographic Chunky Glitter 100g Royal Gold Cosmetic Craft Glitter for Epoxy Resin Nail Sequins Iridescent Flakes Body Face Hair Nail Glitter Slime Making","JEMESI","$10.99","713","23","$7836","04/27/2021","$5.8","505","4.7","$5.19","4823","Arts Crafts & Sewing","B093PPQGQH","https://www.amazon.com/dp/B093PPQGQH"
"","","28","LATIBELL Body Glitter Spray Silver Glitter Spray for Hair and Body Glitter Body Spray Cosmetic Shimmer Makeup Glitter for Rave Hair Body Face Clothes Nail Art Craft Design - with 1 Jar of Refills","LATIBELL","$15.98","1089","36","$17402","05/04/2022","$10.04","41","4.5","$5.94","12589","Beauty & Personal Care","B09ZL9Y4QY","https://www.amazon.com/dp/B09ZL9Y4QY"
"","","29","MEICOLY Body GlitterMermaid Sequins Liquid Holographic Glitter GelChunky Glitter Face Eye Lip Hair Nail Festival MakeupSparkling Body Glitter Gel for Women50g06","MEICOLY","$6.88","683","22","$4699","03/24/2022","...","16","4.7","","21319","Beauty & Personal Care","B09VFKGL92","https://www.amazon.com/dp/B09VFKGL92"
"","","30","Chameleon Chunky Glitter 3.5oz/ 100g Green Purple Blue Color Shift Holographic Craft Glitter Powder Color Changing Iridescent Flake Sequin for Epoxy Resin Nail TumblerParty Decor Jewelry Making","DIYCICO","$12.98","420","14","$5452","04/06/2022","$8.11","24","4.6","$4.87","35256","Beauty & Personal Care","B09XFL156C","https://www.amazon.com/dp/B09XFL156C"
"","","31","TORC Extra Fine Glitter Shaker Jar Set 12 Colors Glitter Powder for Crafts Resin Projects Tumblers Nail Makeup Slime 16 g/0.56 oz Each","TORC","$5.99","381","12","$2282","06/21/2020","$1.32","447","4.7","$4.67","18123","Arts Crafts & Sewing","B08BNQ3J6N","https://www.amazon.com/dp/B08BNQ3J6N"
"","","32","50G Cosmetic Festival Glitters Silver Chunky Glitter & Fine Glitter Mix Holographic Glitter Face Body Eye Hair Nail Art Resin Craft Hexagons Shaped Tumbler Glitter Loose Glitter","UVANKAUP","$6.99","73","2","$510","03/11/2022","$2.89","6","4.8","$4.10","142070","Beauty & Personal Care","B09VDTCF3Q","https://www.amazon.com/dp/B09VDTCF3Q"
"","","33","Ceya 3.5oz/ 100g Holographic Ultra Fine Glitter Powder Laser Royal Blue Glitter 1/128 0.008 0.2mm for Slime Epoxy Resin Craft Tumbler Jewelry Nail Art Festival Makeup Painting Wedding Cards","ceya","$9.58","450","15","$4311","12/27/2021","$4.6","124","4.8","$4.98","8104","Arts Crafts & Sewing","B09PBNQMZJ","https://www.amazon.com/dp/B09PBNQMZJ"
"","","34","Arteza Fine Glitter Set of 12 Glitter for Resin in 1.5-oz Bottles Arts and Crafts Supplies for Art Class After-School Programs and Holiday Craft Projects","ARTEZA","$31.99","345","11","$11037","09/21/2021","$21.4","213","4.8","$10.59","9419","Arts Crafts & Sewing","B09GVJ9BHF","https://www.amazon.com/dp/B09GVJ9BHF"
"","","35","12 Colors of Holographic Chunky Glitter No Glue Attached 12 Pots Total 120g Multi-Shaped for Body Hair Face Eyes Make-up Nail Art and Bedazzling in Party/Concert/Events Glitter","BELLEBOOST","$5.99","330","11","$1977","05/24/2022","...","0","","","41211","Beauty & Personal Care","B0B29BF8VH","https://www.amazon.com/dp/B0B29BF8VH"
"","","36","Holographic Chunky Face Body Glitter - 12 Colors +1 Glitter Glue + 2 Brush for Hair Face Nail Eye Glitter Eyeshadow - Cosmetics Glitter Art Makeup for Euphoria Resin (12 Pack)","MAKI YIKA","$11.19","980","32","$10966","04/17/2022","$5.74","52","4.1","$5.45","10754","Beauty & Personal Care","B09Y5R2DFL","https://www.amazon.com/dp/B09Y5R2DFL"
"","","37","iDIY Ultra Fine Glitter (100g 3.5 oz Pouch) w Easy-Pour Bag and Funnel - Asphalt Grey Extra Fine - Perfect for DIY Crafts School Projects Decorations Resin","SCS Direct","$5.95","430","14","$2559","04/28/2021","$1.52","10","4.8","$4.43","9669","Arts Crafts & Sewing","B093VFM5TV","https://www.amazon.com/dp/B093VFM5TV"
"","","38","CAI BEAUTY NYC Silver Glitter | Easy to Apply Easy to Remove Chunky Glitter for Body Face and Hair | Bag Pouch | Holographic Cosmetic Grade Glamour","CAI BEAUTY NYC","$9.95","3904","130","$38845","10/03/2018","$6.23","3029","4.6","$3.72","3123","Beauty & Personal Care","B07J1Y35RP","https://www.amazon.com/dp/B07J1Y35RP"
"","","39","Mermaid Flake Nail Glitter Sequins CHANGAR Iridescent Ice Slag Nail Glitter Colorful Fluorescent Glass Paper Nail Sticker Holographic Nail Glitter for Make Up DIY Nail Decoration","CHANGAR","$7.99","690","23","$5513","05/13/2021","$4.43","456","4.5","$3.56","22585","Beauty & Personal Care","B094XQHHBQ","https://www.amazon.com/dp/B094XQHHBQ"
"","","40","Holographic Chunky Glitter Set of 36 Colors Craft Glitter Sparkle Sequins Cosmetic Glitter Flake for Epoxy Resin Body Face Eye Nail Arts Slime Making Wedding Festival Party Decoration","LICOOL GLITTER","$12.99","64","2","$831","10/27/2021","$7.27","0","","$5.72","36805","Arts Crafts & Sewing","B09KLP5TQ3","https://www.amazon.com/dp/B09KLP5TQ3"
"","","41","Chunky Holographic Body Glitter I 16 Colors + 1 Glitter Glue for Face Hair Nail Eye & Glitter Eyeshadow - Perfect for Euphoria Makeup Raves Festivals Resin Tumblers Cosmetic & Nail Art","SoJourner Bags","$14.79","1595","53","$23590","06/17/2018","$8.8","2141","4.6","$5.99","10664","Beauty & Personal Care","B07YMZFZHR","https://www.amazon.com/dp/B07YMZFZHR"
"","","42","Holographic Chameleon Fine Glitter 3.5oz/ 100g Purple Black Gradient Resin Craft Glitter Powder Iridescent Sequins Flakes for Epoxy Resin Arts Crafts Body Hair Face Nail Art Glitter Bulk Slime","DIYCICO","$12.99","154","5","$2000","06/15/2022","$8.12","0","","$4.87","42056","Arts Crafts & Sewing","B0B48H4VJG","https://www.amazon.com/dp/B0B48H4VJG"
"","","43","Body Glitter Spray - 2022 Shimer Silver Glitter Hairspray Makeup Spray for Hair Body Clothing Nightclub Starry Glitter Party Body Holographic Glitter Spray Highlight Powder Spray","Daiwuj","$9.99","197","6","$1968","06/07/2022","...","1","5","","63282","Beauty & Personal Care","B0B3HXHZFM","https://www.amazon.com/dp/B0B3HXHZFM"
"","","44","DAGEDA Body Glitter Gel Face Glitters Body Gel Sequins Shimmer Liquid Eyeshadow Chunky Glitter for Face Hair Nails Holographic Cosmetic Laser Powder Festival Glitter Makeup 50ml(White)","DAGEDA","$6.99","1161","38","$8115","02/25/2022","$2.89","31","4","$4.10","12583","Beauty & Personal Care","B09TH2Y29J","https://www.amazon.com/dp/B09TH2Y29J"
"","","45","VOLODIA 8 Boxes / Set Holographic Nail Glitter Mermaid Powder Flakes Shiny Charms Hexagon Nail Art Pigment Dust Decoration Manicure","VOLODIA","$6.99","1470","49","$10275","08/25/2019","$3.51","3282","4.6","$3.48","13031","Beauty & Personal Care","B07X1JFGSB","https://www.amazon.com/dp/B07X1JFGSB"
"","","46","Chunky Glitter Flakes12 Colors Holographic Chunky Sequins Irregular Iridescent Sparkles Glitters Confetti Craft Supplies for Epoxy/Tumblers/Slime Nail Art Design Resin","Niuvresinkit","$15.99","60","2","$959","03/28/2022","$10.05","0","","$5.94","55877","Arts Crafts & Sewing","B09WRFKNHZ","https://www.amazon.com/dp/B09WRFKNHZ"
"","","47","Lrisy Holographic Extra Fine Glitter Powder with Shaker Lid Craft Glitter Sequins for Epoxy Resin SlimeTumblersNail&Painting Arts 140g/4.5oz (Ultra Thin Holographic Silver)","Lrisy's","$12.99","1483","49","$19264","10/19/2021","$7.27","282","4.7","$5.72","1596","Arts Crafts & Sewing","B09JWV3MV9","https://www.amazon.com/dp/B09JWV3MV9"
"","","48","Sliver Body Glitter Gel for Women & Girls Glitter Eyeshadow Easy to Apply&Remove Mermaid Sequins Chunky Glitter for Body Face Hair Nails Festival Glitter Halloween Costume Makeup(01 Sliver)","JUNRUO","$5.99","345","11","$2067","06/06/2022","$1.97","7","4.7","$4.02","35415","Beauty & Personal Care","B0B1VJ78HW","https://www.amazon.com/dp/B0B1VJ78HW"
"","","49","Pacon Spectra Glitter Sparkling Crystals Assorted Colors 4-Ounce 6-Pack (91370)","PACON","$23.26","215","7","$5001","11/12/2006","$14.63","405","4.7","$8.63","22392","Arts Crafts & Sewing","B000AN35VI","https://www.amazon.com/dp/B000AN35VI"
"","","50","Mysense Body Glitter Spray Glitter Body Spray for Hair Glitter and Body Shimmer Highlighter Powder Holographic Shimmer Spray Glitter","Mysense","$14.99","90","3","$1349","06/22/2022","$9.2","0","","$5.79","102996","Beauty & Personal Care","B0B4WSB5XV","https://www.amazon.com/dp/B0B4WSB5XV"
"","","51","PAGOW Glow in The Dark Glitter 24 Colors High Luminous Iridescent Chunky Glitter Gel Resin Self-Adhesive UV Black Light Glitter for Eyeshadow Face Body Halloween Makeup","Pagow","$10.99","110","3","$1209","04/25/2022","$6.42","0","","$4.57","53378","Beauty & Personal Care","B09YV298B2","https://www.amazon.com/dp/B09YV298B2"
"","","52","Ceya Holographic Chunky Glitter 3.5oz/ 100g Black Craft Glitter Powder Mixed Chunky Fine Flakes Iridescent Nail Sequins for Nail Art Hair Epoxy Resin Tumblers Slime Painting Festival Decor","ceya","$11.19","1515","50","$16953","07/26/2021","$5.74","342","4.8","$5.45","2367","Arts Crafts & Sewing","B09B9SQZ33","https://www.amazon.com/dp/B09B9SQZ33"
"","","53","2 Color Body Glitter Gel Mermaid Scale Sequins Skin Long Lasting Sparkling Cream Eyeshadow Lip Nail Hair Painting Glitter Decorate Art Festival Party Make up Powder (SilverWhite)with 2 Sponge Brush","Hacjkaz","$7.99","164","5","$1310","02/27/2022","$3.81","39","4.6","$4.18","59429","Beauty & Personal Care","B09TL396T5","https://www.amazon.com/dp/B09TL396T5"
"","","54","Spearlcable Glow in The Dark Chunky Glitter 12 Boxes Luminous Iridescent Glitter Tiffany Rose Yellow Flakes for Face Eyes Body Hair DIY Nail Art Decals (A)","Spearlcable","$7.99","113","3","$903","05/19/2022","$3.81","2","3.5","$4.18","85394","Beauty & Personal Care","B0B1TG2RNX","https://www.amazon.com/dp/B0B1TG2RNX"
"","","55","GL-Turelifes Body Glitter Gel Easy to Apply&Remove 50ml Mermaid Sequins Chunky Glitter for Body Face Hair Festival Glitter Halloween Costume Makeup Long Lasting Sparkling (Blue Purple)","GL-Turelifes","$9.99","900","30","$8991","10/20/2021","...","32","4.3","","18554","Beauty & Personal Care","B09JZQ2R54","https://www.amazon.com/dp/B09JZQ2R54"
"","","56","Chunky Glitter for Resin Thrilez 18 Colors Holographic Chunky Glitter Sequins Craft Glitter Powder Tumbler Glitter for Resin Decoration Nail Art Slime (0.35oz/Pack)","Thrilez","$13.99","310","10","$4337","11/26/2020","$8.82","498","4.8","$5.17","16781","Arts Crafts & Sewing","B08P6GHYD8","https://www.amazon.com/dp/B08P6GHYD8"
"","","57","COKOHAPPY Holographic Chunky Glitter Total 80g Body Nail Face Cosmetic Hexagon Chunky Holographic Glitter for Resin Accessories (Mermaid)","COKOHAPPY","$8.99","295","9","$2652","04/24/2019","$4.73","2378","4.6","$4.26","61411","Beauty & Personal Care","B07KLW9LCH","https://www.amazon.com/dp/B07KLW9LCH"
"","","58","Unicorn Snot Biodegradable Holographic Body Glitter Gel for Body Face Hair - Vegan & Cruelty Free - 1.7 oz (Bio Galaxy)","UNICORN SNOT","$14.99","6248","208","$93658","07/10/2019","...","5878","4.5","","1946","Beauty & Personal Care","B07V5QVZPS","https://www.amazon.com/dp/B07V5QVZPS"
"","","59","BAZIC Glitter Shaker 6 Neon Color Sparkling Powder for Kids Slime Paints Crafts Nail Art Polish Skin Halloween Party (12g/Pack) 1-Pack","BAZIC Products","$3.69","81","2","$299","12/15/2019","$0.22","16","4","$3.47","46720","Arts Crafts & Sewing","B07WTQ7LSK","https://www.amazon.com/dp/B07WTQ7LSK"
"","","60","Glitter","Abbi Glines","$4.99","4","0","$20","06/12/2021","...","509","4.5","","381836","Kindle Store","B097633M2C","https://www.amazon.com/dp/B097633M2C"
"","","61","2022 Body Glitter Body Spray for Women - [60ML] - Fairy Body Glitter Spray for Hair and Body - Glitter Hairspray for Club Prom Party Photoshoot etc. (1PC)","Generic","$8.98","150","5","$1347","07/06/2022","...","0","","","53971","Beauty & Personal Care","B0B611VH4J","https://www.amazon.com/dp/B0B611VH4J"
"","","62","TABLECLOTHSFACTORY 1 Pound Gold DIY Art & Craft Glitter Extra Fine with Shaker Bottle for Wedding Party Event Table Centerpieces Decor","TABLECLOTHSFACTORY.COM","$8.99","930","31","$8361","02/24/2020","...","58","4.5","","33512","Home & Kitchen","B07W4GM1PQ","https://www.amazon.com/dp/B07W4GM1PQ"
"","","63","Holographic Fine Glitter 150g Multipurpose Gold Extra Fine Craft Glitter for Resin Arts and Crafts Body Nail Art Eye Face Hair Holographic Glitter for Epoxy Tumbler Slime Making (Gold)","Estanoite","$9.99","690","23","$6893","01/05/2021","$5.65","693","4.7","$4.34","5533","Arts Crafts & Sewing","B08RYV25WW","https://www.amazon.com/dp/B08RYV25WW"
"","","64","Chunky and Fine Glitter Mix Estanoite 36 Colors Chunky Sequins & Fine Glitter Powder Mix Iridescent Glitter Flakes Cosmetic Makeup Glitter for Face Body Eye Nail Art Loose Glitter for Resin Epoxy","Estanoite","$12.99","141","4","$1832","07/08/2021","$7.27","107","4.5","$5.72","85366","Beauty & Personal Care","B0991GYC3L","https://www.amazon.com/dp/B0991GYC3L"
"","","65","Holographic Body Glitter TEOYALL Long Lasting Glitter Shimmer Chunky Sequins Glitters for Body Face Hair Makeup (Pink)","TEOYALL","$4.99","555","18","$2769","09/26/2021","$1.05","138","4.5","$3.94","22278","Beauty & Personal Care","B09DYMTF21","https://www.amazon.com/dp/B09DYMTF21"
"","","66","24 Boxes Glow in The Dark Body Face Glitter Makeup Chunky Glitter Holographic High Luminous Cosmetic Iridescent Festival Accessories Party Face Glitter for Nail Hair Eye Lip Resin (Classic Style)","Loopeer","$16.59","60","2","$995","05/24/2022","$11.18","1","1","$5.41","95433","Beauty & Personal Care","B0B2JQQQSL","https://www.amazon.com/dp/B0B2JQQQSL"
"","","67","Body Glitter Holographic Glitter Liquid for Festival Make UpFace Glitter Sequins Chunky for Hair and Eyeshadow Long-Lasting No Glue Needed and Easy to Remove.","Alyxxndra","$17.99","235","7","$4228","08/13/2021","$11.52","90","4.7","$6.47","58443","Beauty & Personal Care","B098QH3NJK","https://www.amazon.com/dp/B098QH3NJK"
"","","68","6 Box Nail Sequins Fine GlitterSugar Glitter for Nails Cosmetic Holographic Nail Glitters for Acrylic Nails Nail Glitter Flakes for Resin Chunky Nail Glitter Acrylic(Pattern 4)","CHARMING MAY","$10.99","195","6","$2143","12/31/2021","$6.42","10","4.8","$4.57","60345","Beauty & Personal Care","B09XBKJPML","https://www.amazon.com/dp/B09XBKJPML"
"","","69","Fine Glitter YGDZ 140G 4.93OZ Holographic Ultra Fine Glitter Powder for Resin Crafts Tumblers Cosmetic Nail Face Body Painting Hair Glitter Black","YGDZ","$9.99","150","5","$1499","06/07/2022","$4.72","11","5","$5.27","22988","Arts Crafts & Sewing","B0B3J7XJK6","https://www.amazon.com/dp/B0B3J7XJK6"
"","","70","24 Boxes Holographic Chunky Glitter FANDAMEI 24 Colors 10g Nail Art Glitter Sequins Iridescent Glitter Flakes for Nail Eye Body Face Hair. Cosmetic Glitter for Festival Halloween Makeup","Fandamei","$9.99","91","3","$909","08/30/2020","$5.42","287","4.7","$4.57","111786","Beauty & Personal Care","B08H1Z1LNK","https://www.amazon.com/dp/B08H1Z1LNK"
"","","71","Shimmering Spray Powder Sparkle Powder Body Glitter Face High Gloss Spray Highlighter Loose Powder Makeup Spray for Women Hair Nails Makeup( 1Pearl White)","Kaynest","$8.99","1339","44","$12038","05/12/2021","$4.73","577","4.2","$4.26","11761","Beauty & Personal Care","B094W8J52J","https://www.amazon.com/dp/B094W8J52J"
"","","72","Amazon Basics Portable Foldable Photo Studio Box with LED Light - 25 x 30 x 25 Inches","Amazon Basics","$105.99","","","","10/10/2018","$81.73","3665","4.6","$24.26","5","Photo Background Shooting Tents","B01GIL6EU4","https://www.amazon.com/dp/B01GIL6EU4"
"","","73","CkFyahp Glitter Spray 2 Pcs Body and Hair Spray Shimmer Sparkle Pearl Powder Silver Face Hairspray Cosmetic Highlighter Eyeshadow for Girls Women Festival Party Makeup Decoration White and Champagne","CkFyahp","$14.29","...","...","...","06/23/2022","$8.61","0","","$5.68","144200","...","B0B14YHR9L","https://www.amazon.com/dp/B0B14YHR9L"
"","","74","Fine Glitter YGDZ 300g 60 Colors Extra Fine Resin Glitter Packs Arts Craft Glitter for Tumblers Festival Decoration Eyeshadow Makeup Nail Art Body Face Glitter 5g Each Bag","YGDZ","$10.99","588","19","$6462","07/06/2020","$6.27","2080","4.6","$4.72","10361","Arts Crafts & Sewing","B08CGMZKGB","https://www.amazon.com/dp/B08CGMZKGB"
"","","75","Renfio 1.75 Oz 50g Holographic Mickey Mouse Confetti Glitter Mickey Mouses Shape Shiny Sequin Glitters Resin Sparkle Chunky Sequins for DIY Mold Art Nail Artwork Holiday Decoration - Laser Silver","Renfio","$11.99","424","14","$5084","07/11/2021","$7.27","258","4.8","$4.72","11122","Arts Crafts & Sewing","B0995W1S86","https://www.amazon.com/dp/B0995W1S86"
"","","76","3 Pack HANDAIYAN Holographic Body Glitter Gel Nail Hair Body Face Eye Shadow Mermaid Sequins Chunky Glitter Festival Glitter Makeup for Body Face Hair Makeup (SetB)","BAISEN DIARY","$9.99","193","6","$1928","05/28/2022","$5.65","2","5","$4.34","60914","Beauty & Personal Care","B0B2P6YDXV","https://www.amazon.com/dp/B0B2P6YDXV"
"","","77","FloraCraft Diamond Dust Glitter 14 Ounce Clear Glass","FloraCraft","$11.98","1242","41","$14879","02/21/2015","$5.04","4537","4.7","$6.94","3271","Arts Crafts & Sewing","B008LTVCCM","https://www.amazon.com/dp/B008LTVCCM"
"","","78","","...","","...","...","...","...","...","0","","","","...","B00IIWO3BY","https://www.amazon.com/dp/B00IIWO3BY"
"","","79","GL-Turelifes 30ml Sequins Chunky Glitter Liquid Eyeshadow Glitter Body Gel Festival Glitter Cosmetic Face Hair Nails Makeup Long Lasting Sparkling Easy to Apply Easy to Remove (03 Green)","GL-Turelifes","$9.99","375","12","$3746","10/17/2021","$5.65","127","4.3","$4.34","36636","Beauty & Personal Care","B09BZCDN72","https://www.amazon.com/dp/B09BZCDN72"
"","","80","24 Colors Glitter Set FANDAMEI 24 Boxes 5g Fine Glitter Nail Art Glitter for Halloween Makeup Cosmetic Festival Makeup. Body Glitter Craft Glitter for Arts Decoration","Fandamei","$8.99","295","9","$2652","01/07/2021","$5.35","179","4.4","$3.64","44533","Beauty & Personal Care","B08SJB4TBW","https://www.amazon.com/dp/B08SJB4TBW"
"","","81","Yeweian Face Body Glitter Gel Mermaid Sequins Hair Nails Lip Eye Festival Glitter Gel Makeup White Chunky Liquid Holographic Body Glitter Gel for Women50g","Yeweian","$5.99","25","0","$150","06/21/2022","$1.97","0","","$4.02","201099","Beauty & Personal Care","B0B3VDRBF7","https://www.amazon.com/dp/B0B3VDRBF7"
"","","82","KIMIEYE Mermaid Sequins Body Glitter Gel Set of 2 Bottle Long Lasting Holographic Glitter Liquid Body Makeup for Women Waterproof Face Glitter Gel Total 9 Colors Available (9 White - (2 Bottle))","KIMIEYE","$8.88","380","12","$3374","10/25/2021","$4.63","99","4.6","$4.25","41512","Beauty & Personal Care","B09KCMM4TP","https://www.amazon.com/dp/B09KCMM4TP"
"","","83","MAEPEOR Mermaid Sequins Chunky Body Glitter Gel 9 Colors Holographic Long-Lasting Glitter Liquid Body Makeup for Face Body Hair Nails (30g 05 Blue)","MAEPEOR","$8.99","150","5","$1349","12/26/2021","$4.73","15","4.5","$4.26","90161","Beauty & Personal Care","B09P8K3YCY","https://www.amazon.com/dp/B09P8K3YCY"
"","","84","Body Glitter Spray Shimmer Silver Glitter Hairspray for Women Hair Body Clothing Hair and Body Glitter Spray for Nightclub Starry Glitter Party (1pcs)","Koliyn","$8.99","45","1","$405","06/27/2022","...","0","","","128784","Beauty & Personal Care","B0B59H85GK","https://www.amazon.com/dp/B0B59H85GK"
"","","85","LATIBELL Body Face Glitter Gel UV Black Light Reactive Glow Glitter Makeup 12 Colors Fine UV Body Glitter for Women Face Glitter Makeup Gel for Festival Rave Accessories","LATIBELL","$15.98","127","4","$2029","06/12/2022","$10.04","13","4.7","$5.94","73713","Beauty & Personal Care","B0B3XXCMNF","https://www.amazon.com/dp/B0B3XXCMNF"
"","","86","Holographic Nail Glitter Sequins 12 Boxes Iridescent Butterfly Star Heart Number Flakes Ultra-Thin Colorful Glitter Sticker for Nail Art Decoration Craft or Face Hair Decor","Rhdun","$4.99","","","","04/04/2022","...","8","4.5","","63058","Beauty & Personal Care","B09WMJS9DM","https://www.amazon.com/dp/B09WMJS9DM"
"","","87","Chunky Glitter Fine Glitter Sequins 10 Boxes for Slime Resin and Craft Supplies Glitter Festival Makeup Cosmetic Glitter for Body Nail Face Hair Eyeshadow Lip Gloss Making (Earth Tone Color Fine)","HLXFF3","$4.68","60","2","$281","04/06/2021","$0.77","12","4.8","$3.91","158252","Beauty & Personal Care","B091Z1K927","https://www.amazon.com/dp/B091Z1K927"
"","","88","Glow in The Dark Body Glitter Gel 12 Colors Glitter Gel Makeup UV Body Glitter for Women Glow in The Dark Face Glitter Makeup Gel Chunky Glitter Makeup for Party Rave Festival Accessories","LATIBELL","$14.98","203","6","$3041","06/12/2022","$9.19","14","4.8","$5.79","32976","Beauty & Personal Care","B0B3XSMB5H","https://www.amazon.com/dp/B0B3XSMB5H"
"","","89","Vanchief Nail Art Dip Powder Recycling Container2 in 1 Nail Powder Recycling Tray Nail Dip Powder Sequins Glitter Recycling Tool Portable Dipping Powder Storage Box with Dust Remover Powder Brush","Vanchief","$8.99","381","12","$3425","12/02/2020","$4.73","265","4.5","$4.26","31675","Beauty & Personal Care","B08PKJT8CB","https://www.amazon.com/dp/B08PKJT8CB"
"","","90","Ownest 12 Colors Holographic Chunky Glitter Gel Set Christmas Party Makeup Face Body Eye Lips Hair Nail Cosmetic Festival Chunky Glitter Eyeshadow Mixable No Need Glue","Ownest","$11.99","401","13","$4808","12/09/2019","$7.27","326","4","$4.72","33867","Beauty & Personal Care","B07ZLWZMDF","https://www.amazon.com/dp/B07ZLWZMDF"
"","","91","Mermaid Nail Sequins Holographic Glitters Chunky Iridescent Flakes Colorful Fluorescent Glass Paper Iridescent Flakes Sticker for Face Eyes Body Hair Nail Art Decoration (24 Boxes)","Maitys","$8.99","385","12","$3461","03/30/2021","$5.35","137","4.3","$3.64","33839","Beauty & Personal Care","B08YD9CLHX","https://www.amazon.com/dp/B08YD9CLHX"
"","","92","Allstarry 2 Colors Nail Glitter Powder White Black Dust Sand Powder Shining Sugar Effect Glitter Candy Coat Cosmetic Festival Powder DIY Nail Art Decoration for Manicure DIY Crafts","Allstarry","$6.89","537","17","$3700","01/25/2021","$2.8","218","4.4","$4.09","31239","Beauty & Personal Care","B08X3ZS3LD","https://www.amazon.com/dp/B08X3ZS3LD"
"","","93","Hemway Premium Ultra Sparkle Glitter Multi Purpose Metallic Flake for Arts Crafts Nails Cosmetics Resin Festival Face Hair - Silver Holographic - Microfine (1/256' 0.004' 0.1mm) 100g / 3.5oz","Hemway","$12.95","2572","85","$33307","05/24/2018","$8.09","11297","4.5","$4.86","5765","Beauty & Personal Care","B07D99D46Y","https://www.amazon.com/dp/B07D99D46Y"
"","","94","iMethod Body Glitter - 6 Jars Holographic Cosmetic Face Glitter for Festival & Halloween Alien Makeup","iMethod","$11.97","1253","41","$14998","04/01/2019","$6.63","1734","4.5","$5.34","17166","Beauty & Personal Care","B07H9W3GX5","https://www.amazon.com/dp/B07H9W3GX5"
"","","95","14 Colors Glow in The Dark Face Body Glitter Gel Luminous Holographic Iridescent Chunky Glitter for Women UV Black Light Glitter for Body/Face/Hair/Eyeshadow/Nail Glitter Makeup for Carnival Party","LemonSac","$8.99","85","2","$764","06/01/2022","$4.73","7","4.1","$4.26","122453","Beauty & Personal Care","B0B318BVJH","https://www.amazon.com/dp/B0B318BVJH"
"","","96","Crushed Glass Glitter Glow in The Dark 3 Color Broken Glass Pieces 300 g 1-3 mm Mirror Glass for Crafts Glitter Flakes Irregular Metallic Chips for DIY Resin Nail Art Vase Filler Epoxy Jewelry","Taiyin","$14.99","","","","06/15/2022","...","0","","","107856","Arts Crafts & Sewing","B0B496CRBD","https://www.amazon.com/dp/B0B496CRBD"
"","","97","48 Colors Nail Glitter Set FANDAMEI 48 Boxes 5g Nail Art Glitter Fine Glitter Powder for Eyeshadow Cosmetic Arts Crafts Decoration. Body Glitter Face Glitter for Festival Makeup Halloween","Fandamei","$11.99","466","15","$5587","05/15/2020","$7.12","656","4.5","$4.87","26939","Beauty & Personal Care","B088PQSQCT","https://www.amazon.com/dp/B088PQSQCT"
"","","98","GL-Turelifes Mermaid Sequins Chunky Glitter Liquid Eyeshadow Glitter Body Gel Festival Glitter Cosmetic Face Hair Nails Makeup Long Lasting Sparkling 30g (09 White)","GL-Turelifes","$9.99","2153","71","$21508","10/17/2019","$5.65","1897","4.5","$4.34","8092","Beauty & Personal Care","B07TZ3LKGH","https://www.amazon.com/dp/B07TZ3LKGH"
"","","99","30 Luxury Colors of Ultra Extra Fine Large and Chunky Non Toxic Glitter Set With Heart Star Shape - For Slime Party Invitation Lip Gloss Face Body Nail Arts Festival and Child's Fun Craft","LuxAx","$14.94","166","5","$2480","01/07/2018","$7.56","1403","4.7","$7.38","39892","Arts Crafts & Sewing","B078W88Z16","https://www.amazon.com/dp/B078W88Z16"
"","","100","30 Grams Loose Glitter Spray - Holographic Glitter Spray - Cosmetic Grade - Makeup Face Body Nail Festival Rave Beauty Craft (Iridescent)","Electric Bliss Beauty","$12.95","1413","47","$18298","04/14/2018","$7.47","1208","4.1","$5.48","15229","Beauty & Personal Care","B07PYJ6ZXX","https://www.amazon.com/dp/B07PYJ6ZXX"
"","","101","Elmer's 3D Washable Glitter Glue Pens 31 Rainbow and Glitter Colors (E198)","Elmer's","$11.99","237","7","$2842","04/17/2005","$5.05","585","4.7","$6.94","14259","Arts Crafts & Sewing","B000AN3932","https://www.amazon.com/dp/B000AN3932"
"","","102","Holographic Ultra Fine Glitter Powder 100g/3.52oz Extra Fine Epoxy Glitter Flakes Crafts Sequins 1/170'' 0.0059'' 0.15mm for Resin Arts Crafts Body Face Nail Tumblers Slime - Black","JEMESI","$8.99","310","10","$2787","01/06/2022","$4.72","27","4.9","$4.27","9955","Arts Crafts & Sewing","B09PYMYM3K","https://www.amazon.com/dp/B09PYMYM3K"
"","","103","DAGEDA Body Glitter Gel Face Glitters Body Gel Sequins Shimmer Liquid Eyeshadow Chunky Glitter for Face Hair Nails Holographic Cosmetic Laser Powder Festival Glitter Makeup (WhiteSilver and Pink)","DAGEDA","$13.99","30","1","$420","06/12/2022","$8.35","0","","$5.64","227586","Beauty & Personal Care","B0B3XLGYXF","https://www.amazon.com/dp/B0B3XLGYXF"
"","","104","36 Colors Glitter Set Fine Glitter for Resin Arts and Craft Supplies Glitter Cosmetic Glitter for Body Nail Face Hair Eyeshadow Lip Gloss Makeup Festival Glitter for Decoration","LICOOL GLITTER","$11.99","103","3","$1235","08/27/2021","$6.42","60","4.4","$5.57","29537","Arts Crafts & Sewing","B09DV9MCQV","https://www.amazon.com/dp/B09DV9MCQV"
"","","105","Body Glitter Makeup Set 2Pcs Mermaid Sequins Face Glitter Gel Makeup for Body Hair Face Nail Eyeshadow Long Lasting Waterproof Liquid Glitter Gel Total 10 Colors Available (1 White 2PCS)","KIMIEYE","$6.99","105","3","$734","05/05/2022","$2.89","0","","$4.10","103397","Beauty & Personal Care","B09ZPX74DF","https://www.amazon.com/dp/B09ZPX74DF"
"","","106","Thermoweb Therm O Web Glitter Dust-silver","Glitter Dust","$9.81","690","23","$6769","04/20/2012","$4.8","291","4.3","$5.01","9279","Arts Crafts & Sewing","B007WDW70E","https://www.amazon.com/dp/B007WDW70E"
"","","107","Renfio Iridescent Ultra Fine Glitter Powder Resin Supplies Glitters PET Flake Crafts Sequins 1/128' 0.008' 0.2mm Epoxy Chips Flakes for Tumblers Slime Painting 1.75 Oz (50g) - Dream Rainbow","Renfio","$7.29","1620","54","$11810","04/02/2021","...","713","4.7","","1959","Arts Crafts & Sewing","B091MZFRDG","https://www.amazon.com/dp/B091MZFRDG"
"","","108","Hemway Glitter Paint Additive Glitter Crystals for Acrylic Paint Interior & Exterior Walls Wood Varnish Furniture Matte Gloss Satin Silk - 100g / 3.5oz - Silver Holographic","Hemway","$19.95","2279","75","$45466","04/11/2017","$14.04","11853","4.4","$5.91","3712","Tools & Home Improvement","B06ZYBZD9W","https://www.amazon.com/dp/B06ZYBZD9W"
"","","109","NYX PROFESSIONAL MAKEUP Face & Body Glitter Gold","NYX PROFESSIONAL MAKEUP","$5.99","4073","135","$24397","05/11/2018","$1.97","6916","4.5","$4.02","4319","Beauty & Personal Care","B079D357JY","https://www.amazon.com/dp/B079D357JY"
"","","110","Unicorn Sparkle Association Chunky Biodegradable Eco Glitter for Crafts Art Makeup--Great for Kids and Fair Trade Too!","Unicorn Sparkle Association","$10.99","50","1","$550","09/13/2021","$5.8","48","4.6","$5.19","45832","Arts Crafts & Sewing","B09G5G53NJ","https://www.amazon.com/dp/B09G5G53NJ"
"","","111","Laza 4g/0.14oz Diamond Nail Powder Reflective Glitter Sparkling Silver Triangle Glitter Holographic Sequin Laser Powder Dust Fairy Dust Nail Art Decorations for Nail Art Tips Manicure","Laza","$7.59","60","2","$455","05/24/2022","...","0","","","111490","Beauty & Personal Care","B0B292GH41","https://www.amazon.com/dp/B0B292GH41"
"","","112","Black Sparkle Glitter 3 From Royal Care Cosmetics","Royal Care Cosmetics","$6.37","25","0","$159","06/09/2015","$2.32","428","3.8","$4.05","54713","Beauty & Personal Care","B00K2FA5LW","https://www.amazon.com/dp/B00K2FA5LW"
"","","113","12 Color 3D Flamingo Nail Art Glitter Sequins Splarkly Laser Summer Theme Pattern Flamingo Coconut Tree Cactus Design Nail Sequin Acrylic Paillettes Holographic for Nail Art Decoration Makeup DIY","WEYATO","$6.99","30","1","$210","05/31/2021","$3.51","6","4.5","$3.48","152691","Beauty & Personal Care","B096BBD7R1","https://www.amazon.com/dp/B096BBD7R1"
"","","114","COVER FX Glitter Drops 0.5 Fl Oz","Cover FX","$9.97","232","7","$2313","04/14/2018","...","120","4.2","","47499","Beauty & Personal Care","B079C5NW1L","https://www.amazon.com/dp/B079C5NW1L"
"","","115","Pacon P0091390 Spectra Glitter Sparkling Crystals Iridescent 16-Ounce Jar","Spectra","$11.39","488","16","$5558","06/19/2006","$5.16","710","4.6","$6.23","9399","Arts Crafts & Sewing","B00290HCQO","https://www.amazon.com/dp/B00290HCQO"
"","","116","Laza Ultra Fine Glitter 4 Colors 80ml Arts and Craft Glitter Mixed Ultra Fine Powder Sequins for Resin Nail Art Epoxy Tumbler Decoration Weddings Card Flowers Scrapbooking - Pink Gold","Laza","$14.99","200","6","$2998","11/22/2020","$8.97","296","4.8","$6.02","17753","Arts Crafts & Sewing","B08ZY1WN9D","https://www.amazon.com/dp/B08ZY1WN9D"
"","","117","Artdone 16 Jars Chrome Nail Powder Metallic Mirror Effect Holographic Aurora Chameleon Pigment 1g/Jar for Nail Art Gel Polish Mermaid Unicorn Dipping Powder","Artdone","$13.99","7179","239","$100434","07/03/2020","$8.12","5599","4.5","$5.87","1168","Beauty & Personal Care","B08CBZXXNT","https://www.amazon.com/dp/B08CBZXXNT"
"","","118","Silver Holographic Chunky Cosmetic Glitter Body Hair Face Eye Nail for Festival Carnival Concert Party Beauty Rave Accessories Different Sizes&Shapes 14g + Quick Dry Primer Glue Gel(5ml)","GA&EN","$6.99","1641","54","$11471","07/15/2018","$2.89","2060","4.5","$4.10","8673","Beauty & Personal Care","B07FMJ4W37","https://www.amazon.com/dp/B07FMJ4W37"
"","","119","24 Colors Glitter Set Fine Glitter for Resin Arts and Craft Supplies Glitter Festival Glitter Powder Makeup Glitter Cosmetic Glitter for Body Nail Face Hair Eyeshadow Lip Gloss Making","LICOOL GLITTER","$8.99","...","...","...","04/01/2022","...","2","5","","","...","B09X33C787","https://www.amazon.com/dp/B09X33C787"
"","","120","IBONRAY Euphoria Glitter Makeup Set Glitter Tears Holographic Chunky Glitter Mix Irridescent Chunky Sequins Flakes Sparkle Cosmetic Tumbler Loose Glitter for Face Body Eye Hair Nail Art (32 Colors)","ibonray","$14.99","0","0","$0","02/18/2022","$8.97","1","5","$6.02","240465","Beauty & Personal Care","B09SWQQVFW","https://www.amazon.com/dp/B09SWQQVFW"
"","","121","HUANTAITAI Face & Body Glitter Silver Glitter Mermaid Sequins Chunky Glitter Liquid Eyeshadow Glitter Body Gel Festival Glitter Cosmetic Face Hair Nails Makeup Long Lasting Sparkling","QEEPAN","$6.99","45","1","$315","09/02/2021","$2.89","15","4.6","$4.10","191679","Beauty & Personal Care","B09FDDG7KY","https://www.amazon.com/dp/B09FDDG7KY"
"","","122","Glitter","Mariah Carey (Actor) Max Beesley (Actor) Vondie Curtis-Hall (Director) & 0 more Rated: PG-13 Format: VHS Tape","$9.45","","","","06/03/2002","$4.26","835","4.7","$5.19","339110","Movies & TV","B00005TPMW","https://www.amazon.com/dp/B00005TPMW"
"","","123","MEICOLY Blue Body GlitterMermaid Sequins Liquid Holographic Glitter GelFace Eye Lip Hair Nail Festival MakeupSparkling Body Glitter Gel for Women50g01","MEICOLY","$6.99","750","25","$5243","03/24/2022","...","16","4.7","","21319","Beauty & Personal Care","B09VFL96WG","https://www.amazon.com/dp/B09VFL96WG"
"","","124","Ceya 3.5oz/ 100g Ultra Fine Glitter Powder Rose Gold Glitter 1/128 0.008 0.2mm for Slime Epoxy Resin Craft Tumbler Jewelry Nail Art Festival Makeup Scrapbook Painting Wedding Cards","ceya","$9.29","1170","39","$10869","07/27/2021","$4.36","199","4.6","$4.93","2683","Arts Crafts & Sewing","B09BCYGVCR","https://www.amazon.com/dp/B09BCYGVCR"
"","","125","Glitter!: A Celebration of Sparkle","Adams Media","","0","0","$0","03/10/2019","...","7","4.4","","4078783","Kindle Store","B07CL5XDBH","https://www.amazon.com/dp/B07CL5XDBH"
"","","126","TORC Iridescent White Chunky Glitter 4 OZ Glitter for Resin Crafts Arts Nail Art Cosmetic Festival Makeup 1/10 (2.5 mm)","TORC","$8.99","116","3","$1043","03/10/2022","...","2","3","","18350","Arts Crafts & Sewing","B09VBF8MHB","https://www.amazon.com/dp/B09VBF8MHB"
"","","127","Renfio Chameleon Ultra Fine Glitter Powder 50g Color Shift Extra Fine Dust Color Changing Tiny Glitters 1/128' 0.008' 0.2mm Epoxy Resin Supply Powders for Slime DIY Tumbler 1.75 Oz - Flamingo Opal","Renfio","$10.00","45","1","$450","10/21/2021","$5.58","39","4.5","$4.42","108484","Arts Crafts & Sewing","B09K3VQBXS","https://www.amazon.com/dp/B09K3VQBXS"
"","","128","Mermaid Sequins Body Glitter Gel Make Up Long Lasting Glitter for Body Face Hair Eyeshadow Music Festival Party Carnival Long Lasting Face Glitter No Glue Needed and Easy to Remove. (White)","Theshiry","$7.49","30","1","$225","04/10/2022","$3.35","0","","$4.14","171418","Beauty & Personal Care","B09XMK7816","https://www.amazon.com/dp/B09XMK7816"
"","","129","36 Colors Glitter Set Holographic Sequin Chunky Glitter Fine Glitter Metallic Gold Foil Gilding Flakes for Nail Art DIY Jewelry Resin Casting Molds Crafts Slime and Resin Jewelry Making Eyeshadow","Maitys","$6.09","12","0","$73","12/31/2020","$2.26","36","4.5","$3.83","112591","Arts Crafts & Sewing","B08Q7WWZB6","https://www.amazon.com/dp/B08Q7WWZB6"
"","","130","24 Pack Glitter Powder - Brightly Colored Loose Dust - Kids Fine Glitter Pack Shake Jars - Perfect for Holiday Crafting","Peachy Keen Crafts","$12.95","47","1","$609","07/23/2017","$5.87","333","4.6","$7.08","71676","Arts Crafts & Sewing","B0746ZFSN6","https://www.amazon.com/dp/B0746ZFSN6"
"","","131","Glow in The Dark Tiny Stars Shaped Glitter3mm Flakes Luminous Holographic Glitters for Tumbler DIYResin Craft Slime Nails Arts MakeupFestival Party - Green 10g(0.35oz)","Sourcingbay","$6.99","455","15","$3180","03/11/2022","$3.02","10","3.8","$3.97","6722","Arts Crafts & Sewing","B09VDQPNRB","https://www.amazon.com/dp/B09VDQPNRB"
"","","132","12 Pack - Multi-Colored Face & Body Glitter - Rainbow Chunky Glitter - Uses Include: Festival Rave Makeup Face Body Nails Resin Arts & Crafts Resin Tumblers Bath Bombs","Electric Bliss Beauty","$9.95","1193","39","$11870","10/20/2018","$5.61","7045","4.7","$4.34","16543","Beauty & Personal Care","B09843WCR1","https://www.amazon.com/dp/B09843WCR1"
"","","133","IBCCCNDC Glitter Spray for Hair and Body Tiktok 60ml Long Lasting Hair and Body Glitter Spray Shimmer Silver Glitter Hairspray for Party (1)","Ibcccndc","$10.99","150","5","$1649","06/09/2022","...","9","5","","71451","Beauty & Personal Care","B0B3QLRMC3","https://www.amazon.com/dp/B0B3QLRMC3"
"","","134","12 Sheets Nail Art Sticker 3D Self-Adhesive Teenitor Nail Art Decoration with 5 Boxes Holographic Nail Art Glitter Flakes Butterfly Heart Star Maple Leaf Nail Sequins and Nail Art Flower Slices","Teenitor","$11.99","2617","87","$31378","03/15/2021","$6.42","1192","4.7","$5.57","6533","Beauty & Personal Care","B08Z3QWWW6","https://www.amazon.com/dp/B08Z3QWWW6"
"","","135","","...","","...","...","...","...","...","0","","","","...","B08YKDTMXQ","https://www.amazon.com/dp/B08YKDTMXQ"
"","","136","American Crafts Rose Gold Glitter","American Crafts","$6.43","35","1","$225","07/08/2018","$1.93","604","4.7","$4.50","59340","Arts Crafts & Sewing","B07FBG6Y2K","https://www.amazon.com/dp/B07FBG6Y2K"
"","","137","besharppin 8 Boxes Glitters Sequins Chunky and Fine Glitter Mixed for Crafts Body Face Hair Makeup Nail Art (Blue)","besharppin","$9.98","90","3","$898","07/25/2020","$6.26","74","4.5","$3.72","91934","Beauty & Personal Care","B08DMVPM9L","https://www.amazon.com/dp/B08DMVPM9L"
"","","138","Chameleon Chunky Glitter LEOBRO 12 Color Holographic Craft Glitter for Resin Nail Glitter for Body Face Eye Epoxy Resin Flake Sequin Glitter for Crafts Resin Tumbler Keychain Jewelry Making","LEOBRO","$15.99","240","8","$3838","01/09/2021","$10.52","495","4.8","$5.47","20935","Arts Crafts & Sewing","B08SKYSZVQ","https://www.amazon.com/dp/B08SKYSZVQ"
"","","139","Punky Temporary Hair and Body Glitter Color Spray Travel Spray Lightweight Adds Sparkly Shimmery Glow Perfect to use On Hair Skin or Clothing 3.5 oz - GOLD/SILVER","Punky Jerome Russell","$15.86","68","2","$1078","08/15/2012","$9.94","99","4.1","$5.92","82189","Beauty & Personal Care","B00362X4WK","https://www.amazon.com/dp/B00362X4WK"
"","","140","Fine Glitter Powder Resin Glitter36 Colors Holographic Ultra Epoxy Glitter Assorted Craft Glitter Powder for Resin Arts Crafts SlimeTumblersNail&Painting ArtsGlitter Tumbler Candle Slime Making","Niuvresinkit","$25.99","15","0","$390","03/28/2022","$16.3","0","","$9.69","143800","Arts Crafts & Sewing","B09WRDN2BR","https://www.amazon.com/dp/B09WRDN2BR"
"","","141","Ceya Chunky Glitter 3.5oz/ 100g Pink Gold Craft Glitter Powder Mixed Fine Flakes Iridescent Nail Sequins for Nail Art Hair Epoxy Resin Tumblers Slime Painting Festival Decor","ceya","$12.89","465","15","$5994","01/15/2022","...","31","4.7","","8560","Arts Crafts & Sewing","B09NXJVPGZ","https://www.amazon.com/dp/B09NXJVPGZ"
"","","142","Chunky Glitter Fine Glitter and Flakes Mix Tufusiur 20 Jars Holographic Glitter for Nail Art Body Face Eye Hair Glitter for Euphoria Makeup Eyeshadow Resin Crafts Slime for Accessories Supplies","Tufusiur","$9.99","40","1","$400","03/27/2022","$5.42","84","4.5","$4.57","141976","Beauty & Personal Care","B09WMCYSVP","https://www.amazon.com/dp/B09WMCYSVP"
"","","143","Pacon Spectra Glitter Sparkling Crystals Blue 4-Ounce Jar (91640)","SPECTRA","$6.31","162","5","$1022","06/12/2012","$2.44","513","4.7","$3.87","75092","Arts Crafts & Sewing","B00EO71K0O","https://www.amazon.com/dp/B00EO71K0O"
"","","144","Warmfits Holographic Nail Glitter 12 Colors Holo Laser Superfine Cosmetic Festival Powder Nail Pigment Holo Nail Art Powder Craft Sequins Dust for Face Body Eye Festvial Hair","Warmfits","$11.99","714","23","$8561","08/15/2019","$6.65","2250","4.5","$5.34","30462","Beauty & Personal Care","B07TS7VSGX","https://www.amazon.com/dp/B07TS7VSGX"
"","","145","Kasa Smart Plug Classic 15A Smart Home Wi-Fi Outlet Works with Alexa & Google Home No Hub Required UL Certified 2.4G WiFi Only 1-Pack(HS105)  White","Kasa Smart","$20.88","366","12","$7642","08/08/2016","$13.98","13346","4.5","$6.90","30389","Tools & Home Improvement","B01K1JVZOE","https://www.amazon.com/dp/B01K1JVZOE"
"","","146","Glow in The Dark Chunky Glitter for Tumblers 12 Colors High Luminous Chunky Glitter for Resin Crafts Epoxy Slime Cosmetic Grade Nail Glitter Set for Face Body Skin","ARTISTMART","$15.99","100","3","$1599","01/03/2022","$9.82","20","4.3","$6.17","106333","Arts Crafts & Sewing","B09PN72648","https://www.amazon.com/dp/B09PN72648"
"","","147","Ambesi 35 Grams Fine Glitters 5 Colors Pink Extra Fine Glitter Holographic Ultra Fine Glitter for Makeup Body Nail Face Hair Eyeshadow Lip Gloss Arts Crafts Slime Resin Glitter Sequins Set","Ambesi","$7.09","","","","03/30/2022","...","4","4.1","","80282","Beauty & Personal Care","B09WYBVXCB","https://www.amazon.com/dp/B09WYBVXCB"
"","","148","LoveOurHome 15 Colors Holographic Chunky Glitter Flakes Star Moon Shaped Glitters Confetti Sequins Stickers Resin Accesories for Crafts Resin Epoxy Slime Acrylic Nails Festival Makeup","LoveOurHome","$15.99","68","2","$1087","02/23/2022","$10.05","11","5","$5.94","53474","Arts Crafts & Sewing","B09T9V6N3T","https://www.amazon.com/dp/B09T9V6N3T"
"","","149","Hefulland Holographic Body Glitter Gel Chunky Glitter Festival Accessories for Face Body Eye Long Lasting Glitter 2 Set (Silver&Gold)","Hefulland","$12.99","60","2","$779","10/12/2021","$8.12","6","4.6","$4.87","127996","Beauty & Personal Care","B09JCC95C9","https://www.amazon.com/dp/B09JCC95C9"
"","","150","Black Glitter YGDZ 150g Extra Fine Black Glitter for Resin Nails Tumblers Makeup Face Eye Hair Body Crafts Decoration 0.3mm","YGDZ","$8.99","159","5","$1429","07/06/2020","$5.35","479","4.6","$3.64","61579","Beauty & Personal Care","B08CH4VHF8","https://www.amazon.com/dp/B08CH4VHF8"
"","","151","Extra Fine Glitter Powder for Craft 24 Colors Holographic Cosmetic Laser Glitter for Nail Body Eye Hair Face Lip Gloss Iridescent Glitter Powder for Tumbler and Makeup (24 Fine)","Estanoite","$9.99","75","2","$749","12/07/2020","...","150","4.5","","104614","Beauty & Personal Care","B08PYLR5C2","https://www.amazon.com/dp/B08PYLR5C2"
"","","152","Sulyn Extra Fine 24 Karat Gold Glitter Stacker Jar 2 Ounces Non-Toxic Stackable and Reusable Jar Multiple Slot Openings for Easy Dispensing and Mess Reduction SUL50862","Sulyn","$5.89","229","7","$1349","10/04/2011","$1.47","615","4.6","$4.42","23810","Arts Crafts & Sewing","B009CFZYBY","https://www.amazon.com/dp/B009CFZYBY"
"","","153","Pacon PAC91780 Spectra Glitter Sparkling Crystals Gold 16-Ounce Jar","Unknown","$10.39","296","9","$3075","02/12/2005","$3.69","1327","4.8","$6.70","16789","Arts Crafts & Sewing","B00006IAHH","https://www.amazon.com/dp/B00006IAHH"
"","","154","Ceya Glow in The Dark Glitter 2.8oz/ 80g White Luminous Chunky Glitter Mix Fine Powder Flakes Fluorescent Nail Sequins for Crafts Resin Nails Painting Tumblers Hair Party DIY Phone Cases","ceya","$15.09","100","3","$1509","01/26/2022","$9.29","10","4.5","$5.80","40547","Arts Crafts & Sewing","B09R9LRSW6","https://www.amazon.com/dp/B09R9LRSW6"
"","","155","Sulyn 2oz. Glitter Stacker Jar- Ruby","Sulyn","$5.67","157","5","$890","04/03/2004","$1.28","929","4.7","$4.39","41761","Arts Crafts & Sewing","B009CFZUYU","https://www.amazon.com/dp/B009CFZUYU"
"","","156","TORC Iridescent Hot Pink Chunky Glitter 4 OZ Glitter for Resin Crafts Tumblers Cosmetic Makeup Nail Art Festival Decoration","TORC","$7.99","423","14","$3380","03/10/2022","$3.25","40","4.5","$4.74","6366","Arts Crafts & Sewing","B09VBPT92M","https://www.amazon.com/dp/B09VBPT92M"
"","","157","AddFavor 16 Bottle Chunky Glitter Iridescent Sequin Ultra Sparkle Flakes Opal Hexagons Shaped Nail Art Glitters for for Nail Art/Body/Face/Eye/Hair/Crafts/Slime Decoration Accessories Supplies","AddFavor","$14.99","15","0","$225","05/29/2022","$8.97","0","","$6.02","220318","Beauty & Personal Care","B0B2PJBD55","https://www.amazon.com/dp/B0B2PJBD55"
"","","158","BNTURE Holographic Chunky Glitter 3.5oz Rose Gold Craft Glitter Powder Mixed Chunky Fine for Crafts Resin Arts Cosmetic Festival Party Decoration Makeup Nail Art","BNTURE","$9.99","259","8","$2587","04/26/2022","$4.95","6","5","$5.04","13810","Arts Crafts & Sewing","B09YXRDW99","https://www.amazon.com/dp/B09YXRDW99"
"","","159","10 Pack Cosmetic Chunky Glitter Orange Red Green Color Mix Holographic Nail Glitter Resin Glitter Fine Powder+1mm+2mm+3mm Sequins Flakes Iridescent Art Glitter Set for Body Face Eyes Hair Crafts","GABOX","$7.99","49","1","$392","01/29/2021","$3.81","18","4.1","$4.18","170313","Beauty & Personal Care","B08RLFNC5J","https://www.amazon.com/dp/B08RLFNC5J"
"","","160","18 Boxes Holographic Cosmetic Festival Chunky Glitters Sequins Nail Sequins Iridescent Flakes Cosmetic Paillette Ultra-Thin Tips for Body Face Hair Make Up Nail Art Mixed Color Glitter","Kiikooll","$8.49","633","21","$5374","06/29/2019","$4.04","5843","4.7","$4.45","36619","Beauty & Personal Care","B07TV15GV8","https://www.amazon.com/dp/B07TV15GV8"
"","","161","Laza 12 Colors Glitter Nail Art Acrylic Nails Powder Mixed Sequins Iridescent Flakes Ultra-Thin Paillette Sparkles Tips Chunky Box 120g for Face Eyes Body Hair Crafts Tumblers - Mermaid Princess","Laza","$11.28","146","4","$1647","05/12/2019","$6.05","871","4.5","$5.23","66702","Beauty & Personal Care","B07RNL5PN7","https://www.amazon.com/dp/B07RNL5PN7"
"","","162","Holographic Nail Art Sequins Glitter Kits 6 Boxes 3D Nails Glitter Metallic Shining Flakes Acrylic Powder Dust Sequins for Nails Decoration Holographic Manicure Tips (Vintage Color)","FANJEIS","$6.99","717","23","$5012","12/15/2020","$3.51","934","4.4","$3.48","22467","Beauty & Personal Care","B08QRJYH11","https://www.amazon.com/dp/B08QRJYH11"
"","","163","Sulyn Petal Pink Glitter Jar 4 Ounces Non-Toxic Reusable Jar with Easy to Use Shaker Top Multiple Slot Openings for Easy Dispensing and Mess Reduction Hot Pink Glitter SUL50881","Sulyn","$5.76","86","2","$495","04/03/2004","$1.36","434","4.8","$4.40","53022","Arts Crafts & Sewing","B009CFUQV2","https://www.amazon.com/dp/B009CFUQV2"
"","","164","6 Color Body Glitter Gel SetsChristmas Party Makeup Face Body Eye Lips Hair Nail Cosmetic Festival Chunky GlitterEasy to Apply Easy to Remove Body Glitter","Melemando","$14.89","15","0","$223","06/08/2022","$9.74","0","","$5.15","250161","Beauty & Personal Care","B0B3N1T3BF","https://www.amazon.com/dp/B0B3N1T3BF"
"","","165","COKOHAPPY 8 Boxes Sky Blue Chunky Glitter Makeup Holographic Flake Cosmetic Sequins Glitter Ultra-thin Nail Art Iridescent Sparkle Mixed Glitter for Face Body Hair","COKOHAPPY","$8.99","138","4","$1241","12/09/2018","$4.73","611","4.6","$4.26","59959","Beauty & Personal Care","B07CCH1TNR","https://www.amazon.com/dp/B07CCH1TNR"
"","","166","Body Glitter 5 Color Set Chunky Glitter MixedHair Eyes Glitter Holographic Cosmetic for Christmas Gold Sliver Purple Pink Blue Shimmer Sequins Glitter","Lskrysha","$15.99","49","1","$784","08/19/2021","$9.82","38","4","$6.17","169146","Beauty & Personal Care","B09D7KWQBC","https://www.amazon.com/dp/B09D7KWQBC"
"","","167","KARIZMA Holographic Silver Body Glitter. 10g Chunky Face Glitter Hair Glitter Eye Glitter and Body Glitter for Women. Rave Glitter Festival Accessories Cosmetic Glitter Makeup. Loose Glitter Set","KARIZMA","$7.99","796","26","$6360","02/21/2017","$3.81","13632","4.5","$4.18","1881","Beauty & Personal Care","B014HZ9PXG","https://www.amazon.com/dp/B014HZ9PXG"
"","","168","Holographic Butterfly Nail Art Glitter 3D Sparkly Laser Butterfly Nail SequinFlake Glitter for Acrylic Nail Art Design Makeup DIY Decoration KitNail Manicure for Face Body Eye Hair","N\A","$6.99","30","1","$210","04/09/2022","$3.51","1","5","$3.48","201845","Beauty & Personal Care","B09XLR19TB","https://www.amazon.com/dp/B09XLR19TB"
"","","169","VCOLOKISHI Ultra Fine Glitter 12 Unique Colors Glitter Set 42.5g/Bottle Extra Fine Glitter for Tumbler Slime Epoxy Resin Body Face Nail Cosmetic Makeup Painting Art and Crafts Total 510g","VColokishi","$29.99","69","2","$2069","03/29/2022","$20.35","3","5","$9.64","23843","Arts Crafts & Sewing","B09WTSM8J6","https://www.amazon.com/dp/B09WTSM8J6"
"","","170","48 Boxes Glitter Set 24 Boxes 5g Fine Glitter&24 Boxes Holographic Chunky Glitter Sequins Iridescent Glitter Flakes for Nail ArtEyeshadowCosmeticMakeup. Body Face Glitter for Festival Halloween","Fandamei","$11.99","240","8","$2878","08/30/2020","$6.65","497","4.5","$5.34","50758","Beauty & Personal Care","B08H1ZMTGR","https://www.amazon.com/dp/B08H1ZMTGR"
"","","171","Glitter Spray Body Hair Face Highlighter Powder Spray Shimmer High Gloss Sparkle Powder Makeup Spray Cosmetic for Hair Body Women (Pearl White)","Yasovigi","$8.58","165","5","$1416","08/11/2021","$4.97","61","4","$3.61","64824","Beauty & Personal Care","B092DT1HK5","https://www.amazon.com/dp/B092DT1HK5"
"","","172","Sulyn Extra Fine Crystal Diamond Glitter Stacker Jar 2 Ounces Non-Toxic Stackable and Reusable Jar Multiple Slot Openings for Easy Dispensing and Mess Reduction SUL508601 Pack","Sulyn","$6.99","529","17","$3698","04/03/2004","$2.4","2961","4.7","$4.59","7220","Arts Crafts & Sewing","B009CFYDSY","https://www.amazon.com/dp/B009CFYDSY"
"","","173","Metallic Glue with Glitter Bottles 4 Rainbow Colors (6.76 oz 8 Pack)","Bright Creations","$17.99","68","2","$1223","07/04/2020","$8.86","65","4.3","$9.13","72044","Arts Crafts & Sewing","B0832P28MR","https://www.amazon.com/dp/B0832P28MR"
"","","174","Hemway Craft Glitter 100g / 3.5oz Glitter Flakes for Arts Crafts Tumblers Resin Epoxy Scrapbook Glass Schools Paper Halloween Decorations - Fine (1/64' 0.015' 0.4mm) - Pink Holographic","Hemway","$12.95","1024","34","$13261","11/20/2018","$8.09","15321","4.7","$4.86","5183","Arts Crafts & Sewing","B07KRFTNLF","https://www.amazon.com/dp/B07KRFTNLF"
"","","175","Nail Gang Pro Mirror effect mermaid rainbow chameleon chrome nail pigment powder purple nail polish powder color laser glitter powder sequins nail art decoration tool smokey eyes make up crafting (C3)","Nail Gang","$10.00","1515","50","$15150","08/03/2021","...","2","2.9","","7730","Beauty & Personal Care","B09FK4KNMD","https://www.amazon.com/dp/B09FK4KNMD"
"","","176","PACON - PAC91710 Pacon P0091710 Spectra Glitter Sparkling Crystals Silver 16-Ounce Jar","Unknown","$10.09","113","3","$1140","02/12/2005","$3.44","493","4.7","$6.65","33182","Arts Crafts & Sewing","B00006IAHD","https://www.amazon.com/dp/B00006IAHD"
"","","177","SEISSO 12 Colors Glow in The Dark Glitter Set with UV Flashlight Luminous Chunky Glitter Epoxy Glitter for Resin Arts Crafts Premium Sequins for Slime Cosmetic Grade Flakes for Makeup","SEISSO","$19.99","25","0","$500","05/12/2022","...","8","4.4","","122345","Arts Crafts & Sewing","B09WY5C52C","https://www.amazon.com/dp/B09WY5C52C"
"","","178","Glitter Spray Shimmer Silver Glitter Hairspray for Women Tiktok Hair and Body Glitter Spray","Qoobom","$7.49","10","0","$75","06/17/2022","...","0","","","272563","Beauty & Personal Care","B0B4H361YN","https://www.amazon.com/dp/B0B4H361YN"
"","","179","20 Box Colorful Holographic Chunky Glitter Sequins Iridescent Flakes Mixed Color Glitter Set Glitter Sequins Accessories for DIY Craft Hair Make Up Nail Art Mixed Color Glitter Decoration","Maitys","$7.59","20","0","$152","04/14/2021","$3.21","7","3.1","$4.38","179078","Beauty & Personal Care","B092MF48Y3","https://www.amazon.com/dp/B092MF48Y3"
"","","180","GLITTIES - Pink Flamingo - Nail Art Iridescent Fine (.008') Glitter Powder - for Gel Nail Polish Gel and Acrylic Nail Powder - (10 Gram)","Glitties","$8.95","127","4","$1137","03/08/2015","$4.69","3080","4.5","$4.26","18926","Beauty & Personal Care","B01EBBJU0O","https://www.amazon.com/dp/B01EBBJU0O"
"","","181","Chunky Glitter YGDZ 13 Colors Holographic Iridescent Rainbow Sequins Nail Body Glitter Face Hair Eye Makeup Cosmetic Festival Glitter","YGDZ","$9.99","71","2","$709","04/10/2019","$5.65","322","4.5","$4.34","117062","Beauty & Personal Care","B07QPDBZS2","https://www.amazon.com/dp/B07QPDBZS2"
"","","182","Tiny Stars Glitter Confetti 3mm Stars Confetti Laser Sequins for Party Decoration DIY Crafts Premium Nail Art Body Art Eye Bling - 10gHolographic Silver","JHere","$6.99","257","8","$1796","05/25/2019","$3.02","293","4.7","$3.97","14438","Arts Crafts & Sewing","B07S6KF59G","https://www.amazon.com/dp/B07S6KF59G"
"","","183","Face Glitter Gel Mermaid Sequins Liquid Holographic Glitter Gel Cosmetic Festival Glitter for Face Body Eye Lip Hair Nail Festival Makeup Painting for Festival Party","Fengyang","$12.99","10","0","$130","05/16/2022","$7.5","2","5","$5.49","291672","Beauty & Personal Care","B0B1HLMB4K","https://www.amazon.com/dp/B0B1HLMB4K"
"","","184","Body Glitter Gel Set 4 Colors Sequins Chunky Glitter Gel Colorful Eyeshadow Glitter Holographic Body Gel for Festival Party Face Makeup Hair Nails Eye Cosmetic Lips Shimmer Pink Blue White","Bysiter","$13.98","120","4","$1678","07/01/2019","$8.11","106","4.5","$5.87","72664","Beauty & Personal Care","B07RQYPTR4","https://www.amazon.com/dp/B07RQYPTR4"
"","","185","Tecanne Sparkling Diamond Nail Powder Laser Silver Reflective Nail Glitter Dust Fine Shiny Pigment Holographic Super Bright Party Nightclub for Nail Art Decorations 8 Boxes","Tecanne","$9.99","265","8","$2647","05/13/2021","$6.27","279","4.2","$3.72","44505","Beauty & Personal Care","B091J29JZ9","https://www.amazon.com/dp/B091J29JZ9"
"","","186","Glitter Wenida 12 Colors Holographic Cosmetic Festival Powder Sequins Craft Glitter for Arts Face Hair Body Nail","Wenida","$9.89","239","7","$2364","02/27/2019","$4.87","4900","4.6","$5.02","32983","Arts Crafts & Sewing","B07NQ8HVN1","https://www.amazon.com/dp/B07NQ8HVN1"
"","","187","Glitter","Format: DVD","$51.99","","","","03/12/2015","$41.27","255","4.7","$10.72","535742","Movies & TV","B00005Y3SR","https://www.amazon.com/dp/B00005Y3SR"
"","","188","24 Colors Craft Glitter for Epoxy Resin with Extra Fine Pigment Powder Holographic Chunky Sequins Flakes Nail Arts Decorations Supplies for Festival Cosmetic Body Skin Face Hair Slime Tumblers","BBita","$7.99","311","10","$2485","07/09/2020","$3.87","916","4.4","$4.12","26713","Arts Crafts & Sewing","B08CR5QZSG","https://www.amazon.com/dp/B08CR5QZSG"
"","","189","Mod Podge Mega 8 oz.  Gold Glitter","Mod Podge","$12.40","270","9","$3348","02/28/2019","$6.77","1106","4.6","$5.63","14122","Arts Crafts & Sewing","B079ZFQG2Z","https://www.amazon.com/dp/B079ZFQG2Z"
"","","190","YGDZ Fine Glitter 200g Holographic Silver White Extra Fine Glitter for Resin Arts & Crafts Body Nails Face Hair Epoxy Tumblers(Mother of Pearl & Silver Holographic)","YGDZ","$10.99","176","5","$1934","08/14/2020","$6.27","504","4.6","$4.72","23342","Arts Crafts & Sewing","B08D9H8CY4","https://www.amazon.com/dp/B08D9H8CY4"
"","","191","Extra Fine Glitter Set of 24 Colors Body Cosmetic Glitter Nail Arts Face Hair Eye Lip Gloss Makeup Glitter SlimeTumbler and Epoxy Resin Crafts Loose Glitter Powder Shaker","Estanoite","$10.19","170","5","$1732","12/05/2020","$4.14","306","4.6","$6.05","20743","Arts Crafts & Sewing","B08PSM24NC","https://www.amazon.com/dp/B08PSM24NC"
"","","192","Glitter (Portuguese Edition)","Portuguese Edition by Bruno Ribeiro (Author) Format: Kindle Edition","$5.99","...","...","...","...","...","13","4.1","","","...","B07FMBV7MZ","https://www.amazon.com/dp/B07FMBV7MZ"
"","","193","14 Colors Chunky Fine Body Glitter Mermaid Small Sequins Glitter Face Nail Glitter Sequins Eyeshadow Makeup Palette Holographic Glitter for Eyes Hair Lipgloss for Festival Carnival Halloween Party","Eakroo","$9.98","25","0","$250","12/17/2021","$5.64","11","4.4","$4.34","214152","Beauty & Personal Care","B09NSJ9RMR","https://www.amazon.com/dp/B09NSJ9RMR"
"","","194","MAEPEOR Mermaid Sequins Chunky Body Glitter Gel 6 Colors Holographic Glitter Liquid Body Makeup for Face Body Hair Nails (02 Yellow)","MAEPEOR","$8.99","165","5","$1483","03/01/2022","$5.35","7","4.6","$3.64","68001","Beauty & Personal Care","B09TR2RGC4","https://www.amazon.com/dp/B09TR2RGC4"
"","","195","Body Glitter Spray for Hair and Body Face High Gloss Powder Shimmer Sparkle Powder Makeup Highlighter Spray for Face Body Cosmetic - Pearl White (01)","Deepmind","$8.59","...","...","...","01/23/2022","$4.98","33","3.9","$3.61","233585","...","B09NSG4QCQ","https://www.amazon.com/dp/B09NSG4QCQ"
"","","196","80 Colors Ultra Fine Glitter for Crafts Resin Nails Epoxy Slime (5 Grams Per Packet)","Bright Creations","$8.69","20","0","$174","03/29/2021","$2.87","4","3.2","$5.82","122856","Arts Crafts & Sewing","B091C4DZT2","https://www.amazon.com/dp/B091C4DZT2"
"","","197","Holographic Nail Glitter Sequins Nail Art Supplies 3D Nails Glitter Flakes Shiny Acrylic Nails Powder Dust Silver Nail Glitters Set for Nails Art Decoration Sparkle Manicure Tips Charms (8 Boxes)","ZaneGear","$7.75","127","4","$984","06/07/2020","$4.21","759","4.5","$3.54","68954","Beauty & Personal Care","B089SK7DYM","https://www.amazon.com/dp/B089SK7DYM"
"","","198","Petite 'n Pretty Gen Glitter for Kids Children Tweens and Teens. Weightless Hair and Body Glitter. (BLVD Bling) - Non-Toxic for Kids Made in The USA","Petite 'N Pretty","$20.00","50","1","$1000","03/09/2021","$13.46","31","4.1","$6.54","149262","Beauty & Personal Care","B08YLT372L","https://www.amazon.com/dp/B08YLT372L"
"","","199","Allstarry Holographic Ultra Fine Glitter 4 Colors Metallic Autumn Gold Orange Coppery Glitter Powder 80ml per Jar for Resin Tumblers Slime Painting Arts Nail Art DIY Decoration","Allstarry","$14.99","75","2","$1124","01/02/2021","$8.97","140","4.7","$6.02","42641","Arts Crafts & Sewing","B099K3MBX2","https://www.amazon.com/dp/B099K3MBX2"
"","","200","24 Colors Body Glitter LEOBRO Cruelty-Free Extra Fine Glitter for Resin Festival Glitter Makeup Glitter Cosmetic Glitter for Nail Art Face Body Hair Resin Art Crafts Eyeshadow Lip Gloss Making","LEOBRO","$9.99","204","6","$2038","10/04/2019","$5.42","1255","4.7","$4.57","52555","Beauty & Personal Care","B07YHN5GD5","https://www.amazon.com/dp/B07YHN5GD5"
"","","201","Glow in The Dark Body Face Glitter Gel12 Colors Luminous Iridescent Chunky Glitter for Halloween MakeupSelf-Adhesive UV Black Light Glitter for Body/Face/Hair/Lipgloss/Holographic Eyeshadow","Alisesun","$12.98","60","2","$779","06/15/2022","$8.11","1","3","$4.87","202593","Beauty & Personal Care","B0B4BDNDX8","https://www.amazon.com/dp/B0B4BDNDX8"
"","","202","Beacon Glitter It 2oz","Beacon Adhesives","$6.43","111","3","$714","12/09/2010","$1.93","1327","4.5","$4.50","33044","Arts Crafts & Sewing","B003614NNU","https://www.amazon.com/dp/B003614NNU"
"","","203","Moonlit Silver Biodegradable Glitter 1/2 Ounce - Made from Plant Cellulose Earth Friendly. Perfect for Crafts DIY Projects Even Body Cosmetics. Can be Mixed with Adhesives Paints Gels Oils","Alternative Imagination","$9.99","184","6","$1838","01/23/2019","$6.27","328","4.6","$3.72","84758","Beauty & Personal Care","B07K4QGQZR","https://www.amazon.com/dp/B07K4QGQZR"
"","","204","LET'S RESIN Metallic Fine Glitter Powder 3 Colors Sequins Craft Glitter with Shaker Lid Polyester Epoxy Glitter for Resin Slime Tumblers Painting Arts Nail Art","LET'S RESIN","$9.99","180","6","$1798","09/23/2020","$4.72","1039","4.8","$5.27","25059","Arts Crafts & Sewing","B08JYLBDNW","https://www.amazon.com/dp/B08JYLBDNW"
"","","205","CHASPA 24 Jars Holographic Nail Glitter Summer Nail Sequins Glass Paper Iridescent Flake Glitter for Nail Art Decoration Cosmetic Makeup Body Face Hair DIY Resin Craft","CHASPA","$5.99","55","1","$329","08/30/2021","$1.74","50","4.1","$4.25","93918","Beauty & Personal Care","B09C5SQS85","https://www.amazon.com/dp/B09C5SQS85"
"","","206","150g Extra Fine Iridescent Glitter Rainbow Ultra Fine Glitter Powder for Resin Tumblers Makeup Face Eye Hair Body Crafts Painting Arts Nail Art DIY Decoration (Light Pink)","Estanoite","$10.99","474","15","$5209","04/06/2021","$5.8","481","4.7","$5.19","8118","Arts Crafts & Sewing","B0922KQHQ6","https://www.amazon.com/dp/B0922KQHQ6"
"","","207","Surepromise 45 Colors Mix Colors Eyeshadow Makeup Nail Art Pigment Glitter Dust Powder Set","Surepromise","$13.99","228","7","$3190","11/17/2013","$8.12","4444","4.5","$5.87","38850","Beauty & Personal Care","B00GQQFACA","https://www.amazon.com/dp/B00GQQFACA"
"","","208","AurGun Body Glitter 12 Colors Cosmetic Holographic & Iridescent Glitter Long Lasting Sparkling for Face Nail Body Eye Hair Festival Makeup Carnival Concert Party Beauty - 0.35oz Each Jar","AurGun","$11.99","15","0","$180","03/10/2021","$6.42","3","5","$5.57","251004","Beauty & Personal Care","B08YN61YHN","https://www.amazon.com/dp/B08YN61YHN"
"","","209","NODDWAY Ultra Fine Glitter 12 Colors Holographic Glitter Powder Bulk Craft Glitter for Arts Crafts ResinTumblers SlimeDecoration 15g Each","NODDWAY","$12.69","253","8","$3211","06/19/2020","$7.02","1826","4.7","$5.67","14956","Arts Crafts & Sewing","B083353667","https://www.amazon.com/dp/B083353667"
"","","210","Hemway 54 Glitter Tube Craft Box All-Purpose Ultrafine Glitter for Arts and Crafts DIY Scrapbooks Slime Epoxy Resin Cosmetic Nail Design - (54 x 0.34oz/9.6g)","Hemway","$29.95","80","2","$2396","07/20/2020","$19.67","1175","4.7","$10.28","67194","Arts Crafts & Sewing","B08DD5KWL1","https://www.amazon.com/dp/B08DD5KWL1"
"","","211","LET'S RESIN Holographic Glitter 15*10g Premium Fine Glitter Powder Tumbler Glitter Craft Glitter for epoxy Slime Epoxy Tumblers Nail Art","LET'S RESIN","$9.99","296","9","$2957","04/09/2020","$4.72","1477","4.8","$5.27","14556","Arts Crafts & Sewing","B086ZG4VKQ","https://www.amazon.com/dp/B086ZG4VKQ"
"","","212","Apple Smart Keyboard for iPad (9th 8th and 7th Generation) and iPad Air (3rd Generation) - US English","Apple","$149.98","...","...","...","04/14/2020","...","4968","4.6","","","...","B0863F5KCT","https://www.amazon.com/dp/B0863F5KCT"
"","","213","6 Colors Mermaid Sequins Chunky Body Glitter Gel Set Multi-Use Sparkling Face Glitter for Cosmetic Face Hair Lip Nail Christmas Festival Party Makeup Decoration","Sitovely","$19.99","15","0","$300","07/18/2022","$13.22","0","","$6.77","242995","Beauty & Personal Care","B0B71D4T6K","https://www.amazon.com/dp/B0B71D4T6K"
"","","214","Body Glitter SprayGlitter Spray Glitter Spray for Hair and Body Body Glitter Spray for Women Shimmer Silver Glitter Hairspray (1 PCS)","LELEBEAR","$8.99","60","2","$539","06/19/2022","...","0","","","232486","Beauty & Personal Care","B0B4JVHYCL","https://www.amazon.com/dp/B0B4JVHYCL"
"","","215","Colorations Easy Shake Glitter Great for Crafting & Decorating Each jar has shaker lid 6 Bright Colors 3.5 oz jars 2 of each Safe & Never fading Glitter Non Toxic Sparkle Craft Glitter","Colorations","$58.72","15","0","$881","12/30/2011","$43.48","3","5","$15.24","126314","Arts Crafts & Sewing","B006RO2MTK","https://www.amazon.com/dp/B006RO2MTK"
"","","216","Nailmatic Roll On Body Glitter Gel for Kids Vegan & Cruelty Free Easy to Apply and Remove Light Purple 1 ea","Nailmatic","$15.00","15","0","$225","05/31/2020","$8.23","4","4.1","$6.77","208331","Beauty & Personal Care","B07YKPC7VB","https://www.amazon.com/dp/B07YKPC7VB"
"","","217","Magicfly 50 Colors Fine Glitters Set of 40 Fine Glitters 4 Holographic Chunky Glitters and 6 Glow Under UV Black Light Body Makeup Glitter for Nails Resin Tumblers Craft","Magicfly","$22.99","89","2","$2046","08/26/2018","$13.75","753","4.8","$9.24","41872","Arts Crafts & Sewing","B07GVHSN32","https://www.amazon.com/dp/B07GVHSN32"
"","","218","Glow in The Dark Glitter UV Black Light Glitter 100g/3.5oz Holographic Black Glitter Chunky Glitter for Tumblers Resin Epoxy Cosmetic Glitter for Makeup Face Body Nails Chunky & Fine Glitter Mix","LATIBELL","$13.98","180","6","$2516","11/08/2021","...","24","4.3","","61362","Beauty & Personal Care","B09LBZXNR6","https://www.amazon.com/dp/B09LBZXNR6"
"","","219","Hemway Eco Friendly Biodegradable Glitter 100g / 3.5oz Bio Cosmetic Safe Sparkle Vegan For Face Eyeshadow Body Hair Nail And Festival Makeup Craft - Fine (1/64' 0.015' 0.4mm) - Silver Holographic","Hemway","$14.95","340","11","$5083","10/02/2019","$9.17","920","4.7","$5.78","46767","Beauty & Personal Care","B07YNVK2MC","https://www.amazon.com/dp/B07YNVK2MC"
"","","220","Original Stationery Glitter Shake Jars - Extra Fine Powder 24 Multi Color Assorted Set - Works for Slime School and Children's Projects - Perfect for Home Decorations Face Paint Nails (24 pcs)","Original Stationery","$8.90","77","2","$685","08/15/2016","$2.43","1481","4.7","$6.47","60441","Arts Crafts & Sewing","B01KIGZ71C","https://www.amazon.com/dp/B01KIGZ71C"
"","","221","Moonlit Silver Biodegradable Glitter 1/4 Ounce - Made from Plant Cellulose Earth Friendly. Perfect for Body Cosmetics Crafts DIY Projects. Can be Mixed with Lotions Gels Oils Face Paint","Alternative Imagination","$6.49","400","13","$2596","08/13/2018","$3.05","1161","4.5","$3.44","32732","Beauty & Personal Care","B07H4XH4HL","https://www.amazon.com/dp/B07H4XH4HL"
"","","222","Mini Face Eye Glitter Sequins Mini Eye Shadow Cream Portable Highlighter Gel Waterproof for Body Flash Heart Star Glitter Make UP Blue Pink Yellow Decorate (05)","AKARY","$3.99","30","1","$120","06/16/2021","...","39","3.4","","172260","Beauty & Personal Care","B097DJ4PCS","https://www.amazon.com/dp/B097DJ4PCS"
"","","223","Sulyn Extra Fine Emerald Green Glitter Stacker Jar 2 Ounces Non-Toxic Stackable and Reusable Jar Multiple Slot Openings for Easy Dispensing and Mess Reduction Green Glitter SUL50869","Sulyn","$5.80","80","2","$464","04/03/2004","$1.39","549","4.5","$4.41","30900","Arts Crafts & Sewing","B009CFZJV4","https://www.amazon.com/dp/B009CFZJV4"
"","","224","Gold Face Body Glitter Gel: for Women & Girls | Biodegradable Glitter Body Shimmer | Fine Glitter in Aloe Vera Gel Base with Essential Oil | Body Makeup by Ruth Paul Skin 2oz","Ruth Paul Skin","$15.99","730","24","$11673","06/25/2018","$10.05","845","4.2","$5.94","17532","Beauty & Personal Care","B07HY63DWP","https://www.amazon.com/dp/B07HY63DWP"
"","","225","Hemway Ultra Sparkle Glitter 10g 0.35oz - 1/128' Cosmetic Safe Fine Slime Crafts Weddings Decorations Art Beauty Decoration Scrapbooking - (Silver)","Hemway","$5.95","18","0","$107","06/25/2020","$2.14","175","4.2","$3.81","148914","Arts Crafts & Sewing","B08BX3G1LY","https://www.amazon.com/dp/B08BX3G1LY"
"","","226","Pretty Vulgar - Glitter Dust Attention Seeker Rose Gold","Pretty Vulgar","$32.00","163","5","$5216","09/10/2019","$23.66","275","4.5","$8.34","39905","Beauty & Personal Care","B07SZ3PJPX","https://www.amazon.com/dp/B07SZ3PJPX"
"","","227","CJP Beauty Holographic Glitter Gel for Body Hair Face and Eye - 92% Aloe Vera Based Self-Adhesive and Quick-Dry Body Glitter - 14g / 0.49 oz (Envious Green)","CJP Beauty","$16.99","90","3","$1529","08/28/2019","$10.9","3","4","$6.09","64212","Beauty & Personal Care","B07X4834PR","https://www.amazon.com/dp/B07X4834PR"
"","","228","COKOHAPPY 8 Boxes 10ml Holographic Mermaid Dreams Green Chunky Glitter St. Patrick's Day Sequins Iridescent Flakes Hexagon Tips Mixed Paillette Face Eyes Body Hair Nail Art","COKOHAPPY","$9.99","60","2","$599","03/15/2019","$5.65","197","4.6","$4.34","112114","Beauty & Personal Care","B07P1XBK1M","https://www.amazon.com/dp/B07P1XBK1M"
"","","229","Extra Fine Glitter Powder Set of 28 Colors Body Cosmetic Glitter Nail Arts Face Hair Eye Lip Gloss Makeup Holographic Iridescent Fine Glitter Slime Tumbler and Epoxy Resin Crafts Glitter","Estanoite","$9.99","54","1","$539","04/29/2021","$4.67","258","4.8","$5.32","127425","Beauty & Personal Care","B093WSFXPQ","https://www.amazon.com/dp/B093WSFXPQ"
"","","230","Sulyn Extra Fine Caribbean Glitter Stacker Jar 2 Ounces Non-Toxic Stackable and Reusable Jar Blue Green Glitter SUL51827","Sulyn","$7.00","26","0","$182","08/14/2013","$2.41","797","4.7","$4.59","19227","Arts Crafts & Sewing","B00EO78VJ2","https://www.amazon.com/dp/B00EO78VJ2"
"","","231","Warm Up Glitter Eyeshadow Biodegradable // Karizma Beauty Rose Gold Bio Glitter Eco Glitter Face Glitter Loose Eyeshadow","KARIZMA","$4.99","81","2","$404","12/28/2018","$1.05","118","3.9","$3.94","93074","Beauty & Personal Care","B07HBBLL7D","https://www.amazon.com/dp/B07HBBLL7D"
"","","232","100g Holographic Glitter Cosmetic Mixed Hexagon Chunky & Fine Craft Glitter Resin Sequins for Epoxy Resin Art Body Hair Face Nail Slime Tumblers (Silver)","Estanoite","$12.19","585","19","$7131","06/07/2021","$7.44","209","4.5","$4.75","6566","Arts Crafts & Sewing","B096RS236N","https://www.amazon.com/dp/B096RS236N"
"","","233","VViViD Prisma65 Gold Metallic Glitter Powder 15g Jar (1 Unit)","VViViD","$5.88","25","0","$147","04/01/2018","$1.46","119","4.4","$4.42","137857","Arts Crafts & Sewing","B07BWH7YRR","https://www.amazon.com/dp/B07BWH7YRR"
"","","234","32 Colors Fine Slime Glitter PowderGlitter Powder Sequins for CraftsMulti Purpose Glitter Dust for Body Face Hair MakeupArtDIY Craft1 Box","Xilanhhaa","$8.99","27","0","$243","04/21/2020","$3.87","427","4.6","$5.12","143303","Arts Crafts & Sewing","B087JTCX12","https://www.amazon.com/dp/B087JTCX12"
"","","235","Glitter","Mariah Carey (Actor) Max Beesley (Actor) Vondie Curtis-Hall (Director) & 0 more Rated: PG-13 Format: DVD","$24.78","","","","11/13/2001","$18.14","835","4.7","$6.64","543389","Movies & TV","B0000DK4QE","https://www.amazon.com/dp/B0000DK4QE"
"","","236","Face Glitter Gel 3 Jars Holographic Chunky Glitter Makeup for Body Hair Face Nail Eyeshadow Long Lasting and Waterproof Mermaid Sequins Shimmer Liquid Glitter 50ml/Jar (Set A)","Kaynest","$8.99","36","1","$324","05/13/2022","$4.73","10","4.7","$4.26","216358","Beauty & Personal Care","B0B19XXSNX","https://www.amazon.com/dp/B0B19XXSNX"
"","","237","Sulyn Silver Extra Fine Glitter Stacker Jar","Sulyn","$7.53","34","1","$256","10/04/2011","$2.86","992","4.7","$4.67","15322","Arts Crafts & Sewing","B009CFZX0Q","https://www.amazon.com/dp/B009CFZX0Q"
"","","238","Renfio Holographic Black Chunky Glitter Metallic PET Flake Mixed Fine Powder Face Glitters for Craft Resin Pigment Tumbler Ornament Painting Hair Body Wedding Decor 3.5 Oz (100g) - Laser Black","Renfio","$8.69","280","9","$2433","04/07/2022","$4.47","40","4.7","$4.22","11054","Arts Crafts & Sewing","B09XH38YYK","https://www.amazon.com/dp/B09XH38YYK"
"","","239","2 PCS Mermaid Sequins Chunky Glitter LiquidBody&Face Glitter GelHair Nails Eyeshadow Lasting Sparkling MakeupMusic for Festival Party Carnival(Blue+Pink)","Sulily","$6.99","20","0","$140","12/18/2021","$3.51","1","5","$3.48","202102","Beauty & Personal Care","B09NSTZPGY","https://www.amazon.com/dp/B09NSTZPGY"
"","","240","Hemway White Premium Glitter Multi Purpose Dust Powder 100g / 3.5oz for use with Arts & Crafts Wine Glass Decoration Weddings Cards Flowers Cosmetic Face Eye Body Nails Skin Hair","Hemway","$12.95","905","30","$11720","06/15/2017","$8.09","8664","4.7","$4.86","6831","Arts Crafts & Sewing","B071XJ9X2H","https://www.amazon.com/dp/B071XJ9X2H"
"","","241","Nail Glitter SUPGIFT 15 Colors 130g Holographic Chunky Cosmetic Chameleon Sequins for Makeup Hair Body Art Slime Craft Resin with Brush 5 Spoons","SUPGIFT","$9.99","113","3","$1129","06/12/2021","$6.27","152","4.5","$3.72","79174","Beauty & Personal Care","B095JP2THY","https://www.amazon.com/dp/B095JP2THY"
"","","242","Glitter ( Book 5 ) : A Dark Alphalicious Enemies-to-Lovers Fake-Marriage Romance (Brutal Kings 10)","Mya Grey","$4.19","44","1","$184","04/24/2022","...","0","","","78454","Kindle Store","B09YMR7M7H","https://www.amazon.com/dp/B09YMR7M7H"
"","","243","6 Grids 3D Heart Nail Glitter Sequins Holographic Heart Nail Art Stickers Valentine's Day Nail Glitters Sequins Acrylic Nail Art Supplies Manicure Decoration Accessories Romantic Girl Nail Decorations","ZTZTST","$5.99","38","1","$228","06/27/2022","$2.59","0","","$3.40","209552","Beauty & Personal Care","B0B59KLKJT","https://www.amazon.com/dp/B0B59KLKJT"
"","","244","Sulyn Holographic Glitter Sample Pack Non-Toxic Variety Pack 9 Assorted Colors 0.63 ounces 18 grams SUL6654-97","Sulyn","$5.48","18","0","$99","07/14/2010","$1.74","349","4.4","$3.74","179850","Arts Crafts & Sewing","B003VWMLU6","https://www.amazon.com/dp/B003VWMLU6"
"","","245","Holographic Chunky Glitter Sequins 12 Colors Mixed Cosmetic Glitter for Face Body Eye Hair Nail Art Lip Gloss Makeup Festival Glitter with Different Hexagons Size and Stars (Laser Mix)","Estanoite","$9.99","120","4","$1199","12/07/2020","$6.12","207","4.6","$3.87","79442","Beauty & Personal Care","B08PYRZ1MR","https://www.amazon.com/dp/B08PYRZ1MR"
"","","246","Krafty Kids GC400A Glitter Shaker Jars 21g Gold/Silver/Multi","Krafty Kids","$6.95","10","0","$70","04/03/2004","$2.37","30","4.3","$4.58","157047","Arts Crafts & Sewing","B00OY0Y7YW","https://www.amazon.com/dp/B00OY0Y7YW"
"","","247","Snowflake Confetti Glitter Laser Sequins for DIY Crafts Nail Art Decoration Party Decoration - 6mm 10g (Laser Silver)","JHere","$6.99","45","1","$315","07/28/2019","$3.02","355","4.6","$3.97","64673","Arts Crafts & Sewing","B08BZBM4GK","https://www.amazon.com/dp/B08BZBM4GK"
"","","248","JEMESI Broken Crushed Glass Glitter (2-4mm) 100g/3.5 Oz Irregular Small Chunky Chips High Luster Craft Sequins Gravel for DIY Phone Case Geode Resin Art Coasters Ornament - Silver","JEMESI","$9.99","99","3","$989","03/30/2022","$4.95","0","","$5.04","31635","Arts Crafts & Sewing","B08YJ8JSV8","https://www.amazon.com/dp/B08YJ8JSV8"
"","","249","24 Boxes Holographic Chunky Glitter FANDAMEI 24 Colors 5g Nail Art Glitter Glitter Flakes for Body Face Festival Makeup. Chunky Glitter Sequins for Halloween. Graft Glitter for Arts Decoration.","Fandamei","$8.99","110","3","$989","01/07/2021","$5.35","162","4.7","$3.64","96798","Beauty & Personal Care","B08SJ3FQF8","https://www.amazon.com/dp/B08SJ3FQF8"
"","","250","OIIKI 100G Holographic Chunky Glitters Sparkle Hexagonal Sequins Trims Mixed Powder Glitter Decorations for Nails Face Makeup DIY Art Crafts Resin Tumbler Weddings Parties- Laser Pink","OIIKI","$9.99","15","0","$150","12/22/2021","...","13","4.3","","201765","Beauty & Personal Care","B09P3PY4YP","https://www.amazon.com/dp/B09P3PY4YP"
"","","251","Molisaka 12 Jar Chunky Glitter for Nails Multiple Color Holographic Glitter Nail Sequins Iridescent Nail Glitter Flakes for Nail Art Decorations/ Body Makeup/ Face Glitter/ Resin Craft Glitter Fest","Molisaka","$5.99","64","2","$383","09/16/2021","$1.74","72","4.7","$4.25","184385","Beauty & Personal Care","B09BFFT6KJ","https://www.amazon.com/dp/B09BFFT6KJ"
"","","252","LoveOurHome Nail Glitter Sequins Set Mixed Shaped Holographic Heart Butterfly Neon Star Chunky Glitter Flakes Accessories Manicure Sticker Paillette for Festival Rave Cosmetic Crafts Resin","LoveOurHome","$9.99","255","8","$2547","09/28/2020","$6.27","892","4.8","$3.72","60213","Beauty & Personal Care","B08KD3P5KF","https://www.amazon.com/dp/B08KD3P5KF"
"","","253","Extra Fine Glitter Set of 36 Colors Nail Arts Cosmetic Glitter Resin Crafts Loose Glitter Powder Shaker for Face Body Hair Eye Lip Gloss Makeup Slime and Tumbler Making","Estanoite","$10.99","175","5","$1923","12/02/2020","$5.57","258","4.5","$5.42","91297","Beauty & Personal Care","B08PK3L2DH","https://www.amazon.com/dp/B08PK3L2DH"
"","","254","Chameleon Chunky Glitter 10 Colors 150g/5.29oz Color Shift Crafts Glitter Mix Color Changing Glitter for Tumblers Epoxy Resin Nail Art Slime Body Cosmetic","Foluvinzzis","$16.99","0","0","$0","05/20/2021","$10.9","26","4.8","$6.09","194554","Arts Crafts & Sewing","B095KDCT6Z","https://www.amazon.com/dp/B095KDCT6Z"
"","","255","Fine Craft Glitter Nail Glitters New Sparkle-Flash Glitter for Resin/Arts/Body/Nail/Tumbler and Crystal Mud Decoration Safe Poly Glitter Size 1/64 015 0.4MM 2oz Bottle 57g 1 Piece Sold","KEMOLOVE","$4.99","0","0","$0","04/25/2022","...","0","","","295373","Arts Crafts & Sewing","B09YTVHP7F","https://www.amazon.com/dp/B09YTVHP7F"
"","","256","24 Boxes Holographic Nail Art Sequins Sets Glitter Mermaid Powder Nail Art Decorations 3D Flakes Shiny Powder Dust Iridescent Manicure Tips Charms for Face Eyes Body Hair Nail Art (Chic Pattern)","Maitys","$14.99","60","2","$899","01/20/2021","$9.82","90","4.5","$5.17","171807","Beauty & Personal Care","B08TLS5T5T","https://www.amazon.com/dp/B08TLS5T5T"
"","","257","DaKuan 36 Colors Craft Glitter for Epoxy Resin Resin Decoration Art Kit with Resin DIY Decorations Dye Pigment Gold Foil Flakes Nail Art","DaKuan","$9.99","30","1","$300","09/06/2021","$5.57","7","4.4","$4.42","159539","Arts Crafts & Sewing","B09FLHM246","https://www.amazon.com/dp/B09FLHM246"
"","","258","Christmas Glitter 100g Cosmetic Craft Holographic Glitter for Epoxy Resin Laser Snowflake Christmas Tree Flakes for Nails Face Make Up Body Tumblers Chunky Glitter Festival DecorSD-07","JEMESI","$10.99","30","1","$330","09/03/2021","$5.8","29","4.7","$5.19","74292","Arts Crafts & Sewing","B09FGL16T6","https://www.amazon.com/dp/B09FGL16T6"
"","","259","SEEWE Body Glitter Gel Mermaid Scale Sequins Skin Long Lasting Sparkling Cream Chunky Glitter Eye Shadow Lip Nail Hair Painting Glitter Decorate Art Festival Party Make up Powder (Gold)","Seewe","$6.99","135","4","$944","01/05/2021","$2.89","59","4.4","$4.10","72455","Beauty & Personal Care","B08S6LJSPW","https://www.amazon.com/dp/B08S6LJSPW"
"","","260","YASUOA 8 Colors Butterfly Glitter Nail Sequins 3D Holographic Butterfly Nail Glitter Colorful Chunky Glitter Sticker for DIY Nail Art Design Decoration Epoxy DIY Crafts","YASUOA","$6.66","0","0","$0","05/26/2021","$3.21","0","","$3.45","300198","Beauty & Personal Care","B095YHKJ5Z","https://www.amazon.com/dp/B095YHKJ5Z"
"","","261","Sulyn Extra Fine Onyx Black Glitter Stacker Jar 2 Ounces Non-Toxic Stackable and Reusable Jar Multiple Slot Openings for Easy Dispensing and Mess Reduction Black Glitter SUL50871","Sulyn","$7.55","90","3","$680","04/03/2004","$2.88","735","4.6","$4.67","38261","Arts Crafts & Sewing","B009CFYCTO","https://www.amazon.com/dp/B009CFYCTO"
"","","262","Purple Cosmetic Grade Glitter Gel for Face Hair Body - Aloe Vera Based - Easy to Apply - Made in The USA - Vegan - Cruelty Free - 4 oz","Zoey Koko","$13.99","54","1","$755","09/19/2021","$8.35","3","4.4","$5.64","132097","Beauty & Personal Care","B09GPZ5DYC","https://www.amazon.com/dp/B09GPZ5DYC"
"","","263","Hemway Craft Glitter Shaker 110g / 3.9oz Glitter for Arts Crafts Resin Tumblers Nails Painting Decoration Festival Cosmetic Body - Super Chunky (1/8' 0.125' 3mm) - Rose Gold","Hemway","$12.95","737","24","$9544","02/12/2020","$7.47","6052","4.7","$5.48","5594","Arts Crafts & Sewing","B084QFNKDQ","https://www.amazon.com/dp/B084QFNKDQ"
"","","264","4 Boxes Holographic Nail Sequins Shapes Mixed Iridescent Nail Glitter Flakes Butterfly Hearts Star DIY Design Manicure Decorations Sets for Nail Art/Craft/Makeup (Style A)","AddFavor","$9.99","1002","33","$10010","04/18/2020","$6.27","1598","4.7","$3.72","20166","Beauty & Personal Care","B085HQ78JZ","https://www.amazon.com/dp/B085HQ78JZ"
"","","265","Autada Chunky Glitter 12 Colors Mixology Art and Craft Opal Glitter for Resin Tumblers and Slime Glitter Powder for Party Art and Festival Decor","Autada","$10.99","30","1","$330","05/20/2021","$5.57","58","4.5","$5.42","135541","Arts Crafts & Sewing","B095L1LWW1","https://www.amazon.com/dp/B095L1LWW1"
"","","266","Makartt 2Jars Chunky Glitter and Fine Glitter Set Blue Nail Glitter Holographic Nail Powder Shiny Nail Sequins Flakes Nail Art Manicure Tool for Nail Decoration Face Eyes Body Hair DIY Craft 10g","Makartt","$5.99","30","1","$180","11/21/2021","...","26","4.5","","179501","Beauty & Personal Care","B09MD74HP9","https://www.amazon.com/dp/B09MD74HP9"
"","","267","24 Boxes Holographic Nail Sequins Tingbeauty Stars Glitter Laser Sequins Flakes Colorful Confetti Glitter for DIY Design Face Body Make Up Nail Art Decoration","Tingbeauty","$7.99","48","1","$384","01/02/2020","$4.43","609","4.7","$3.56","96406","Beauty & Personal Care","B07ZJGT9VC","https://www.amazon.com/dp/B07ZJGT9VC"
"","","268","Extra Fine Glitter Set of 60 Vibrant Colors | Color Powder in Leak-Proof Shaker Jars (0.32oz/9g) | Arts & Crafts Glitter Kit Glows Under UV Light | Use for Projects Slime Nails Body Face & More","Positive Art","$20.99","94","3","$1973","05/09/2019","$12.05","749","4.8","$8.94","34759","Arts Crafts & Sewing","B07RN96998","https://www.amazon.com/dp/B07RN96998"
"","","269","Aslanka Extra Fine Glitter 12 Colors Holographic Premium Multi Purpose Glitter Dust Powder for Resin Tumblers Makeup Face Hair Body Crafts Painting Arts Nail Art DIY Decoration(10g /Jar)","Aslanka","$6.99","100","3","$699","01/17/2021","$2.87","141","4.5","$4.12","49633","Arts Crafts & Sewing","B08T97LGR5","https://www.amazon.com/dp/B08T97LGR5"
"","","270","Shimmering Highlighter Powder SpraySparkle Body & Face Glitter Spray Hair Gloss Highlighter Powder Makeupglitter spray for hair and body Cosmetic (Nude Pink)","Sulily","$6.99","85","2","$594","12/27/2021","$2.89","2","3.5","$4.10","168384","Beauty & Personal Care","B09TKHMC9K","https://www.amazon.com/dp/B09TKHMC9K"
"","","271","Laza 12 Colors Nail Art Acrylic Nails Glitter Mixed Powder Retro Copper Sequins Iridescent Flakes Paillette Sparkles Tips 120g for Face Eyes Body Hair - Golden Age","Laza","$11.28","235","7","$2651","05/12/2019","$6.05","1627","4.6","$5.23","40652","Beauty & Personal Care","B07RRPKJ7W","https://www.amazon.com/dp/B07RRPKJ7W"
"","","272","Fall Glitter Nail Sequins Maple Leaf Glitters Flakes 3D Holographic Laser Maple Leaves Shaped Nail Glitters Autumn Nail Art Stickers Decals Fall Nail Designs Sequin Confetti Glitter Leaves (6 Grids)","BSBTBZ","$7.99","20","0","$160","09/20/2021","$4.43","8","4.6","$3.56","191223","Beauty & Personal Care","B09GRTZ8YP","https://www.amazon.com/dp/B09GRTZ8YP"
"","","273","DAWILS Peel Off Chunky Glitter Gel Face Makeup Holographic Chunky Glitter Body Peel Off Formula Cosmetic Glitter Glue Silver","DAWILS","$9.99","130","4","$1299","07/09/2020","$5.65","96","4","$4.34","63136","Beauty & Personal Care","B08CRY4ZXG","https://www.amazon.com/dp/B08CRY4ZXG"
"","","274","TORC Iridescent Pink Fuchsia Fine Glitter Set 6 Ounce Glitter for Resin Crafts Tumblers Slime Cosmetic Nail Art Makeup","TORC","$12.99","40","1","$520","03/14/2022","$5.9","5","4.8","$7.09","57294","Arts Crafts & Sewing","B09VKWCQR4","https://www.amazon.com/dp/B09VKWCQR4"
"","","275","Fine Glitter Acrylic Powder-18 Assorted Color Body Arts and Craft Glitter-0.42oz/12g Each Glitter Set- DECOYARDOO Eyeshadow Makeup Nail Art Pigment Holographic Glitter Festival Decor","DECOYARDOO","$8.99","34","1","$306","09/06/2021","$3.75","43","4.8","$5.24","97107","Arts Crafts & Sewing","B09C6BDFQS","https://www.amazon.com/dp/B09C6BDFQS"
"","","276","Gold Holographic Chunky Glitter Aslanka 500g Large Bluk Glitter for Resin Tumbler Art Making Cosmetic Grade Glitter for Face Body Festival Party Makeup Nails Decoration Crafts Making-17.6oz","Aslanka","$19.99","120","4","$2399","03/23/2021","$11.85","131","4.6","$8.14","42694","Arts Crafts & Sewing","B08ZYQV44W","https://www.amazon.com/dp/B08ZYQV44W"
"","","277","1/3oz! Silver Stars Plant-Based Biodegradable Vegan Cosmetic Glitter for Face Body Craft & Nails (10g) (Silver Stars 10g!)","NOMO Glitter","$6.99","55","1","$384","09/26/2020","$3.51","198","4.7","$3.48","124866","Beauty & Personal Care","B07XFHMRC5","https://www.amazon.com/dp/B07XFHMRC5"
"","","278","Glow in The Dark Glitter JEMESI 6 Color Luminous Iridescent Chunky Glitter Cosmetic Craft Glitter Set for Epoxy Resin Body Face Nail Slime Craft and Festival Party Decoratio","JEMESI","$8.99","160","5","$1438","08/29/2021","$5.35","261","4.6","$3.64","88150","Beauty & Personal Care","B09DY4KL7F","https://www.amazon.com/dp/B09DY4KL7F"
"","","279","WallPops DWPK2466 Watercolor Dots Wall Art Kit Pink","Wall Pops","$16.49","397","13","$6547","09/12/2018","$10.25","392","4.5","$6.24","23608","Tools & Home Improvement","B073SC93H9","https://www.amazon.com/dp/B073SC93H9"
"","","280","CkFyahp Body Glitter Gel 50ml Mermaid Sequins Sparkling Chunky Body Lotion Glitter Liquid Eyeshadow for Cosmetic Face Hair Lip Nail Christmas Festival Party Makeup Decoration (02)","CkFyahp","$8.99","20","0","$180","05/13/2022","...","1","4","","232902","Beauty & Personal Care","B0B1B29ZPP","https://www.amazon.com/dp/B0B1B29ZPP"
"","","281","12 Color Chunky Nail Glitter Body Glitter Makeup Glitter for Face Body Eye Hair Crafts Cosmetic Sequins","LICOOL GLITTER","$6.29","30","1","$189","08/18/2020","$2.25","168","4.5","$4.04","179283","Beauty & Personal Care","B08G826L4X","https://www.amazon.com/dp/B08G826L4X"
"","","282","Metallic Super Fine Glitter Powder for Resin Slime Tumblers (5 Colors 2 oz)","Bright Creations","$11.99","30","1","$360","05/18/2021","$5.67","49","4.8","$6.32","54731","Arts Crafts & Sewing","B095BT7Q5T","https://www.amazon.com/dp/B095BT7Q5T"
"","","283","Renfio Iridescent Chunky Mix Glitter Powder Fluorescent Fine Mixed Glitters PET Flake Hexagon Crafts Sequins Resin Chips Dust for Slime Craft Hair Tumbler 1.75 Oz (50g) - Fluorescent Orange","Renfio","$7.49","15","0","$112","08/18/2021","$3.45","12","4.4","$4.04","166641","Arts Crafts & Sewing","B09D348JHJ","https://www.amazon.com/dp/B09D348JHJ"
"","","284","Body Glitter Gel Nail Hair Body Face Flash Eye Shadow Glitter Cream Chunky Glitter Mermaid Scale Sequins Festival Painting Decoration Makeup (White)","AKARY","$6.99","180","6","$1258","04/06/2021","$2.89","157","4.4","$4.10","75365","Beauty & Personal Care","B091YFL3DP","https://www.amazon.com/dp/B091YFL3DP"