"Export time: 8/6/2022, 8:14:58 PM","","#","Product Name","Brand","Price","Mo. Sales","D. Sales","Mo. Revenue","Date First Available","Net","Rating Number","Rating","Fees","Rank","Category","ASIN","Link"
"Search Term: vegan lipstick","","1","Melixir Vegan Lip Butter 02 Nude Crumble(Tinted) (+17 more colors) 0.13oz Bee Free Petrolatum Free Deep Nourishing Plant-Based Vegan Chapstick Vegan Lip Balm for Dry Cracked and Chapped Lips Moisturizing Lip Care Gift","Melixir","$10.20","7363","245","$75103","02/23/2020","$5.13","6485","4.4","$5.07","1418","Beauty & Personal Care","B08XXGZNXP","https://www.amazon.com/dp/B08XXGZNXP"
"Average Sales: 1,211","","2","Honest Beauty Liquid Lipstick Forever with Avocado oil + Hyaluronic Acid |Lasting Hydration | EWG Certified + Dermatologist tested & Vegan + Cruelty free | 0.12 fl. oz.","Honest Beauty","$5.49","3564","118","$19566","07/17/2019","$2.13","1929","4","$3.36","6861","Beauty & Personal Care","B07TZNRJW3","https://www.amazon.com/dp/B07TZNRJW3"
"Average Sales Rank: 219,391","","3","Matte Vegan Lipstick with Creamy Satin Finish Burnt Sienna with a Rosy Orange Twist and Brownish Color -CRUSH ON YOU (302-Close to You) by Ready to Shine","READY TO SHINE","$21.00","816","27","$17136","12/13/2019","$14.31","965","4.1","$6.69","9798","Beauty & Personal Care","B07XT1BNVH","https://www.amazon.com/dp/B07XT1BNVH"
"Average Price: $15.29","","4","Revolution Pro New Neutrals Blushed Satin Matte Lipstick Intensely Pigmented & Long-Lasting Lip Makeup Vegan & Cruelty-Free Cashmere 3.2g","Makeup Revolution","$8.00","...","...","...","03/29/2022","$3.82","27","4.2","$4.18","105448","...","B09P8TBN22","https://www.amazon.com/dp/B09P8TBN22"
"Average Rating Number: 2,159","","5","Rachel Couture Matte Lipstick with High Impact Color &| Vegan & Cruelty Free | Infused with Rose Extract - 0.12 Oz - Nude","Rachel Couture","$10.00","...","...","...","05/08/2022","...","25","4.5","","191721","...","B09V8GBV37","https://www.amazon.com/dp/B09V8GBV37"
"","","6","Nude Envie Lipstick - Certified Vegan Lipstick Paraben Cruelty Paraben Free - Enriched with Vitamin E and Jojoba Oil (Mesmerize)","nude envie","$30.00","115","3","$3450","05/14/2020","...","73","4.2","","51042","Beauty & Personal Care","B088BNX5G6","https://www.amazon.com/dp/B088BNX5G6"
"","","7","Gabriel Cosmetics Lipstick (Nude - Light Flesh Tone/Cool Crme) Natural Paraben Free Vegan Gluten-freeCruelty-free Non GMO High performance and long lasting Infused with Jojoba Seed Oil and Aloe .13 oz.","Gabriel Cosmetics","$17.60","107","3","$1883","10/27/2006","$11.42","903","4.3","$6.18","16099","Beauty & Personal Care","B00028OULU","https://www.amazon.com/dp/B00028OULU"
"","","8","Pacifica Beauty Color Quench Natural Lip Tint Guava Berry Vegan & Cruelty Free 0.15 Oz","Pacifica","$5.00","3330","111","$16650","07/09/2015","$1.06","6075","4.4","$3.94","5321","Beauty & Personal Care","B00DLNTV8A","https://www.amazon.com/dp/B00DLNTV8A"
"","","9","ILIA - Color Block Lipstick | Non-Toxic Vegan Cruelty-Free Clean Makeup (Rosewood (Soft Oxblood))","ILIA","$28.00","408","13","$11424","11/21/2019","$20.26","348","4.5","$7.74","29525","Beauty & Personal Care","B07NQL35VN","https://www.amazon.com/dp/B07NQL35VN"
"","","10","HAUS LABORATORIES By Lady Gaga: SPARKLE LIPSTICK | Red Long Lasting Universal Lipstick Full-Coverage Lip Color Vegan & Cruelty-Free | 0.12 Oz","HAUS LABORATORIES","$9.42","794","26","$7479","11/19/2019","$5.75","2335","4.6","$3.67","27061","Beauty & Personal Care","B07YHL83HW","https://www.amazon.com/dp/B07YHL83HW"
"","","11","Urban Decay Vice Lipstick - 100% Vegan Formula - 35 Shades Available - Long-Lasting - Hydrating Aloe Vera & Avocado Oil - 714 0.11 oz","URBAN DECAY","$19.00","424","14","$8056","07/31/2021","$12.61","325","4.5","$6.39","47052","Beauty & Personal Care","B095VZW31N","https://www.amazon.com/dp/B095VZW31N"
"","","12","Ecco Bella Plant-Based Vegan Lipstick (Caf au Lait)","Ecco Bella","$19.47","33","1","$643","02/23/2007","$13.63","687","4","$5.84","47665","Beauty & Personal Care","B000US257I","https://www.amazon.com/dp/B000US257I"
"","","13","SHANY Vegan Vibes Only Matte Liquid Lipstick Set - 12 Long-Lasting Liquid Matte Lipsticks in Nude Classic and Bold Shades","SHANY","$25.00","0","0","$0","07/22/2021","$17.48","2","5","$7.52","340758","Beauty & Personal Care","B094BWJ6GY","https://www.amazon.com/dp/B094BWJ6GY"
"","","14","The Lip Bar | Vegan Liquid Matte Lipstick | Hot Mama","The Lip Bar","$12.99","1275","42","$16562","02/12/2019","$7.5","2058","4.4","$5.49","15408","Beauty & Personal Care","B084WYLS71","https://www.amazon.com/dp/B084WYLS71"
"","","15","Kat Von D Epic Kisses Mini Nourishing Vegan Butter Lipstick 4 Piece Set - Lolita Shedefined Zine Queen Role Breaker","Kat Von D","$23.20","15","0","$348","12/01/2021","$16.18","1","5","$7.02","281720","Beauty & Personal Care","B09J1P98WN","https://www.amazon.com/dp/B09J1P98WN"
"","","16","OULAC Metallic Shine Nude Lipstick High Impact Lipcolor with Moisturizing Creamy Formula Long Lasting Vegan & Cruelty-Free Full-Coverage Lip Color 4.3 g/0.15 oz (SAHARA GOLD(10))","Oulac","$9.99","...","...","...","07/02/2022","$5.65","4","5","$4.34","34936","...","B09Z2LTHBD","https://www.amazon.com/dp/B09Z2LTHBD"
"","","17","Palladio Hydrating Lip Oil Infused with Hyaluronic Acid Non-Sticky Formula Subtle shine with tinted sheer color liquid lipstick prevents chapped lips Vegan & Cruelty-Free | 0.13 Oz. (NOT!)","Palladio","$7.99","480","16","$3835","05/01/2021","$4.43","252","4.4","$3.56","29814","Beauty & Personal Care","B08ZQBXYLD","https://www.amazon.com/dp/B08ZQBXYLD"
"","","18","DINNER AT 8 by Kuckian - Sexy Red Lipstick - LONG LASTING - Liquid Velvet Suprem by Kuckian - Cruelty Free Vegan Liquid Matte Long Lasting No Smudge","KUCKIAN COSMETICS","$18.00","1245","41","$22410","06/24/2019","$12.38","3713","4.3","$5.62","12861","Beauty & Personal Care","B07NCNZWB4","https://www.amazon.com/dp/B07NCNZWB4"
"","","19","Mom's Secret Natural Lipstick Organic Vegan Gluten Free Cruelty Free Slim Package Made in the USA 0.07 oz. (Purely Plum Satin)","Mom's Secret","$19.00","240","8","$4560","11/20/2021","$13.23","12","4.6","$5.77","48709","Beauty & Personal Care","B09KZ7C3SF","https://www.amazon.com/dp/B09KZ7C3SF"
"","","20","Oulac Velvet Matte Rose Lipstick for Women - Silky Creamy Lipstick Long Lasting Moisturizing lip makeup Rose Oil Vegan & Cruelty Free Deepened Rosy Pink Y07","Oulac","$8.99","...","...","...","07/24/2022","$4.73","1","2","$4.26","103568","...","B09Y8ZMHF4","https://www.amazon.com/dp/B09Y8ZMHF4"
"","","21","True + Luscious Super Moisture Lipstick  Clean Vegan and Cruelty Free  Lasting Hydration for Dry Lips with a Satin Finish  Vintage Rose","True + Luscious","$22.00","624","20","$13728","01/17/2009","...","820","4","","38252","Beauty & Personal Care","B0761P7HMM","https://www.amazon.com/dp/B0761P7HMM"
"","","22","Honeybee Gardens Truly Natural Lipstick San Francisco | Gluten Free Vegan Cruelty Free Organic Ingredients","Honeybee Gardens","$15.99","40","1","$640","11/05/2015","$10.67","90","4.5","$5.32","183820","Beauty & Personal Care","B002K684TG","https://www.amazon.com/dp/B002K684TG"
"","","23","Half Caked Lip Fondant Liquid Lipstick | vegan & cruelty-free long-lasting transfer-proof non-drying | 4ml (Stellar)","Half Caked","$12.00","80","2","$960","12/30/2020","$6.66","354","4.4","$5.34","92938","Beauty & Personal Care","B08LNZG8BR","https://www.amazon.com/dp/B08LNZG8BR"
"","","24","Mented Cosmetics | Semi Matte Nude Lipstick Brown Bare | Vegan Paraben-free Cruelty-free | Nude Pink Brown Long Lasting Lipstick","Mented","$16.50","450","15","$7425","01/17/2021","...","820","4.3","","27767","Beauty & Personal Care","B08SQW6PWF","https://www.amazon.com/dp/B08SQW6PWF"
"","","25","Mom's Secret Natural Matte Lipstick Organic Long Lasting Vegan Gluten Free Cruelty Free Made in the USA 0.15 oz. (Blushing Bride)","Mom's Secret","$19.00","30","1","$570","03/29/2019","$12.61","87","4","$6.39","194638","Beauty & Personal Care","B07PQG373F","https://www.amazon.com/dp/B07PQG373F"
"","","26","Honest Beauty Tinted Lip Balm Dragon Fruit with Acai Extracts + Avocado Oil | EWG Certified + Dermatologist & Physician tested & Vegan + Cruelty free | 0.141 oz.","Honest Beauty","$8.99","14333","477","$128854","01/31/2019","$5.35","15516","4.4","$3.64","341","Beauty & Personal Care","B07NTS4RDR","https://www.amazon.com/dp/B07NTS4RDR"
"","","27","Maybelline New York Green Edition Balmy Lip Blush Lasting Hydration and Blushed Looking Lips in One Swipe Formulated With Mango Oil Lightning 0.06 oz","Maybelline New York","$7.98","1440","48","$11491","11/12/2021","$3.8","321","4.2","$4.18","11252","Beauty & Personal Care","B09JHTD41V","https://www.amazon.com/dp/B09JHTD41V"
"","","28","7Pcs Matte Liquid Lipstick + 1Pcs Lip Plumper Makeup Set Kit Long Lasting Waterproof Velvet Lip Gloss Set Pigmented Lip Makeup Gift Sets for Girls and Women","QiBest","$8.19","8211","273","$67248","06/27/2020","$4.61","16952","4.2","$3.58","638","Beauty & Personal Care","B089FBPMC6","https://www.amazon.com/dp/B089FBPMC6"
"","","29","Burt's Bees 100% Natural Moisturizing Lipstick Russet River 1 Tube","Burt's Bees","$5.38","290","9","$1560","02/07/2016","$2.03","8462","4.3","$3.35","8658","Beauty & Personal Care","B014VZUK86","https://www.amazon.com/dp/B014VZUK86"
"","","30","Peripera Ink the Velvet Lip Tint | High Pigment Color Longwear Weightless Not Animal Tested Gluten-Free Paraben-Free | 002 CELEB DEEP ROSE 0.14 fl oz","Peripera","$9.90","28789","959","$285011","09/12/2019","$5.57","17597","4.1","$4.33","231","Beauty & Personal Care","B07TY8CTW4","https://www.amazon.com/dp/B07TY8CTW4"
"","","31","wet n wild Silk Finish Lipstick| Hydrating Lip Color| Rich Buildable Color| Black Orchid Red","wet n wild","$1.19","2059","68","$2450","09/13/2015","$-2.65","23692","4.3","$3.84","355","Beauty & Personal Care","B00YFPYLQU","https://www.amazon.com/dp/B00YFPYLQU"
"","","32","NYX PROFESSIONAL MAKEUP Shine Loud Long-Lasting Liquid Lipstick with Clear Lip Gloss - Cash Flow (Light Dusty Rose)","NYX PROFESSIONAL MAKEUP","$9.29","...","...","...","05/23/2021","$5.63","2424","4.2","$3.66","2843","...","B08VJ91BKW","https://www.amazon.com/dp/B08VJ91BKW"
"","","33","Mineral Fusion Sheer Moisture Lip Tint Smolder 0.10 Ounce (Packaging May Vary)","Mineral Fusion","$8.00","146","4","$1168","07/23/2014","$4.44","1253","4.5","$3.56","19827","Beauty & Personal Care","B00KTELD7Q","https://www.amazon.com/dp/B00KTELD7Q"
"","","34","Long Lasting Matte Lipstick (Nude) - Smudge Proof Moisturizing Non Sticky Lip Stick - Glides Smoothly - Vegan Cruelty Free & Paraben Free - Lip Makeup by Mellow Cosmetics - Nude","Mellow","$17.00","12","0","$204","12/12/2017","$10.91","361","4.5","$6.09","64905","Beauty & Personal Care","B01N46PYZO","https://www.amazon.com/dp/B01N46PYZO"
"","","35","HIPAZIZI Nice to Meet MATT Lipstick! Neutro Lipstick Recommended by K-Beauty influencer a variety of vintage mood makeup with Neutro Color.","CHRIS & LILY","$13.99","30","1","$420","11/02/2020","$8.35","4","4.6","$5.64","217446","Beauty & Personal Care","B087M5L85S","https://www.amazon.com/dp/B087M5L85S"
"","","36","e.l.f. Srsly Satin Lipstick Intense color Payoff & Silky Smooth Formula Cherry On Top 0.16 Oz (4.5g)","e.l.f.","$5.40","543","18","$2932","12/20/2020","$1.43","1126","4.2","$3.97","25515","Beauty & Personal Care","B07ZR123ZP","https://www.amazon.com/dp/B07ZR123ZP"
"","","37","Wet n Wild Mega Last High-Shine Lip Color Brick Red Fire-Fighting","wet n wild","$2.18","17007","566","$37075","02/17/2020","$-1.66","14672","4","$3.84","741","Beauty & Personal Care","B082YQ521J","https://www.amazon.com/dp/B082YQ521J"
"","","38","essence | Electric Glow Color Changing Lipstick | pH Reactive Natural Pink for All Skin Tones | Vegan & Cruelty Free | Gluten Free Without Oil & Parabens","essence cosmetics","$4.99","...","...","...","06/01/2022","$1.05","24","3.7","$3.94","34392","...","B09JSNZJQB","https://www.amazon.com/dp/B09JSNZJQB"
"","","39","OULAC Shine to Shine Velvet Matte Lipstick Long Lasting Creamy Formula Opaque Finish Vegan Friendly 3.6 grams / 0.12 ounces Ordinary Orange (Y10)","OUL'AC","$9.99","30","1","$300","12/16/2020","$5.65","68","4.1","$4.34","146379","Beauty & Personal Care","B08JCMJ2BM","https://www.amazon.com/dp/B08JCMJ2BM"
"","","40","The Lip Bar Vegan Lipstick | Chocolate Spritzer - Deep Nude [Satin Finish]","The Lip Bar","$11.99","132","4","$1583","01/24/2019","$6.65","473","4.3","$5.34","108197","Beauty & Personal Care","B07CKT42C1","https://www.amazon.com/dp/B07CKT42C1"
"","","41","Mineral Fusion Lipstick Nude .14 Ounce","Mineral Fusion","$14.35","102","3","$1464","11/05/2009","$8.66","943","4.2","$5.69","16728","Beauty & Personal Care","B017JX5DBG","https://www.amazon.com/dp/B017JX5DBG"
"","","42","Nooni Korean Lip Oil - Appleberry | Moisturizing Revitalizing and Tinting for Dry Lips with Raspberry Fruit Extract 0.12 Fl Oz","NOONI","$12.00","7027","234","$84324","06/18/2018","$7.28","5511","4.2","$4.72","1349","Beauty & Personal Care","B07CG7JCT8","https://www.amazon.com/dp/B07CG7JCT8"
"","","43","Honeybee Gardens Truly Natural Lipstick Heirloom | vegan cruelty free gluten free","Honeybee Gardens","$15.99","60","2","$959","02/09/2018","$10.67","71","4.1","$5.32","102704","Beauty & Personal Care","B0778RL2P1","https://www.amazon.com/dp/B0778RL2P1"
"","","44","Honeybee Gardens Truly Natural Lipstick Cherokee | vegan cruelty free gluten free","Honeybee Gardens","$15.13","3","0","$45","12/21/2017","$9.94","54","3.9","$5.19","209509","Beauty & Personal Care","B002K6C2IU","https://www.amazon.com/dp/B002K6C2IU"
"","","45","Charlotte Cook Cosmetics Clean Liquid Lipstick | Vegan Cruelty Free Non-GMO Nontoxic Dermatologist Tested Lip Color | Moisturizing High Shine Wear | 0.15 fl. oz. | Bangkok","Charlotte Cook Cosmetics","$19.99","0","0","$0","03/16/2021","$13.45","16","4.4","$6.54","344847","Beauty & Personal Care","B08Z3G6JN7","https://www.amazon.com/dp/B08Z3G6JN7"
"","","46","Vegan Lip Balm by ATH Authentic Lip Balm 07 MERRILY 0.12 oz 3.4g | Athe Vegan Lip Balm Provides Lip Care and Expresses Natural Revitalized Lip with Peach Seed Oil | Vegan Beauty | Moisturizing Liptint | Vegan Lipstick","ATH","$36.00","0","0","$0","08/16/2021","$27.68","18","4","$8.32","397032","Beauty & Personal Care","B097XTYLQB","https://www.amazon.com/dp/B097XTYLQB"
"","","47","Lune+Aster PowerLips Quickstick- Unplugged- Vegan moisturizing QuickStick provides effortless lip color and care","Lune+Aster","$20.00","78","2","$1560","09/08/2018","...","47","4.5","","118323","Beauty & Personal Care","B07CMFB8QK","https://www.amazon.com/dp/B07CMFB8QK"
"","","48","Julep It's Balm 2-in-1 Lip Balm + Buildable Lipstick with Semi-Gloss Finish for Dry Cracked & Chapped Lips (Vegan) Nectar Pink Creme","Julep","$12.00","7144","238","$85728","07/09/2016","$6.66","3533","4.1","$5.34","2014","Beauty & Personal Care","B01FSJV44S","https://www.amazon.com/dp/B01FSJV44S"
"","","49","Mom's Secret Natural Lipstick Organic Vegan Gluten Free Cruelty Free Made in the USA 0.15 oz. (Precious Pink)","Mom's Secret","$19.00","48","1","$912","02/17/2019","$12.61","44","4.2","$6.39","260767","Beauty & Personal Care","B07KX7X2W2","https://www.amazon.com/dp/B07KX7X2W2"
"","","50","PYT Beauty Lip Duo Peachy Cinnamon Lipstick and Lip Gloss Hydrating Combo Hypoallergenic Vegan Makeup 1 Count","PYT BEAUTY","$17.99","120","4","$2159","12/23/2018","$11.75","202","4.2","$6.24","80583","Beauty & Personal Care","B08T6GJ34X","https://www.amazon.com/dp/B08T6GJ34X"
"","","51","bellapierre Mineral Lipstick | Richly Pigmented Mineral Lipstick | 100% Natural Formulation | Non-Toxic Cruelty and Paraben Free | Sun Protection | Long Lasting Nourishing Color  Baroness","bellapierre","$15.00","45","1","$675","03/28/2013","...","148","4.3","","164303","Beauty & Personal Care","B08MR3DFM7","https://www.amazon.com/dp/B08MR3DFM7"
"","","52","100% PURE Cocoa Butter Matte Lipstick (Fruit Pigmented) Sahara Full Coverage Long Lasting Matte Lip Moisturizing Cocoa Butter Natural Makeup (Deep Neutral Nude) - 0.15 oz","100% PURE","$28.00","525","17","$14700","01/16/2017","$20.26","301","4.3","$7.74","30596","Beauty & Personal Care","B07B6F1QH9","https://www.amazon.com/dp/B07B6F1QH9"
"","","53","Eleman Liquid Matte Lipstick Pink Mauve Miami Edition - Long Lasting Ultra-Pigmented - Vitamin E Infused No Drying Formula - Vegan And Cruelty-Free Ingredients 19 Oz","Eleman","$18.00","0","0","$0","03/10/2021","$11.76","1","5","$6.24","391638","Beauty & Personal Care","B08YD23F14","https://www.amazon.com/dp/B08YD23F14"
"","","54","Fifth & Skin Better'n Ur Lips (SWEET PEA 2.0) Vegan Lipstick - 100% Natural - Organic - Gluten Free - Cruelty Free - Paraben Free - Healthy Color that's Good for your Lips!","Fifth & Skin","$20.95","38","1","$796","05/28/2019","$14.27","270","4.2","$6.68","135144","Beauty & Personal Care","B07RM8S6SZ","https://www.amazon.com/dp/B07RM8S6SZ"
"","","55","PÜR 4-in-1 Lip Duo - Lip Gloss Matte Lipstick - All Day Lipstick For Long Wear Matte Lip Stain Liquid Lipstick & Daily Lip Moisturizing - Cruelty-Free Vegan Lip Tint","PÜR MINERALS","$20.00","30","1","$600","09/21/2020","$14.08","34","4.1","$5.92","196660","Beauty & Personal Care","B07KK597Q5","https://www.amazon.com/dp/B07KK597Q5"
"","","56","YOUNG VISION Lipsticks Set Multi-finish Matte Nude Colors Lip Stick Bundles Lip Makeup Gift Set for Women Long-lasting and Moisturizing Pack of 6","YOUNG VISION","$9.99","...","...","...","04/12/2022","$5.42","84","4.3","$4.57","42295","...","B09QM48SL9","https://www.amazon.com/dp/B09QM48SL9"
"","","57","Sky Organics Tinted Lip Balms for Lips to Moisturize Soften & Add A Wash of Color Four Assorted Shades 4pk.","Sky Organics","$6.88","2855","95","$19642","01/15/2017","$2.79","7492","4.3","$4.09","6473","Beauty & Personal Care","B01LDELBTU","https://www.amazon.com/dp/B01LDELBTU"
"","","58","Matte Liquid Lipstick | Dusty Rose Lip Color - Best Pink Nude Lipstick Vegan Cruelty-free Aromi (Berry Nude)","Aromi","$17.00","384","12","$6528","08/05/2017","...","391","4.2","","34441","Beauty & Personal Care","B07KMJM8Y8","https://www.amazon.com/dp/B07KMJM8Y8"
"","","59","Mineral Fusion Lipstick Butter Blackberry 0.06 Ounce","Mineral Fusion","$10.98","37","1","$406","12/30/2015","$6.41","454","4","$4.57","45411","Beauty & Personal Care","B017JX4ORU","https://www.amazon.com/dp/B017JX4ORU"
"","","60","Honest Lip Crayon Lush Sheer - Chesnut Women Lipstick 0.105 oz","Honest Beauty","$8.99","458","15","$4117","09/05/2018","$4.73","818","4.2","$4.26","42455","Beauty & Personal Care","B07F43XTFS","https://www.amazon.com/dp/B07F43XTFS"
"","","61","NYX PROFESSIONAL MAKEUP Lip Lingerie XXL Matte Liquid Lipstick - Turn-On (Peach Nude)","NYX PROFESSIONAL MAKEUP","$8.28","7033","234","$58233","04/19/2021","$4.08","4532","4.4","$4.20","1738","Beauty & Personal Care","B00LMQ38RI","https://www.amazon.com/dp/B00LMQ38RI"
"","","62","Mented Cosmetics Nude Matte Lipstick - Brand Nude Long Lasting Liquid Lipstick - Pink Tan Mauve Lipstick - Waterproof Matte Lip Stain for Dark Lip Color - Matte Nude Lipstick for 24 Hour Stay","Mented","$18.00","360","12","$6480","02/05/2021","...","287","4.4","","33680","Beauty & Personal Care","B08TB9QSPQ","https://www.amazon.com/dp/B08TB9QSPQ"
"","","63","6 Colors Velvet Matte Lipgloss SetCapsule Tube Shape Lipgloss With Women's Daily Makeup Lipstick Set","LANGMANNI","$13.99","...","...","...","07/05/2022","$8.97","3","2.5","$5.02","105278","...","B0B12JWYW2","https://www.amazon.com/dp/B0B12JWYW2"
"","","64","Honeybee Gardens Truly Natural Lipstick Seduction | vegan cruelty free gluten free","Honeybee Gardens","$13.59","0","0","$0","...","...","29","4.2","","347307","Beauty & Personal Care","B002K684TQ","https://www.amazon.com/dp/B002K684TQ"
"","","65","Miss Rose Long-lasting Matte Lipstick Set 12 PCS Multi Colored featuring full-pigment lip color with a smooth ultra-matte finish in 12 shades","Miss Rose","$19.95","518","17","$10334","11/27/2017","$13.19","3126","4.1","$6.76","26762","Beauty & Personal Care","B0777KRYCH","https://www.amazon.com/dp/B0777KRYCH"
"","","66","100% PURE Pomegranate Oil Anti-Aging Lipstick Long Lasting Vibrant Makeup - Moisturizing Cocoa Butter Satin Finish - Vegan Fruit Pigmented Peony Color (Pale Pink) - 0.15 oz","100% PURE","$28.00","263","8","$7364","03/09/2015","...","215","4.2","","41989","Beauty & Personal Care","B07B6DWB8G","https://www.amazon.com/dp/B07B6DWB8G"
"","","67","3INA Makeup Cruelty Free Paraben Free Vegan Intense Lipstick 4 ml - 301 Dark Nude","3ina","$17.99","0","0","$0","04/12/2019","$11.75","1","5","$6.24","705309","Beauty & Personal Care","B07GBPNDJQ","https://www.amazon.com/dp/B07GBPNDJQ"
"","","68","Long Lasting Waterproof Matte LipstickHydratingNon-Stick LipstickVelvety Red Lipstick With pure lusterLipstick for All OccasionsEssential Lipstick for WomenCruelty Free Vegan Makeup(05)","Chongshang","$6.68","138","4","$922","03/16/2022","$2.61","61","3.8","$4.07","81098","Beauty & Personal Care","B09S5RDR9S","https://www.amazon.com/dp/B09S5RDR9S"
"","","69","Edanta Natural Lip Gloss Clear Creamy Lipstick Vegan Cruelty Free Liquid Lipsticks Hydrating Lip Cosmestis Make up for Women and Girls Pack of 1 (Orange 2)","Edanta","$8.99","15","0","$135","12/11/2020","$4.73","12","3.3","$4.26","279677","Beauty & Personal Care","B08PYLQK29","https://www.amazon.com/dp/B08PYLQK29"
"","","70","'Unashamed' Premium Nude Matte Liquid Lipstick | By The Clique","By The Clique","$16.50","90","3","$1485","06/09/2018","$6.5","224","3.8","$10.00","68607","Beauty & Personal Care","B08BC5CVYQ","https://www.amazon.com/dp/B08BC5CVYQ"
"","","71","Ere Perez - Natural Olive Oil Lipstick | Vegan Cruelty-Free Clean Beauty (Circus)","Ere Perez","$27.00","30","1","$810","12/17/2018","$19.41","46","4.4","$7.59","208209","Beauty & Personal Care","B07DCG6QC8","https://www.amazon.com/dp/B07DCG6QC8"
"","","72","Dark Green Liquid Lipstick - Matte Green Lipstick Kiss Proof for Halloween Cosplay Carnival - Ultra Long Lasting Lightweight Waterproof Lipstick with Brush- Cruelty Free Vegan (FORBIDDEN FOREST)","MAKI YIKA","$12.99","...","...","...","06/29/2022","...","6","5","","21830","...","B0B1M6JWPL","https://www.amazon.com/dp/B0B1M6JWPL"
"","","73","Winky Lux Glimmer Balm Color-Changing Pink Tinted pH Lip Balm Infused with Vitamin E for All-Day Moisture and Subtle Glittery Gloss 0.13 Oz (Unicorn)","Winky Lux","$16.00","957","31","$15312","09/24/2017","...","2865","4.3","","4609","Beauty & Personal Care","B075X4S4GW","https://www.amazon.com/dp/B075X4S4GW"
"","","74","MEICOLY 9 Colors Matte Lipstick Lip Liner Pencil Set Durable Velvet Lipstick Combination Kit Nude Color Vibrant Smooth for Black Women with 1 Large Sharpener","MEICOLY","$13.99","...","...","...","01/16/2022","$8.97","242","3.9","$5.02","143803","...","B09PF5JPM8","https://www.amazon.com/dp/B09PF5JPM8"
"","","75","NYX PROFESSIONAL MAKEUP Suede Matte Lipstick Vegan Formula - Girl Bye (Berry)","NYX PROFESSIONAL MAKEUP","$7.97","480","16","$3826","08/28/2018","$3.79","1119","4.4","$4.18","27540","Beauty & Personal Care","B07GXDS3RT","https://www.amazon.com/dp/B07GXDS3RT"
"","","76","Skingasm Liquid Blading Lips - 2-Phase High-Intensity Lip Stain for Hyper-Brilliant Color - Revolutionary Smudge Proof Lipstick and Matte Lipstick - Vegan Lip Makeup (Naked)","SKINGASM","$28.00","55","1","$1540","11/22/2021","$20.88","173","3.4","$7.12","109238","Beauty & Personal Care","B09L7375DK","https://www.amazon.com/dp/B09L7375DK"
"","","77","Honeybee Gardens Truly Natural Lipstick Valentine (pink) | Vegan | Cruelty Free | Gluten Free | Naturally Hydrating","Honeybee Gardens","$14.98","0","0","$0","09/11/2014","$9.81","44","3.6","$5.17","365023","Beauty & Personal Care","B00CXX8LUS","https://www.amazon.com/dp/B00CXX8LUS"
"","","78","CCbeauty Matte Lipstick Set 6 Colors Velvet Smooth Nude Lip Stick Waterproof Long Lasting Moisturizer Pigmented Non-Stick Cup Not Fade Pink Lip Makeup Valentine's Day Gift Sets for Her Girls Women Set A","CCbeauty","$9.99","305","10","$3047","02/20/2021","$5.65","381","4.2","$4.34","39117","Beauty & Personal Care","B08THJJW6M","https://www.amazon.com/dp/B08THJJW6M"
"","","79","Honeybee Gardens Truly Natural Lipstick Bombshell (neutral) | Vegan | Gluten Free | Cruelty Free | Naturally Hydrating & Nourishing | Long-wearing","Honeybee Gardens","$15.99","4","0","$64","05/15/2018","$10.05","34","4.3","$5.94","205295","Beauty & Personal Care","B00FH93K8S","https://www.amazon.com/dp/B00FH93K8S"
"","","80","NYX PROFESSIONAL MAKEUP Ultimate Shadow Palette Eyeshadow Palette - Brights","NYX PROFESSIONAL MAKEUP","$11.61","9215","307","$106986","07/16/2019","$6.33","28396","4.6","$5.28","2182","Beauty & Personal Care","B01IW02HYG","https://www.amazon.com/dp/B01IW02HYG"
"","","81","Dragun Beauty DragunGlass Matte Liquid Lipstick Nude Pink Hydrating & Comfortable Matte Finish with Jojoba Oil Vitamin E & Honeysuckle Extract - Vegan & Cruelty Free (0.15 oz)","DRAGUN BEAUTY","$17.11","60","2","$1027","04/21/2021","$11","127","4.3","$6.11","120024","Beauty & Personal Care","B08P7PQDH2","https://www.amazon.com/dp/B08P7PQDH2"
"","","82","ZM Zayn & Myza Vegan Transfer-Proof Power Matte Lip Color-Liquid Lipstick Long Lasting Smudge-proof Waterproof Hydrated Lips All Day with Vit E Matte Finish Paraben Free Power Red 0.20fl.oz","ZM Zayn & Myza","$18.99","0","0","$0","08/10/2021","$12.6","48","3.8","$6.39","418802","Beauty & Personal Care","B08Y2WG8KV","https://www.amazon.com/dp/B08Y2WG8KV"
"","","83","COOLA Organic Mineral Sunscreen Tinted Lip Balm Lip Care for Daily Protection Broad Spectrum SPF 30","Coola","$39.99","2652","88","$106053","09/27/2021","$30.45","2116","3.8","$9.54","6121","Beauty & Personal Care","B09FX1MV3D","https://www.amazon.com/dp/B09FX1MV3D"
"","","84","All Natural Lipstick Semi Matte Lip Color Moisturizing Lipstick Non Toxic Non GMO Highly Pigmented Long Lasting Lipstick Vegan Makeup for Women (Honor) - Luxury by Sofia","Luxury by Sofia","$21.00","15","0","$315","10/13/2019","$14.93","103","4","$6.07","327629","Beauty & Personal Care","B07Y29T45R","https://www.amazon.com/dp/B07Y29T45R"
"","","85","DNM 6 Colors Red Matte Lipstick Pack SetLong Lasting 24 Hour Waterproof Velvet Lipgloss Lip Stain Pigmented Lip Makeup Gift Sets for Girls and Women LabialesGolden Square Tube Lipstick","BINGBRUSH","$12.99","...","...","...","02/08/2022","$8.12","28","3.9","$4.87","103989","...","B09Q61SFH9","https://www.amazon.com/dp/B09Q61SFH9"
"","","86","MAEPEOR Matte Lipstick and Lipliner Set 2Pcs Non-Stick Cup Velvety Liquid Lipgloss Set Waterproof and Long Lasting Liquid Lipstick Set for Women and Girls (2PCS Set Black)","MAEPEOR","$9.99","903","30","$9021","10/30/2020","$5.65","953","4.3","$4.34","14658","Beauty & Personal Care","B08HWKGF5K","https://www.amazon.com/dp/B08HWKGF5K"
"","","87","Ambreesh 24 Karat Lips - Long Lasting Liquid Matte Lipstick - Waterproof Vegan Formula Hey Doll","Ambreesh","$19.00","18","0","$342","11/19/2019","$12.61","77","4","$6.39","277997","Beauty & Personal Care","B07FCTP2QF","https://www.amazon.com/dp/B07FCTP2QF"
"","","88","Berry Nude Matte Liquid Lipstick | Vegan Cruelty-free Lightweight Dusty Rose Shade","Aromi","$17.00","0","0","$0","05/02/2018","...","5","4.5","","64173","Handmade Products","B07CVN6HL9","https://www.amazon.com/dp/B07CVN6HL9"
"","","89","HAUS LABORATORIES by Lady Gaga: LE MONSTER MATTE LIP CRAYON Greaser","Haus Laboratories","$11.90","666","22","$7925","02/20/2020","$7.2","240","4.4","$4.71","94319","Beauty & Personal Care","B08371K352","https://www.amazon.com/dp/B08371K352"
"","","90","PYT Beauty Lipstick Bright Red Hydrating Hypoallergenic Vegan Makeup 1 Count","PYT BEAUTY","$15.99","0","0","$0","07/24/2021","$10.05","12","3.8","$5.94","442057","Beauty & Personal Care","B08T6R44TG","https://www.amazon.com/dp/B08T6R44TG"
"","","91","Lord & Berry Timeless Kissproof Semi Matte Liquid Lipsticks Ultra Light & Thin Coverage For Smooth & Nourished Lips Long Lasting Lipstick For Women Vegan & Cruelty Free Makeup","Lord and Berry","$25.00","0","0","$0","08/08/2016","$18.33","10","4.7","$6.67","280426","Beauty & Personal Care","B075JMHS1V","https://www.amazon.com/dp/B075JMHS1V"
"","","92","Oulac Kissproof Matte Liquid Purple Lipstick - Lip stian Waterproof 24 Hours Long Lasting Lip Tint with Vitamin E & Rose Oil High Pigment ColorGluten Free & Vegan FreePurple M14","Oulac","$8.99","...","...","...","07/01/2022","$4.73","0","","$4.26","59533","...","B09YD6HL8S","https://www.amazon.com/dp/B09YD6HL8S"
"","","93","essence | Glimmer GLOW Lipstick | pH Technology Provides Your Own Unique Shade | Subtle & Sheer Pink Color | Vegan & Cruelty Free | Paraben Free Gluten Free Oil Free Preservative Free","essence cosmetics","$3.99","3975","132","$15860","06/11/2021","$0.13","1500","4","$3.86","5098","Beauty & Personal Care","B08YFD3WSG","https://www.amazon.com/dp/B08YFD3WSG"
"","","94","Honest Beauty Lip Crayon-Demi-Matte Marsala with Jojoba Oil & Shea Butter | Lightweight High-Impact Color | EWG Certified + Dermatologist tested + Hypoallergenic & Cruelty free | 0.105 oz.","Honest Beauty","$15.33","442","14","$6776","10/18/2018","$9.49","1251","4.1","$5.84","38391","Beauty & Personal Care","B07F4643XD","https://www.amazon.com/dp/B07F4643XD"
"","","95","Concrete Minerals Lip Tints Nourishing Formula With High Color Payout Longwear With Smooth Application Cooling Sensation Of Peppermint 100% Vegan and Cruelty Free Handmade in USA 0.6 Ounce Total (Smoke & Mirrors)","Concrete Minerals","$27.00","60","2","$1620","12/14/2020","...","98","4.2","","81095","Beauty & Personal Care","B08L8DHYKZ","https://www.amazon.com/dp/B08L8DHYKZ"
"","","96","6Pcs Matte Liquid Lipstick Makeup Set Matte liquid Long-Lasting Wear Non-Stick Cup Not Fade Waterproof Lip Gloss (Set A)","BestLand","$9.98","17540","584","$175049","02/13/2020","$5.64","25780","4","$4.34","492","Beauty & Personal Care","B083QNQQP9","https://www.amazon.com/dp/B083QNQQP9"
"","","97","Liquid Lipstick from ShowOff - Trophy For Beautiful You! Creamy Pure Matte Smooth Texture Long Lasting 24-hour Smudge Proof Labiales Stay On Kiss Proof Water Proof Vegan Cruelty free matte labial mate larga duracion 24","ShowOff","$15.00","...","...","...","03/23/2022","$9.83","1","5","$5.17","1068650","...","B09TV46L4F","https://www.amazon.com/dp/B09TV46L4F"
"","","98","FOCUSED lipstick from Bossy Cosmetics Power Woman Essentials Collection - Mauve Pink Matte Texture - Made with Watermelon Seed Oil for Moisturizing Wear Vegan Cruelty Free Paraben Free ( 3.9 gr)","Bossy Cosmetics","$20.00","15","0","$300","04/16/2021","$13.46","2","4.5","$6.54","220692","Beauty & Personal Care","B08ZWNMCBK","https://www.amazon.com/dp/B08ZWNMCBK"
"","","99","SHANY Vegan Dreamy Dozen Matte Lip Liner Set - Long-Lasting Professional Velvet Lipstick Pencils in Varying Shades - Pack of 12","SHANY","$11.94","96","3","$1146","12/25/2018","$6.61","248","4.2","$5.33","65582","Beauty & Personal Care","B07KQT9SNK","https://www.amazon.com/dp/B07KQT9SNK"
"","","100","Honeybee Gardens Truly Natural Lipstick Risque | Vegan Cruelty Free Gluten Free","Honeybee Gardens","$13.99","30","1","$420","08/01/2009","...","14","4.3","","164605","Beauty & Personal Care","B002K6OMM4","https://www.amazon.com/dp/B002K6OMM4"
"","","101","Clove + Hallow Lip Crme Cruelty-Free Vegan Natural Makeup Matte Lipstick Damsel","CLOVE + HALLOW","$27.00","0","0","$0","07/09/2018","$20.03","54","3.7","$6.97","410139","Beauty & Personal Care","B07C2BVTT8","https://www.amazon.com/dp/B07C2BVTT8"
"","","102","3INA The Lipstick 282 - Outstanding Shade Selection - Matte And Shiny Finishes - Highly Pigmented And Comfortable - Vegan And Cruelty Free Formula - Moisturizes The Lips - 90S Nude - 0.16 Oz","3ina","$15.95","...","...","...","06/08/2022","$10.02","237","4.3","$5.93","113727","...","B08XXRJ6XD","https://www.amazon.com/dp/B08XXRJ6XD"
"","","103","Winky Lux Matte Lip Velour 24-Hour Long Lasting Lipstick Hydrating with Castor Seed Oil and Vanilla for Everyday Wear. 0.14 Oz Mermaid","Winky Lux","$14.99","0","0","$0","09/26/2019","$9.2","19","4.3","$5.79","477815","Beauty & Personal Care","B07BFB4HRV","https://www.amazon.com/dp/B07BFB4HRV"
"","","104","Undone Beauty Light on Lip Reflecting Amplifying Lipstick with Sheer Buildable Hydrating Color and Aloe Coconut & Volume Enhancing Pigment - Vegan and Paraben & Cruelty Free - Gosh Garnet","UNDONE BEAUTY","$10.00","148","4","$1480","07/23/2019","$5.66","236","4.2","$4.34","59169","Beauty & Personal Care","B07PTBJ4J5","https://www.amazon.com/dp/B07PTBJ4J5"
"","","105","Clover Comfy Matte Lipstick Cruelty-Free & Vegan Lip Makeup Bunny","Clover","$16.00","0","0","$0","06/13/2021","$10.06","19","4","$5.94","248072","Beauty & Personal Care","B095J3RZFG","https://www.amazon.com/dp/B095J3RZFG"
"","","106","Honeybee Gardens Truly Natural Lipstick Queen Bee (red) | Vegan | Gluten Free | Cruelty Free | Naturally Hydrating & Nourishing | Long-wearing","Honeybee Gardens","$15.99","2","0","$32","08/09/2009","$10.05","101","4.1","$5.94","215670","Beauty & Personal Care","B00LWHB2QQ","https://www.amazon.com/dp/B00LWHB2QQ"
"","","107","e.l.f. Srsly Satin Lipstick Intense color Payoff & Silky Smooth Formula Creme 0.16 Oz (4.5g)","e.l.f.","$6.56","170","5","$1115","05/27/2020","$2.97","557","4.2","$3.59","57463","Beauty & Personal Care","B07ZR1HF5V","https://www.amazon.com/dp/B07ZR1HF5V"
"","","108","Undone Beauty Talk Lip Creamy Balm-like Matte Lipstick with Aloe & Coconut and Sheer Buildable Hydrating Color - Vegan and Cruelty Free - Raspberry","UNDONE BEAUTY","$10.00","10","0","$100","07/24/2021","$6.28","9","3.1","$3.72","282288","Beauty & Personal Care","B099VGHD9L","https://www.amazon.com/dp/B099VGHD9L"
"","","109","FreshO2 x Pony Bubble Soft Matte Lipstick Hydrating Luxury Satin Lipstick Silky Smooth Texture | apple cimmamom | Made in Taiwan | Vegan Cruelty Free","FreshO2","$18.99","...","...","...","07/03/2022","$13.22","0","","$5.77","1126997","...","B0B3D9BXVT","https://www.amazon.com/dp/B0B3D9BXVT"
"","","110","CLOVE + HALLOW Lip Velvet - Vegan Natural 24 Hour Liquid Matte Lipstick - Napa","CLOVE + HALLOW","$25.00","0","0","$0","04/28/2018","$18.33","20","4.6","$6.67","441386","Beauty & Personal Care","B07C24T4M3","https://www.amazon.com/dp/B07C24T4M3"
"","","111","CLOVE + HALLOW Lip Velvet - Vegan Natural 24 Hour Liquid Matte Lipstick - Jetsetter","CLOVE + HALLOW","$19.00","0","0","$0","04/28/2018","$13.23","44","4","$5.77","656883","Beauty & Personal Care","B07C27TGJ1","https://www.amazon.com/dp/B07C27TGJ1"
"","","112","REVLON Super Lustrous Glass Shine Lipstick Flawless Moisturizing Lip Color with Aloe Hyaluronic Acid and Rose Quartz Glaring Red (023) 0.15 oz","REVLON","$7.00","3085","102","$21595","03/07/2020","$2.9","6831","4.5","$4.10","6439","Beauty & Personal Care","B07XVVXTVX","https://www.amazon.com/dp/B07XVVXTVX"
"","","113","NYX PROFESSIONAL MAKEUP Soft Matte Lip Cream Lightweight Liquid Lipstick - Copenhagen (Matte Rich Plum)","NYX PROFESSIONAL MAKEUP","$6.50","15298","509","$99437","09/28/2013","$3.06","34825","4.3","$3.44","745","Beauty & Personal Care","B07B4QVRCH","https://www.amazon.com/dp/B07B4QVRCH"
"","","114","12Pcs/Set Velvet Matte Liquid Lipstick Makeup Classic Waterproof Long Lasting Smooth Soft Reach Colors Full Lips Gloss For Women Gift","UCANBE","$11.98","799","26","$9572","10/24/2020","$6.64","2313","4","$5.34","19360","Beauty & Personal Care","B08J489QBS","https://www.amazon.com/dp/B08J489QBS"
"","","115","Apocalyptic Beauty Goth Dark Red Liquid Lipstick - 100% vegan & cruelty-free beauty products inspired by Horror Pop Culture and the Absurd (Apathy)","Apocalyptic Beauty","$13.98","14","0","$196","07/04/2020","$8.96","19","3.3","$5.02","388918","Beauty & Personal Care","B089NLG7ZD","https://www.amazon.com/dp/B089NLG7ZD"
"","","116","Mehron Makeup Highly Pigmented Semi-Matte LIP Cream (Dare)","Mehron","$9.95","0","0","$0","06/08/2018","$6.23","18","4.2","$3.72","332870","Beauty & Personal Care","B07CY3S34H","https://www.amazon.com/dp/B07CY3S34H"
"","","117","Jolie Cosmetics Vivid Colors Bold Effect Lipstick - High Pigmented - True Color Consistency - Costumes Cosplay Stage & FIlm Parades Festivals Themed Parties - Cruelty Free - Vegan (Mirror)","JOLIE. IMPECCABLE ME","$16.95","18","0","$305","05/23/2016","$10.87","52","3.9","$6.08","255441","Beauty & Personal Care","B07K6TCHC2","https://www.amazon.com/dp/B07K6TCHC2"
"","","118","Glamour Dolls Lip Kit - Lipstick Set w/Clear Lip Gloss For Girls - in 6 Mattenetic Colors - 100% Vegan & Cruelty Free Matte Lipstick Set (Activate)","Glamour Dolls","$6.99","0","0","$0","12/16/2019","$2.89","24","4","$4.10","564432","Beauty & Personal Care","B07N892VMZ","https://www.amazon.com/dp/B07N892VMZ"
"","","119","e.l.f Liquid Matte Lipstick Long Lasting Quick-Drying Smudge-Proof Nourishes Conditions Moisturizes Blushing Rose Enriched with Vitamin E 0.10 Oz","e.l.f.","$5.38","1215","40","$6537","02/26/2019","$2.03","1999","4.5","$3.35","12376","Beauty & Personal Care","B07GCJT4GM","https://www.amazon.com/dp/B07GCJT4GM"
"","","120","Aromi Miss Mauve Matte Liquid Lipstick | Vegan and Cruelty-free Long-lasting","Aromi","$17.00","0","0","$0","05/02/2018","...","4","2.3","","114949","Handmade Products","B07F1CJPXF","https://www.amazon.com/dp/B07F1CJPXF"
"","","121","Mynena Sexy Red Liquid Lipstick Matte Velvet Finish Long Lasting Waterproof Lightweight No Smudge Vegan and Cruelty-Free - Elle","Mynena","$14.99","121","4","$1814","03/28/2016","$9.82","3164","4.2","$5.17","19205","Beauty & Personal Care","B01LZMIPP4","https://www.amazon.com/dp/B01LZMIPP4"
"","","122","EpiLynx by Dr. Liia Matte Lipstick - Highly Pigmented with Vibrant and Soft Shades - Easy-To-Apply Matte Finishes - Gluten Free and Vegan","EPILYNX","$12.00","30","1","$360","02/18/2021","$6.66","63","4.1","$5.34","138078","Beauty & Personal Care","B08T8SFP33","https://www.amazon.com/dp/B08T8SFP33"
"","","123","3INA The Longwear Lipstick 396 - Naturally Hydrating Fast Drying - Shades That Stay All Day And Suit Every Skin Tone - Cruelty Free Paraben Free Vegan Cosmetics - Dark Purple Color - 0.23 Oz","3ina","$17.95","...","...","...","10/31/2021","$11.72","41","4.2","$6.23","125416","...","B085BZM8SK","https://www.amazon.com/dp/B085BZM8SK"
"","","124","Honeybee Gardens Truly Natural Lipstick Romance | Vegan Cruelty Free Gluten Free","Honeybee Gardens","$15.90","0","0","$0","...","...","34","4.2","","259088","Beauty & Personal Care","B002K649E0","https://www.amazon.com/dp/B002K649E0"
"","","125","3 PC Luxury Kiss-proof Matte Lipstick Bundle - Red Fuchsia & Purple - Vegan Cruelty Free 12-Hour","KUCKIAN COSMETICS","$38.50","0","0","$0","08/21/2020","...","1","5","","283598","Beauty & Personal Care","B08FZRP7WP","https://www.amazon.com/dp/B08FZRP7WP"
"","","126","Diamond Shine Metallic Sparkle Lip Color with Vitamin E by Nuest Cosmetics Easy Application High Pigment Full Coverage in 8 Glittery Shades Cruelty Free Vegan (Copper Shimmer)","Nuest","$15.47","384","12","$5940","08/20/2019","$9.61","135","4.2","$5.86","34733","Beauty & Personal Care","B07VQL7MQ8","https://www.amazon.com/dp/B07VQL7MQ8"
"","","127","LIQUE Cosmetics Hydrating Lip Balm Infused With Coconut And Jojoba Oils For Soft Lips That Shine Weightless Vegan Formula With A Hint of Color Innocent/Rose 0.21 Oz.","LIQUE","$3.72","1635","54","$6082","09/02/2021","$-0.12","305","4.2","$3.84","11156","Beauty & Personal Care","B09C1QW5M3","https://www.amazon.com/dp/B09C1QW5M3"
"","","128","Inika Certified Organic Vegan Lipstick 100% Vegan Natural Make-Up Argan Oil Shea Butter Moisturizing Lipsticks Protecting Long Lasting Vibrant Color 4.2 g (Naked Kiss)","INIKA","$33.95","0","0","$0","01/04/2016","$25.32","53","3.8","$8.63","367734","Beauty & Personal Care","B014RJU3WY","https://www.amazon.com/dp/B014RJU3WY"
"","","129","Honeybee Gardens Truly Natural Lipstick Calliope (neutral mauve) | Vegan | Cruelty Free | Gluten Free | Naturally Hydrating","Honeybee Gardens","$13.56","15","0","$203","09/29/2019","$8.61","15","3.8","$4.95","302623","Beauty & Personal Care","B07SH34XQZ","https://www.amazon.com/dp/B07SH34XQZ"
"","","130","Fab Flamingo Metallic Matte Liquid Lipstick - vegan cruelty-free long-lasting gluten free","Aromi","$17.00","0","0","$0","05/02/2018","...","3","5","","24668","Handmade Products","B07KCGN8SW","https://www.amazon.com/dp/B07KCGN8SW"
"","","131","100% PURE Lip Caramel Butterchew Long Lasting Liquid Lipstick Nude lipstick with Glossy Finish Natural lipstick Vegan Makeup (Pinky Brown Nude Color) - 0.177 Fl Oz","100% PURE","$28.00","18","0","$504","08/29/2018","$20.88","36","4.2","$7.12","306293","Beauty & Personal Care","B07B6FWTWC","https://www.amazon.com/dp/B07B6FWTWC"
"","","132","Sunnicorn Butter Lip Balm 0.12Oz - Natural Moisturizing Vegan Lipstick Vegan Lip Gloss for Lip Plumping Non-Toxic Vegan Lip Balm for Cracked Chapped and Dry Lips","sunnicorn","$11.00","...","...","...","05/15/2022","$5.81","25","3.9","$5.19","271821","...","B09VGJGF8L","https://www.amazon.com/dp/B09VGJGF8L"
"","","133","URBAN DECAY Vice Lipstick Morning After 0.11 Oz","URBAN DECAY","$24.97","91","3","$2272","09/28/2017","$17.68","69","4.9","$7.29","84926","Beauty & Personal Care","B01M7QMA47","https://www.amazon.com/dp/B01M7QMA47"
"","","134","Maybelline New York Super Stay Matte Ink Liquid Lipstick Long Lasting High Impact Color Up to 16H Wear Exhilarator Ruby Red 0.17 fl.oz","Maybelline New York","$7.98","22458","748","$179215","05/31/2017","$4.42","75497","4.4","$3.56","154","Beauty & Personal Care","B08H4FSGDX","https://www.amazon.com/dp/B08H4FSGDX"
"","","135","Beauty Glazed Matte Liquid Lipstick Set 6 Colors Mist Waterproof Long Lasting Lipsticks Non-Stick Cup Lip Gloss Intense pigments Cruelty Free Vegan Liquid Lipstick Set for Women Makeup","Beauty Glazed","$8.88","0","0","$0","04/03/2020","$4.63","18770","4","$4.25","428013","Beauty & Personal Care","B07ZJR5GJW","https://www.amazon.com/dp/B07ZJR5GJW"
"","","136","Benecos Natural Lipstick (Orange and Red Tones) - Long-Lasting Gorgeous Color Soft and Smooth Moisturized Lips Organic Vegan (Soft Coral)","benecos","$12.45","0","0","$0","03/21/2013","$7.04","35","3.5","$5.41","467925","Beauty & Personal Care","B005U1WMCS","https://www.amazon.com/dp/B005U1WMCS"
"","","137","Nude Lipstick Set 3 Pcs Crayon Lipstick for Women Matte Velvety Waterproof Long Lasting Fruit Lip Liner Lip Tint Pencil","Xiahium","$5.99","...","...","...","07/18/2022","...","0","","","183101","...","B0B6JKWXXM","https://www.amazon.com/dp/B0B6JKWXXM"
"","","138","Rimmel London Lasting Finish Lipstick 002","Coty Beauty","$8.49","32","1","$272","09/05/2013","$4.89","548","4.5","$3.60","64331","Beauty & Personal Care","B006XD1UGG","https://www.amazon.com/dp/B006XD1UGG"
"","","139","12Pcs Capsule Pills Lipstick Mini Matte Lipstick Sets for Black Women Long Lasting labiales mate 24 horas originalesDark Brown Small Lipstick Samples Mini Set in Bulk Lip Stick Pack Matte Makeup Kit","evpct","$7.99","1720","57","$13743","01/10/2022","$3.81","329","4","$4.18","9830","Beauty & Personal Care","B09NFKQXPF","https://www.amazon.com/dp/B09NFKQXPF"
"","","140","Eleman Liquid Matte Lipstick Deep Magenta Sydney Edition - Long Lasting Ultra-Pigmented - Vitamin E Infused No Drying Formula - Vegan And Cruelty-Free Ingredients 19 Oz","Eleman","$18.00","0","0","$0","03/10/2021","$11.76","2","2.1","$6.24","745316","Beauty & Personal Care","B08YD4R456","https://www.amazon.com/dp/B08YD4R456"
"","","141","8pcs Matte Liquid Lipstick with Lip Plumper Makeup Set Velvety Long Lasting High Pigmented Nude Waterproof Lip Gloss Kit Girls Women Make Up Gift Set","QiBest","$9.99","2957","98","$29540","06/13/2020","$6.27","5868","4.3","$3.72","7624","Beauty & Personal Care","B089FJBN4Z","https://www.amazon.com/dp/B089FJBN4Z"
"","","142","REVLON Balm Stain Moonlit Pink 0.095 Ounce","REVLON","$5.95","2948","98","$17541","02/11/2015","$2.55","7594","4.3","$3.40","5292","Beauty & Personal Care","B07B4DZHLD","https://www.amazon.com/dp/B07B4DZHLD"
"","","143","Adesse New York Hi Definition Creamy Liquid Lipstick Luxurious Long Lasting With Intense Shine Full Coverage Lipstick Vegan Cruelty Free Paraben Free- Wild Orchid 3.0 FL OZ","Adesse New York","$12.00","0","0","$0","10/05/2017","$7.28","1","5","$4.72","1205466","Beauty & Personal Care","B072MPGMY9","https://www.amazon.com/dp/B072MPGMY9"
"","","144","Colourlit Liquid Matte Lipstick Smudge Proof Lipstick Matte Finish Liquid Lip Makeup Long Lasting Color 0.16 Fl Oz 1 Count (Goals)","CL COLOURLIT","$18.00","60","2","$1080","10/14/2020","$12.38","100","4.1","$5.62","134358","Beauty & Personal Care","B08GH32DB2","https://www.amazon.com/dp/B08GH32DB2"
"","","145","LIP INK Liquid Lip Color Lipstick - Blue Black (Natural) | Natural & Organic Makeup for Women by Lip Ink International | 100% Organic Kosher & Vegan","Lip Ink","$25.00","0","0","$0","11/02/2019","$18.33","6","4.7","$6.67","768330","Beauty & Personal Care","B07SX8K1JR","https://www.amazon.com/dp/B07SX8K1JR"
"","","146","BIOKUSY 4 Pack Semi Matte Lipstick Set Red Brown Tones Velvet Matte Finish Super Creamy & Smooth High-Pigmented Long Lasting Non-Stick Cup Waterpoof Lipsticks for Women (Coffee Nude)","BIOKUSY","$15.99","...","...","...","05/06/2022","$10.05","7","2.9","$5.94","95993","...","B09WYQ3JJ7","https://www.amazon.com/dp/B09WYQ3JJ7"
"","","147","Kissen Lush Lipstick Crayon - Marlene (Light Nude) | Monika Blunder Beauty | Clean Beauty Cruelty-Free Vegan","Monika Blunder Beauty","$32.00","...","...","...","07/01/2022","...","0","","","","...","B0B48F5S2X","https://www.amazon.com/dp/B0B48F5S2X"
"","","148","Urban Decay Vice Lipstick - 100% Vegan Formula - 35 Shades Available - Long-Lasting - Hydrating Aloe Vera & Avocado Oil - Liar 0.11 oz","URBAN DECAY","$19.00","...","...","...","07/30/2021","...","325","4.5","","47052","...","B095W7WYH3","https://www.amazon.com/dp/B095W7WYH3"
"","","149","Aromi Metallic Matte Liquid Lipstick | Vegan Cruelty-free Shimmery Finish Long-Lasting (Copper Bliss)","Aromi","$17.00","710","23","$12070","03/01/2018","...","396","3.9","","17588","Beauty & Personal Care","B077K597HL","https://www.amazon.com/dp/B077K597HL"
"","","150","Melixir Bare Hand Butter Dreaming Youth - Fresh Citrus Scented Repair Hand Lotion Travel Size Vegan Hand Cream for Dry Hands Shea Butter Hand Cream","Melixir","$20.00","0","0","$0","09/05/2021","$13.46","132","4.4","$6.54","261720","Beauty & Personal Care","B09DFBBXYT","https://www.amazon.com/dp/B09DFBBXYT"
"","","151","Pack of 3 Crystal Jelly Lipstick Firstfly Long Lasting Nutritious Lip Balm Lips Moisturizer Magic Temperature Color Change Lip Gloss (3 Pack)","firstfly","$8.99","1071","35","$9628","06/21/2019","$4.73","2909","4.2","$4.26","13971","Beauty & Personal Care","B07QWDGBZR","https://www.amazon.com/dp/B07QWDGBZR"
"","","152","ZUK Black Matte Lipstick 2Pcs Suede Cream Liquid Lipstick Set for Women Vegan and Cruelty Free 0.34 Fl Oz","ZUK","$3.99","10","0","$40","12/24/2021","$0.13","38","3","$3.86","382054","Beauty & Personal Care","B09NFQ69KT","https://www.amazon.com/dp/B09NFQ69KT"
"","","153","6Pcs Lip Liner and Lipstick Set DNM Chestnut Nude Dark Red Matte Matt Mat Pens Lipstick 24H and with Lip Liner Makeup Set for Black Mature Women Long Lasting labiales mate 24 horas originales A01","evpct","$12.98","2008","66","$26064","09/13/2020","$8.11","2942","4","$4.87","7581","Beauty & Personal Care","B08GG25RNF","https://www.amazon.com/dp/B08GG25RNF"
"","","154","Maybelline Color Sensational Ultimatte Matte Lipstick Non-Drying Intense Color Pigment More Truffle Cocoa Brown 0.06 oz","Maybelline New York","$7.48","5751","191","$43017","11/30/2020","$3.96","4157","4.4","$3.52","1624","Beauty & Personal Care","B08H3TSP2X","https://www.amazon.com/dp/B08H3TSP2X"
"","","155","Palladio Herbal Matte Lipstick Creamy and Full Coverage Long Lasting Matte Lipstick Plum Majesty","Palladio","$7.99","70","2","$559","06/27/2016","$3.81","839","4.2","$4.18","21456","Beauty & Personal Care","B00P5FG5WM","https://www.amazon.com/dp/B00P5FG5WM"
"","","156","VASANTI Matte Crush Lipstick Pencil - Soft Waterproof Smooth Velvety Natural Vegan-Friendly (Blushing - Natural Pink)","Vasanti Cosmetics","$23.00","250","8","$5750","11/22/2016","$16.63","334","4","$6.37","97255","Beauty & Personal Care","B07SJTV22N","https://www.amazon.com/dp/B07SJTV22N"
"","","157","Suavecita X Loteria El Sol Lipstick Set Vegan Cruelty Free & Paraben Free","Suavecito","$39.00","...","...","...","06/17/2022","$29.61","0","","$9.39","296812","...","B0B27JR2FR","https://www.amazon.com/dp/B0B27JR2FR"
"","","158","Mom's Secret Natural Lipstick Made with Organic Ingredients Rich in Vitamin E Vegan Paraben Free Gluten Free Cruelty Free Made in the USA. 0.16 oz. (Tranquil)","Mom's Secret","$19.00","...","...","...","07/06/2022","$12.61","0","","$6.39","143361","...","B09ZW6G7RX","https://www.amazon.com/dp/B09ZW6G7RX"
"","","159","ZM Zayn & Myza Vegan Transfer-Proof Power Matte Lipstick Enriched with Vitamin-E & Cocoa Butter Matte Finish Smooth One Storke Smudge-proof Waterproof Paraben FreeMarvellous Mauve 0.11 fl.oz","ZM Zayn & Myza","$16.99","30","1","$510","08/05/2021","$10.9","105","4.1","$6.09","232516","Beauty & Personal Care","B08Y3KNX92","https://www.amazon.com/dp/B08Y3KNX92"
"","","160","Maybelline Super Stay Vinyl Ink Longwear No-Budge Liquid Lipcolor Highly Pigmented Color and Instant Shine Cheeky 0.14 fl oz","Maybelline New York","$9.98","...","...","...","03/13/2022","$5.64","5178","4.3","$4.34","117","...","B09QH8148N","https://www.amazon.com/dp/B09QH8148N"
"","","161","delilah Colour Intense Cream Lipstick - Delivers Instant Color Payoff - Nourishes And Protects Lips - Semi Matte Finish - Glides On Smoothly - Vegan Friendly - Paraben Free - Stiletto - 0.13 Oz","Delilah","$27.06","30","1","$812","04/17/2018","...","13","4.1","","144801","Beauty & Personal Care","B07B6DPS3D","https://www.amazon.com/dp/B07B6DPS3D"
"","","162","Paul & Joe Treatment Lipstick Refill","Paul & Joe","$15.00","36","1","$540","11/16/2017","$9.83","224","4.5","$5.17","128095","Beauty & Personal Care","B073H3Z9XH","https://www.amazon.com/dp/B073H3Z9XH"
"","","163","e.l.f. Studio Moisturizing Lipstick 82632 Cheeky","The Elf Company","$6.99","4","0","$28","10/09/2015","$2.89","61","4.1","$4.10","138395","Beauty & Personal Care","B00GW51EUM","https://www.amazon.com/dp/B00GW51EUM"
"","","164","Pumpkin Spice Metallic Matte Liquid Lipstick - vegan cruelty-free long-lasting gluten free","Aromi","$17.00","0","0","$0","05/02/2018","...","1","5","","35993","Handmade Products","B07K37ZQNT","https://www.amazon.com/dp/B07K37ZQNT"
"","","165","ZUZU LUXE Lip Color Lipstick (Chocolate Cherry - Reddish Brown/Cool Crme) Natural Ultra-Hydrating Lipstick Paraben Free Vegan Gluten-free Cruelty-free Non GMO 0.13 oz","Zuzu Luxe","$18.00","29","0","$522","04/17/2011","$12.38","410","4.6","$5.62","75781","Beauty & Personal Care","B000IG8SW8","https://www.amazon.com/dp/B000IG8SW8"
"","","166","I'm Meme Lipstick - Tictoc Tint Lip Cashmere | Natural Pigmentation Matte Finish Daily Use 015 Cherry Coco Beret 0.08 Oz","I'M MEME","$18.00","51","1","$918","01/11/2019","...","313","4.1","","210414","Beauty & Personal Care","B07PPMPBR5","https://www.amazon.com/dp/B07PPMPBR5"
"","","167","Honeybee Gardens Truly Natural Lipstick Vintage Merlot | vegan cruelty free gluten free","Honeybee Gardens","$15.99","0","0","$0","07/13/2018","$10.67","30","3.8","$5.32","420771","Beauty & Personal Care","B002K6BUYW","https://www.amazon.com/dp/B002K6BUYW"
"","","168","Natural Lipstick | Vegan Makeup Cruelty-free Beauty Dye-free Lipstick Rosy Lip Mother's Day Gift Idea (Rose Burgundy)","Aromi","$17.00","0","0","$0","07/16/2020","...","28","4.2","","449721","Beauty & Personal Care","B086SLTFN7","https://www.amazon.com/dp/B086SLTFN7"
"","","169","e.l.f. Cosmetics Moisturizing Lipstick Provides Vibrant Color and Luminous Shine Flirty and Fabulous","e.l.f.","$4.00","2","0","$8","06/07/2015","$0.14","166","4.2","$3.86","171233","Beauty & Personal Care","B00GW557GE","https://www.amazon.com/dp/B00GW557GE"
"","","170","ZEESEA Matte Lipstick The British Museum Egypt Series Luxury Satin Lipstick Long-Lasting Vegan Cruelty-Free (306)","zeesea","$21.99","36","1","$792","01/02/2020","$15.15","160","4.6","$6.84","90324","Beauty & Personal Care","B082V66652","https://www.amazon.com/dp/B082V66652"
"","","171","M R Makeup Revolution Matrix Simulation Lip Set! Green Matte Liquid Lipstick And Red Matte Liquid Lipstick! Matrix Movie Inspired Lipstick! Vegan And Cruelty Free! (The Matrix Simulation)","M R","$14.99","...","...","...","11/02/2021","...","0","","","477380","...","B09J877Y58","https://www.amazon.com/dp/B09J877Y58"
"","","172","Burt's Bees Lip Balm Moisturizing Lip Shimmer with Vitamin E & Coconut Oil 100% Natural Watermelon 0.09 Ounce","Burt's Bees","$4.99","209","6","$1043","03/04/2015","$1.67","14242","4.6","$3.32","13276","Beauty & Personal Care","B001AM6484","https://www.amazon.com/dp/B001AM6484"
"","","173","Liquid Lipstick 2.5ml Liquid Lipsticks Lip Glaze Moisturizing Long lasting Waterproof Liquid Lip Gloss Gifts for Ladies(G06)","YUYTE","$4.18","0","0","$0","04/19/2021","...","8","2.5","","490817","Beauty & Personal Care","B092V48Z6Y","https://www.amazon.com/dp/B092V48Z6Y"
"","","174","Matte Liquid Lipstick | Vegan + Cruelty-free Makeup Long-Lasting Opaque Handmade | Aromi (Sand Nude)","Aromi","$17.00","0","0","$0","06/24/2018","...","3","5","","71325","Handmade Products","B07F184CMT","https://www.amazon.com/dp/B07F184CMT"
"","","175","Ruby Kisses Matte Lipstick 0.12 Ounce (Black&Blue)","KISS","$4.65","45","1","$209","03/22/2020","$1.36","116","4.1","$3.29","114333","Beauty & Personal Care","B07Y8TJMSG","https://www.amazon.com/dp/B07Y8TJMSG"
"","","176","Vegan Airy Lip Balm by ATH Authentic Airy Lip Balm 02 SO WARM 0.12 oz 3.3g | Athe Vegan Lip Balm | Light Matte Texture Moisturizing Non-Smudging Lip Care Vegan Balm | Vegan Beauty | Moisturizing Liptint | Vegan Lipstick | Kbeauty","ATH","$36.00","0","0","$0","07/06/2021","$27.06","15","3.6","$8.94","423588","Beauty & Personal Care","B097XY2N76","https://www.amazon.com/dp/B097XY2N76"
"","","177","Burts Bees 100% Natural Glossy Lipstick Peony Dew - 1 Tube","Burt's Bees","$6.59","215","7","$1417","01/29/2018","$3.14","2693","4.3","$3.45","9139","Beauty & Personal Care","B073WZKFB8","https://www.amazon.com/dp/B073WZKFB8"
"","","178","Rachel Couture Complete Lip Kit | Includes Lipstick Lip Liner & Lip Gloss | Vegan & Cruelty Free | Infused with Rose Extract","Rachel Couture","$10.00","30","1","$300","11/17/2021","...","27","4.1","","142853","Beauty & Personal Care","B09L589146","https://www.amazon.com/dp/B09L589146"
"","","179","Long-Wear Lip Crme Liquid Lipstick","Jouer","$19.00","...","...","...","06/26/2022","$13.23","0","","$5.77","243209","...","B09BG6XS5N","https://www.amazon.com/dp/B09BG6XS5N"
"","","180","4Pcs Matte Liquid Lipstick Makeup Set Kit Long Lasting Waterproof Professional Colorful Cosmetics Lip Gloss Non-Stick Cup Pigmented Lip Makeup Gift Sets for Girls and Women (Set 05)","MIESCHER","$7.99","...","...","...","05/01/2022","$4.43","0","","$3.56","207469","...","B09WYC4SM2","https://www.amazon.com/dp/B09WYC4SM2"
"","","181","delilah Colour Intense Cream Lipstick - Delivers Instant Color Payoff - Nourishes And Protects Lips - Semi Matte Finish - Glides On Smoothly - Vegan Friendly - Paraben Free - Whisper - 0.13 Oz","Delilah","$27.06","0","0","$0","...","...","1","1","","317264","Beauty & Personal Care","B07B6CH2K2","https://www.amazon.com/dp/B07B6CH2K2"
"","","182","Ibcccndc Halloween Cosplay Matte Lipstick Vegan Cruelty Free Skull-Shaped Makeup Vampire Witch Punk Party (3Pcs)","Ibcccndc","$4.99","0","0","$0","10/25/2020","$1.05","9","4.8","$3.94","474206","Beauty & Personal Care","B08HT2RJQN","https://www.amazon.com/dp/B08HT2RJQN"
"","","183","JES Organics Natural Organic Infused Vegan Lipstick Paraben Free (Easy Street)","Jes Organics","$22.00","0","0","$0","06/21/2020","...","9","4.8","","420992","Beauty & Personal Care","B07LD4S9W5","https://www.amazon.com/dp/B07LD4S9W5"
"","","184","Aromi Neon Red Matte Liquid Lipstick - Magenta Lipstick Vegan Cruelty-free Bright Red","Aromi","$17.00","0","0","$0","05/02/2018","...","8","3.8","","61679","Handmade Products","B07H78RLSD","https://www.amazon.com/dp/B07H78RLSD"
"","","185","Lipstick for Women6 Colors Matte Lipstick Set Long-Lasting Wear Non-Stick Cup Liquid Lipstick Not Fade Waterproof Lip Gloss Lip Makeup Gift Sets for Girls and Women","Onkessy","$8.88","90","3","$799","01/21/2021","$4.4","114","4","$4.48","93971","Beauty & Personal Care","B08PZFHGL6","https://www.amazon.com/dp/B08PZFHGL6"
"","","186","AMUSE Dew Velvet Semi Matt Fresh Dewy Velvet Korean Makeup Transfer-proof Lipstick Non-sticky Lipstick Glossy Vegan 05 SEOULER","Amuse","$21.82","...","...","...","04/23/2022","$15.63","67","4.2","$6.19","47276","...","B094N9MG9B","https://www.amazon.com/dp/B094N9MG9B"
"","","187","3Pcs Dark Black Blue Purple Matte 24-Hour Liquid Lipstick Sets Smudge Proof DNM Long Lasting Matte Lipstick Lip Stain Lip Gloss Set 24 Waterproof Matt Lipsticks Set Matt Liquid Makeup (Set07)","AMY'S DIARY","$6.99","1475","49","$10310","12/16/2021","$3.51","328","4.1","$3.48","10840","Beauty & Personal Care","B09LLRLS8S","https://www.amazon.com/dp/B09LLRLS8S"
"","","188","delilah Colour Intense Cream Lipstick - Delivers Instant Color Payoff - Nourishes And Protects Lips - Semi Matte Finish - Glides On Smoothly - Vegan Friendly - Paraben Free - Hush - 0.13 Oz","Delilah","$27.06","30","1","$812","04/01/2021","$19.93","12","3.4","$7.13","236248","Beauty & Personal Care","B07B6DTN6G","https://www.amazon.com/dp/B07B6DTN6G"
"","","189","Eleman Liquid Matte Lipstick Terracotta Madrid Edition - Long Lasting Ultra-Pigmented - Vitamin E Infused No Drying Formula - Vegan And Cruelty-Free Ingredients 19 Oz","Eleman Beauty","$18.00","15","0","$270","03/10/2021","$11.76","2","5","$6.24","226787","Beauty & Personal Care","B08YDJW11D","https://www.amazon.com/dp/B08YDJW11D"
"","","190","Shea Butter Lip Balm Base|Melt & Pour Lip Balm| Lip Balm Base DIY| Lip Balm Base Organic| Lip Balm Base Natural| Lip Balm Base Vegan| Lip Balm Base Bulk 4 Ounce","Body Butters Creations","$14.80","0","0","$0","05/23/2020","...","14","5","","19692","Handmade Products","B0894889PJ","https://www.amazon.com/dp/B0894889PJ"
"","","191","Edanta Natural Lip Gloss Clear Creamy Lipstick Vegan Cruelty Free Liquid Lipsticks Hydrating Lip Cosmestis Make up for Women and Girls Pack of 1 (Transparent 1)","Edanta","$7.66","0","0","$0","12/11/2020","$3.51","12","3.3","$4.15","284911","Beauty & Personal Care","B08PYSP1F4","https://www.amazon.com/dp/B08PYSP1F4"
"","","192","SIVSAZ Lipstick and Lip Liner Makeup Liquid Lipstick Matte Long Lasting Shape and Fill the Lips High Color and Long-Lasting Professional Makeup Lip Pencil 05","SIVSAZ","$5.00","...","...","...","01/10/2022","...","4","3.7","","603915","...","B09N3D35N8","https://www.amazon.com/dp/B09N3D35N8"
"","","193","Rose Gold Metallic Matte Liquid Lipstick - vegan cruelty-free long-lasting gluten free","Aromi","$17.00","0","0","$0","05/02/2018","...","7","4.7","","54496","Handmade Products","B07HR1WHL3","https://www.amazon.com/dp/B07HR1WHL3"
"","","194","Faces Canada Velvet Matte Lipstick Vitamin E Enriched Soft Matte Finish Smooth One Stroke Intense Color Hydrated Lips All Day Brown Red Pink Purple Plum Lip Color Magic Mocha 0.12 Oz","FACESCANADA","$21.35","15","0","$320","01/22/2021","$14.61","405","4.1","$6.74","175008","Beauty & Personal Care","B088MMTHWT","https://www.amazon.com/dp/B088MMTHWT"
"","","195","Honeybee Gardens Truly Natural Lipstick Bermuda (pinky coral) | Vegan | Gluten Free | Cruelty Free | Naturally Hydrating & Nourishing | Long-wearing","Honeybee Gardens","$14.63","0","0","$0","...","...","22","4","","443541","Beauty & Personal Care","B073WGLZW3","https://www.amazon.com/dp/B073WGLZW3"
"","","196","7V Home Beauty Brown Matte Liquid Lipstick Long Lasting High Pigmented Non-stick Waterproof Brown Lipstick (5ml 202)","7V HOME BEAUTY","$4.99","...","...","...","04/10/2022","$1.67","67","4","$3.32","22464","...","B09TQZYKW7","https://www.amazon.com/dp/B09TQZYKW7"
"","","197","Honeybee Gardens Truly Natural Lipstick Goddess | vegan cruelty free gluten free","Honeybee Gardens","$15.99","0","0","$0","01/19/2019","$10.67","19","4.1","$5.32","431295","Beauty & Personal Care","B002K6ADRC","https://www.amazon.com/dp/B002K6ADRC"
"","","198","Eleman Liquid Matte Lipstick Subtle Pink Nude Paris Edition - Long Lasting Ultra-Pigmented - Vitamin E Infused No Drying Formula - Vegan And Cruelty-Free Ingredients 19 Oz","Eleman","$18.00","0","0","$0","04/29/2021","$11.76","3","3.8","$6.24","551005","Beauty & Personal Care","B08YCYW1LY","https://www.amazon.com/dp/B08YCYW1LY"
"","","199","","...","$47.00","...","...","...","10/29/2021","...","0","","","","...","B08FPVQTMX","https://www.amazon.com/dp/B08FPVQTMX"
"","","200","Pacifica Beauty Plushious Liquid Lipstick Velvet Kiss 0.07 Ounce","Pacifica","$10.00","30","1","$300","08/14/2018","$6.28","58","4.2","$3.72","143337","Beauty & Personal Care","B071KYP3FB","https://www.amazon.com/dp/B071KYP3FB"
"","","201","Honeybee Gardens Truly Natural Lipstick South Beach (coral) | Vegan | Gluten Free | Cruelty Free | Naturally Hydrating & Nourishing | Long-wearing","Honeybee Gardens","$15.99","17","0","$272","06/07/2018","$10.67","27","3.9","$5.32","360963","Beauty & Personal Care","B01G0Y8MWW","https://www.amazon.com/dp/B01G0Y8MWW"
"","","202","Matte Liquid Lipstick Set Durable Nude Lip Gloss Long-Lasting Non-Stick Cup Not Fade Waterproof High Pigmented Velvet Lipgloss Kit Beauty Cosmetics Makeup Gift Set for Girls (24PCS)","LANGMANNI","$24.99","1605","53","$40109","09/29/2020","$16.72","361","4","$8.27","7345","Beauty & Personal Care","B08F7CWDY2","https://www.amazon.com/dp/B08F7CWDY2"
"","","203","Coosa Glitter Liquid Lipsticks Set 6 color Diamond Shimmer Metallic Lipstick Waterproof Long Lasting Makeup Kit Face Eye Glow Shimmer Shinning Lip Gloss Set","COOSA","$9.99","1409","46","$14076","09/28/2019","$6.27","2832","4.1","$3.72","9765","Beauty & Personal Care","B07R7V7XLN","https://www.amazon.com/dp/B07R7V7XLN"
"","","204","COVERGIRL Melting Pout Liquid Lipstick Gel-Ful 0.24 Ounce","COVERGIRL","$4.24","6","0","$25","10/02/2017","$0.98","208","4.1","$3.26","79088","Beauty & Personal Care","B06XRSKWJN","https://www.amazon.com/dp/B06XRSKWJN"
"","","205","Mini Small Little Smoke Tube Cigarette Lipstick Pink Lip Gloss Stick 4 Packs Matte Sets for women DNM Pink Nude Changing Change Balm for Glitter Lip Gloss Lipstick waterproof long lasting 24 case 03","evpct","$6.98","844","28","$5891","12/06/2020","$3.5","925","3.7","$3.48","15892","Beauty & Personal Care","B08LYD6R9R","https://www.amazon.com/dp/B08LYD6R9R"
"","","206","6PCS Matte Liquid Lipstick Set Non-Stick Cup Waterproof Long Lasting Birthday Edition Durable Liquid Lipgloss Beauty Cosmetics Makeup Set Gifts for Women Girls","BestLand","$8.88","845","28","$7504","06/16/2019","$5.25","12594","4","$3.63","27070","Beauty & Personal Care","B07P38F57X","https://www.amazon.com/dp/B07P38F57X"
"","","207","CmaaDu 6Pcs Lipstick Matte Liquid Lipstick Lipgloss Set for Women labiales mate 24 horas originales matte larga duracion 24Deep Red Original 24 Hour Matte Lipstick Lip Stain Long Lasting Waterproof","evpct","$5.99","7694","256","$46087","03/11/2021","$2.59","4773","4","$3.40","1473","Beauty & Personal Care","B08SWHKGMF","https://www.amazon.com/dp/B08SWHKGMF"
"","","208","AltFore Cosmetics | All Natural Lipstick | vegan cruelty-free gluten & lead-free | Up You Beige","AltFor","$15.00","0","0","$0","08/19/2018","$9.21","62","3.9","$5.79","450750","Beauty & Personal Care","B07GHF8YD7","https://www.amazon.com/dp/B07GHF8YD7"
"","","209","Candelilla Wax 100% Natural-Vegan Alternative to Beeswax-8 oz","Luxuriant-Sparkle Beauty Products","$15.99","3","0","$48","07/23/2014","$9.82","227","4.8","$6.17","270015","Beauty & Personal Care","B00F0ZXMP0","https://www.amazon.com/dp/B00F0ZXMP0"
"","","210","LA Splash Cosmetics Soft Liquid Matte Dark Purple Lipstick Plum Long Lasting - Wickedly Divine Collection (Black of Night)","LA Splash","$18.00","78","2","$1404","07/28/2017","$11.53","158","4.1","$6.47","112060","Beauty & Personal Care","B0773N4ZLP","https://www.amazon.com/dp/B0773N4ZLP"
"","","211","Feral Ultra Smooth Lipsticks - Vegan Cruelty Free Made in USA (Fetish)","Feral Cosmetics","$18.00","0","0","$0","07/19/2016","$12.38","14","3.8","$5.62","1101814","Beauty & Personal Care","B01I7WS9AA","https://www.amazon.com/dp/B01I7WS9AA"
"","","212","INIKA - Organic Lipstick | Vegan Non-Toxic Beauty (Autumn Love)","INIKA","$27.79","...","...","...","...","...","7","3.2","","684419","...","B01HRF4R8Q","https://www.amazon.com/dp/B01HRF4R8Q"
"","","213","COVERGIRL Queen Collection Lip Color Soft Matte Plum Palace 0.12 Ounce (packaging may vary)","COVERGIRL","$5.85","3","0","$18","07/28/2017","$2.46","126","4.4","$3.39","163949","Beauty & Personal Care","B01LYFFLSP","https://www.amazon.com/dp/B01LYFFLSP"
"","","214","L'Oreal Paris Glow Paradise Hydrating Balm-in-Lipstick with Pomegranate Extract Pastel Exaltation","L'Oreal Paris","$7.49","5872","195","$43981","10/29/2021","$3.35","1030","4.2","$4.14","2730","Beauty & Personal Care","B09HL9M9F6","https://www.amazon.com/dp/B09HL9M9F6"
"","","215","3 Pcs Red Cherries Color Changing LipstickAloe Vera Strawberry Long Lasting Lip Care Moisturizer Lip Balm Korean Magic Color Change Lip Gloss Lip Tint Stain Matte Makeup Jelly Crystal Lipstick Set for Women","BINGBRUSH","$9.99","...","...","...","04/04/2021","$5.65","1286","4","$4.34","2635","...","B09ZVL21LQ","https://www.amazon.com/dp/B09ZVL21LQ"
"","","216","Benecos Natural Lipstick (Peach) - Peach Color Lipstick Long-Lasting Gorgeous Color Soft and Smooth Moisturized Lips Organic Vegan","benecos","$12.45","0","0","$0","02/05/2016","$7.66","30","3.3","$4.79","631143","Beauty & Personal Care","B007LXCJ12","https://www.amazon.com/dp/B007LXCJ12"
"","","217","CLOVE + HALLOW Lip Velvet - Vegan Natural 24 Hour Liquid Matte Lipstick - Fiesta","CLOVE + HALLOW","$25.00","0","0","$0","04/28/2018","$18.33","9","4.1","$6.67","519057","Beauty & Personal Care","B07C24CPL6","https://www.amazon.com/dp/B07C24CPL6"
"","","218","Jade Green Matte Liquid Lipstick - Vegan Makeup Cruelty-free Cosmetics Lightweight","Aromi","$17.00","0","0","$0","05/02/2018","...","1","4","","77515","Handmade Products","B07HR1R1NW","https://www.amazon.com/dp/B07HR1R1NW"
"","","219","MAEPEOR Matte Liquid Lipstick 6PCS Nude Series Velvety Lip Gloss Kit Long-Lasting Wear Non-Stick Cup and Not Fade Lipstick Set for Warm or Cool Undertone (Nude Series 6PCS-E)","MAEPEOR","$9.99","209","6","$2088","12/21/2020","$5.42","504","3.9","$4.57","72217","Beauty & Personal Care","B08R3JLVXN","https://www.amazon.com/dp/B08R3JLVXN"
"","","220","Au Naturale Eternity Lipstick | Vegan | Organic | Cruelty-Free (Good Housekeeping Rose Glow)","Au Naturale","$25.00","0","0","$0","11/01/2018","$17.71","14","3.3","$7.29","567584","Beauty & Personal Care","B07F45HCSH","https://www.amazon.com/dp/B07F45HCSH"
"","","221","LIP INK Liquid Lip Color Lipstick - Mauve Hi (Mauve) | Natural & Organic Makeup for Women by Lip Ink International | 100% Organic Kosher & Vegan","Lip Ink","$25.00","0","0","$0","10/08/2019","...","4","4.1","","501419","Beauty & Personal Care","B07SY81NRR","https://www.amazon.com/dp/B07SY81NRR"
"","","222","Mood Lips Lipstick Green","Mood Lips","$5.99","58","1","$347","02/19/2007","$2.59","486","4.4","$3.40","41578","Beauty & Personal Care","B003UP29FG","https://www.amazon.com/dp/B003UP29FG"
"","","223","Adesse New York Hi Definition Creamy Liquid Lipstick Luxurious Long Lasting With Intense Shine Full Coverage Lipstick Vegan Cruelty Free Paraben Free- Kitten Pink 0.23 FL OZ.","Adesse New York","$12.00","0","0","$0","02/09/2018","$6.66","3","4.3","$5.34","754567","Beauty & Personal Care","B072MPCTZC","https://www.amazon.com/dp/B072MPCTZC"
"","","224","IDUN Minerals Lip Crayon Agnetha - Highly Pigmented For Rich Color Full Coverage Lipstick/Liner - Moisturizing Creamy Texture - Vegan No Preservatives Safe for Sensitive Skin - Light Pink 0.08 oz","IDUN Minerals","$14.40","0","0","$0","07/01/2020","$9.32","26","4.2","$5.08","289357","Beauty & Personal Care","B07RQVCWG3","https://www.amazon.com/dp/B07RQVCWG3"
"","","225","Burt's Bees Lip Balm Moisturizing Lip Care 100% Natural Original Beeswax With Vitamin E & Peppermint Oil 0.15 Ounce (Pack of 4)","Burt's Bees","$9.99","24995","833","$249700","11/07/2012","$6.27","73783","4.8","$3.72","146","Beauty & Personal Care","B0054LHI5A","https://www.amazon.com/dp/B0054LHI5A"
"","","226","Makeup Revolution Satin Kiss Lipstick Intense Color Available In 12 Shades Vegan & Cruelty-Free Heart Race 3.5g","Makeup Revolution","$7.00","...","...","...","03/29/2022","$3.52","3","5","$3.48","466371","...","B087S8QDQC","https://www.amazon.com/dp/B087S8QDQC"
"","","227","Au Naturale Eternity Lipstick in Primrose | Made in USA | Vegan | Organic","Au Naturale","$25.00","0","0","$0","...","...","10","3.4","","465741","Beauty & Personal Care","B00W0KU58K","https://www.amazon.com/dp/B00W0KU58K"
"","","228","Liquid Lipstick with Clear Lip Gloss by Revlon ColorStay Face Makeup Overtime Lipcolor Dual Ended with Vitamin E in Pink For Keeps Pink (490) 0.07 Oz","REVLON","$11.99","1881","62","$22553","08/07/2014","$7.27","21162","4.5","$4.72","432","Beauty & Personal Care","B0105Z2F98","https://www.amazon.com/dp/B0105Z2F98"
"","","229","Matte Liquid Lipstick Waterproof Vegan Long Wear Cruelty-Free Hydrating Gluten-Free No Transfer (Azalea)","Beauty By Mishaal","$13.99","...","...","...","...","...","2","5","","202177","...","B0B7GW42LY","https://www.amazon.com/dp/B0B7GW42LY"
"","","230","3INA The Lipstick 900 - Outstanding Shade Selection - Matte And Shiny Finishes - Highly Pigmented And Comfortable - Vegan And Cruelty Free Formula - Moisturizes The Lips - Panther Black - 0.11 Oz","3ina","$14.50","...","...","...","07/27/2022","$8.79","299","4.2","$5.71","533197","...","B08XXT2D66","https://www.amazon.com/dp/B08XXT2D66"
"","","231","Honeybee Gardens Truly Natural Lipstick Sweet Pea (vibrant pink) | Vegan | Cruelty Free | Gluten Free | Naturally Hydrating","Honeybee Gardens","$15.99","15","0","$240","07/12/2020","$10.67","13","4.8","$5.32","305648","Beauty & Personal Care","B07SJ8QKP7","https://www.amazon.com/dp/B07SJ8QKP7"
"","","232","Eleman Liquid Matte Lipstick Scarlet Red Moscow Edition - Long Lasting Ultra-Pigmented - Vitamin E Infused No Drying Formula - Vegan And Cruelty-Free Ingredients 19 Oz","Eleman","$18.00","0","0","$0","03/12/2021","$11.76","3","4.5","$6.24","522118","Beauty & Personal Care","B08Y9F1Y1R","https://www.amazon.com/dp/B08Y9F1Y1R"
"","","233","Au Naturale Eternity Lipstick in Innocence | Made in USA | Vegan | Organic","Au Naturale","$25.00","0","0","$0","09/27/2015","$17.71","18","3.3","$7.29","421511","Beauty & Personal Care","B00W0KU0W6","https://www.amazon.com/dp/B00W0KU0W6"
"","","234","Lord & Berry MAXIMATTE Crayon Matte Lipsticks Intense Color With Soft & Creamy Touch Enriched With Vitamin E Hydrating Long Lasting Lipstick For Women Vegan & Cruelty Free Makeup","Lord and Berry","$18.00","99","3","$1782","04/26/2018","$12.38","268","4.5","$5.62","85097","Beauty & Personal Care","B079QN9XLV","https://www.amazon.com/dp/B079QN9XLV"
"","","235","Forbidden Fuchsia Matte Liquid Lipstick - vegan cruelty-free long-lasting gluten free","Aromi","$17.00","0","0","$0","05/02/2018","...","8","4.3","","109290","Handmade Products","B07H9H5W83","https://www.amazon.com/dp/B07H9H5W83"
"","","236","Benecos Natural Lipstick (Catwalk) - Beautiful Deep Red Shade - Long Lasting Gorgeous Color Soft & Smooth Moisturized Lips Organic Vegan","benecos","$12.45","0","0","$0","01/20/2018","$7.04","33","4","$5.41","569184","Beauty & Personal Care","B01H6VF3N4","https://www.amazon.com/dp/B01H6VF3N4"
"","","237","VASANTI Locked in Liquid Lipstick - Married (Natural Pink) - High Pigmented Waterproof Vegan Friendly Paraben-Free Matte Beauty Lips Liquid Lipstick - Paraben-Free Never Tested on Animals","Vasanti Cosmetics","$23.00","0","0","$0","02/13/2019","$16.63","11","3.7","$6.37","417370","Beauty & Personal Care","B07FMDLZW4","https://www.amazon.com/dp/B07FMDLZW4"
"","","238","Eleman Liquid Matte Lipstick Crimson Rio Edition - Long Lasting Ultra-Pigmented - Vitamin E Infused No Drying Formula - Vegan And Cruelty-Free Ingredients 19 Oz","Eleman","$18.00","0","0","$0","03/17/2021","$11.76","2","5","$6.24","687748","Beauty & Personal Care","B08YCV4FWJ","https://www.amazon.com/dp/B08YCV4FWJ"
"","","239","2 Pcs Aloe Vera Color Changing Lipstick QueenPH Mood Long Lasting Labiales Lip Gloss Korean Lip Balm Tinted Magic Lip Stain Matte Makeup Jelly Crystal Flower Lipstick Set for Women","BINGBRUSH","$7.99","...","...","...","03/20/2022","$3.81","708","4.1","$4.18","4633","...","B09RZX6LJF","https://www.amazon.com/dp/B09RZX6LJF"
"","","240","NYX PROFESSIONAL MAKEUP Extra Creamy Round Lipstick - Snow White (Deep Blue-Toned Red)","NYX PROFESSIONAL MAKEUP","$4.00","208","6","$832","06/25/2013","$0.76","7789","4.1","$3.24","10137","Beauty & Personal Care","B009WI0VFK","https://www.amazon.com/dp/B009WI0VFK"
"","","241","Eleman Liquid Matte Lipstick Light Peachy Nude London Edition - Long Lasting Ultra-Pigmented - Vitamin E Infused No Drying Formula - Vegan And Cruelty-Free Ingredients 19 Oz","Eleman","$20.00","0","0","$0","03/10/2021","$13.46","2","2","$6.54","380757","Beauty & Personal Care","B08YDGNG8L","https://www.amazon.com/dp/B08YDGNG8L"
"","","242","Lord & Berry 20100 Crayon Shining Lipsticks Intense Color With Soft & Creamy Touch Enriched With Vitamin E Hydrating Long Lasting Lipstick For Women Vegan & Cruelty Free Makeup","Lord and Berry","$20.00","45","1","$900","05/15/2013","$14.08","116","4.2","$5.92","110208","Beauty & Personal Care","B009AA9J4E","https://www.amazon.com/dp/B009AA9J4E"
"","","243","Inna Cosmetics & Nature - Matte Lipstick  Vegan Gluten Free Cruelty Free non GMO with Grape Seed Oil 3.5 g Nude Blush (Red Love)","Generic","$15.95","...","...","...","07/12/2022","$10.02","1","5","$5.93","529975","...","B0B3Y6Q22J","https://www.amazon.com/dp/B0B3Y6Q22J"
"","","244","Maybelline Color Sensational Lipstick Lip Makeup Cream Finish Hydrating Lipstick Nude Pink Red Plum Lip Color Wine Rush 0.15 oz; (Packaging May Vary)","Maybelline New York","$7.39","1176","39","$8691","01/05/2014","$3.88","4534","4.4","$3.51","16022","Beauty & Personal Care","B07YXG2P8C","https://www.amazon.com/dp/B07YXG2P8C"
"","","245","Purple Unicorn Metallic Matte Liquid Lipstick - vegan cruelty-free long-lasting gluten free","Aromi","$17.00","0","0","$0","05/02/2018","...","2","5","","48234","Handmade Products","B07K39DNQT","https://www.amazon.com/dp/B07K39DNQT"
"","","246","Lipstick by Revlon ColorStay Ultimate Suede Lipstick High Impact Lip color with Moisturizing Creamy Formula Infused with Vitamin E 045 Supermodel 0.09 Oz","REVLON","$7.96","6557","218","$52194","01/18/2014","$4.4","13169","4.4","$3.56","1676","Beauty & Personal Care","B009X9ZR02","https://www.amazon.com/dp/B009X9ZR02"
"","","247","ColourPop JUST A KISS Lippie Stix Vault Set Collection Lipsticks Matte Creme Vegan","Colourpop","$53.95","...","...","...","06/11/2022","...","0","","","325855","...","B0B3SP4JTZ","https://www.amazon.com/dp/B0B3SP4JTZ"
"","","248","ZEESEA SUPERNOVA Hydrating LIPSTICKSoft VelvetVolume Enhancing Pigment Matte Lip ColorLong Lasting Lightweight Nude Lip MakeupVegan & Cruelty Free (05 Pink Lemonade )","zeesea","$15.99","0","0","$0","08/05/2021","$10.05","2","3.9","$5.94","721673","Beauty & Personal Care","B098TB929L","https://www.amazon.com/dp/B098TB929L"
"","","249","Vamptastic Plum Matte Liquid Lipstick | Vegan Makeup Cruelty-free Dark Purple","Aromi","$17.00","0","0","$0","05/02/2018","...","10","3.8","","122331","Handmade Products","B07H9JKV1Z","https://www.amazon.com/dp/B07H9JKV1Z"
"","","250","Benecos Natural Matte Lipstick in Light Nude Shade - Long-Lasting Gorgeous Color Soft and Smooth Moisturized Lips Organic Vegan (Muse)","benecos","$12.45","0","0","$0","05/10/2018","...","11","3.4","","280803","Beauty & Personal Care","B07CJG4FCB","https://www.amazon.com/dp/B07CJG4FCB"
"","","251","Runway Rogue Silk Glam Liquid Lipstick Long-Wear Pomegranate-Red Liquid Lipstick Cocktail Hour","Runway Rogue","$28.00","...","...","...","06/27/2022","...","28","4.2","","27380","...","B0B1KHX24R","https://www.amazon.com/dp/B0B1KHX24R"
"","","252","Hotiary 24 Colors Matte Lipstick Set Long Lasting Velvet Lips Tint Liquid Lipsticks Waterproof Non-Stick Cup Lipgloss Gift Beauty Cosmetics Makeup Kit","Hotiary","$21.99","30","1","$660","09/21/2020","$14.17","23","3.7","$7.82","211083","Beauty & Personal Care","B08JGW4FBG","https://www.amazon.com/dp/B08JGW4FBG"
"","","253","Matte Lipstick for Women Long Lasting High Pigmented Red Lipstick with Shimmer Lip Tint Makeup Gifts","Xiahium","$29.99","...","...","...","...","...","0","","","94227","...","B0B8NFNLG3","https://www.amazon.com/dp/B0B8NFNLG3"
"","","254","Mirenesse French Kiss Velvet Matte Lipstick in a Purple-Pink Shade Hydrating Velvet Matte Finish with Vitamin C + Vitamin E Vegan and Toxin Free 4 Scandal .07 oz","Mirenesse","$19.96","0","0","$0","09/26/2019","$14.05","5","4.3","$5.91","634780","Beauty & Personal Care","B07QFP4KH2","https://www.amazon.com/dp/B07QFP4KH2"
"","","255","Flower Beauty Petal Pout Lipstick - Cruelty Free - Nourishing & Highly Pigmented Lip Color with Antioxidants (Naked Blush- Matte)","FLOWER BEAUTY","$9.89","786","26","$7774","04/01/2018","...","1683","4.2","","14007","Beauty & Personal Care","B084PZFZBZ","https://www.amazon.com/dp/B084PZFZBZ"
"","","256","Lipstick by Reina Rebelde | Bold Lip Color Stick with Satin Finish | Vegan Cruelty Free Lip Stick | Long Lasting Makeup | Rosa Salvaje Color","REINA REBELDE","$10.95","0","0","$0","03/18/2018","...","24","3.8","","510680","Beauty & Personal Care","B07652VVCT","https://www.amazon.com/dp/B07652VVCT"
"","","257","artnaturals Natural Organic Lip Balm Beeswax - (6 x .15 Oz / 4.25g) - Gift Set of Assorted Flavors - Chapstick for Dry Chapped & Cracked Lips - Lip Repair with Aloe Vera Coconut Castor & Jojoba Oil","Artnaturals","$9.99","6176","205","$61698","06/22/2016","$6.27","9272","4.5","$3.72","4961","Beauty & Personal Care","B01I0I0DY6","https://www.amazon.com/dp/B01I0I0DY6"
"","","258","Desert Taupe Matte Liquid Lipstick | Greige Grey-Beige Lipstick Vegan Cruelty-Free","Aromi","$17.00","0","0","$0","05/02/2018","...","4","3.5","","43006","Handmade Products","B07CVPD3P6","https://www.amazon.com/dp/B07CVPD3P6"
"","","259","Savvy Minerals Cinna-Mint Infused Matte Lipstick Vegan Muse","Generic","$10.00","...","...","...","05/15/2022","$5.66","0","","$4.34","1128527","...","B09ZGWW4J2","https://www.amazon.com/dp/B09ZGWW4J2"
"","","260","LIP INK Liquid Lip Color Lipstick - Glitter Pink (Pink) | Natural & Organic Makeup for Women by Lip Ink International | 100% Organic Kosher & Vegan","Lip Ink","$25.00","0","0","$0","09/26/2019","$18.33","3","4.8","$6.67","596784","Beauty & Personal Care","B07STZS1SL","https://www.amazon.com/dp/B07STZS1SL"
"","","261","La Bella Donna Mineral Light Up Lip Colour | All Natural Pure Mineral Lipstick | Long-Lasting Color| Hydrating Formula | 100% Vegan | Hypoallergenic and Cruelty Free - Mindful Red","La Bella Donna","$29.95","30","1","$899","05/17/2012","$22.54","96","3.9","$7.41","248939","Beauty & Personal Care","B008VFM8LU","https://www.amazon.com/dp/B008VFM8LU"
"","","262","Jecca Blac Long Lasting Red Matte Lipstick Lightweight & Highly Pigmented Vegan & Cruelty Free Gender Neutral & LGBTIQA+ Inclusive Make Up - Life On The Rainbow","Jecca Blac","$19.99","...","...","...","12/25/2019","...","1","5","","563473","...","B07XWWYSQ7","https://www.amazon.com/dp/B07XWWYSQ7"
"","","263","Honeybee Gardens Truly Natural Lipstick Dream (Pink) | Vegan | Cruelty Free | Gluten Free | Naturally Hydrating","Honeybee Gardens","$15.99","8","0","$128","05/23/2013","$10.67","46","3.5","$5.32","456106","Beauty & Personal Care","B001TOGZJQ","https://www.amazon.com/dp/B001TOGZJQ"
"","","264","Kisshine Lip Care Moisturizing Lips Cream Repairing Lipstick Balm Nourishing Hydrating Lipstick Vegan Coconut Moisturizes Lips Makeup Gift for Women and Girls Pack of 1","Kisshine","$5.47","0","0","$0","01/07/2021","$1.49","1","1","$3.98","808279","Beauty & Personal Care","B08Q84W66Z","https://www.amazon.com/dp/B08Q84W66Z"
"","","265","Damaris Cosmetics Vegan Hydrating Matte Liquid Lipstick Cuertly free Parabens free No GMO Bsame.","Damaris Cosmetics","$21.95","0","0","$0","03/16/2020","$15.12","28","3.8","$6.83","386173","Beauty & Personal Care","B013S4I8V2","https://www.amazon.com/dp/B013S4I8V2"
"","","266","Pixie Dust Metallic Matte Liquid Lipstick - vegan cruelty-free long-lasting gluten free","Aromi","$17.00","0","0","$0","05/02/2018","...","18","3.3","","15010","Handmade Products","B07K2PVZ66","https://www.amazon.com/dp/B07K2PVZ66"
"","","267","PuroBIO Certified Organic Intense and Long-Lasting Matte Liquid Lipstick with Cocoa Butter Calendula Silica Rice - Color 02 Peach Cream . Vegan. Nickel Tested. Made in Italy 4ml","puroBIO Certified Organic Cosmetics","$19.90","0","0","$0","...","...","1","1","","717610","...","B075T6D9BS","https://www.amazon.com/dp/B075T6D9BS"
"","","268","Lipstick by Revlon Super Lustrous The Luscious Mattes Lip Stick High Impact with Moisturizing Velvety Formula Matte Finish 015 Make it Pink 0.74 Oz","REVLON","$4.97","6875","229","$34169","01/26/2020","$1.65","5547","4.3","$3.32","2309","Beauty & Personal Care","B07XLMVKYF","https://www.amazon.com/dp/B07XLMVKYF"
"","","269","INIKA - Organic Lipstick Crayon | Vegan Non-Toxic Beauty (Pink Nude)","INIKA","$25.00","...","...","...","12/15/2021","$18.33","10","3.5","$6.67","519338","...","B07SB6RMCR","https://www.amazon.com/dp/B07SB6RMCR"
"","","270","Au Naturale Eternal Lipstick in Marrakesh | Made in USA | Vegan | Organic","Au Naturale","$25.00","0","0","$0","03/01/2016","$18.33","8","3.4","$6.67","677875","Beauty & Personal Care","B01B6QTU70","https://www.amazon.com/dp/B01B6QTU70"
"","","271","LIP INK Organic Vegan 100% Smearproof Liquid Lipstick - Cognac-Lo","Lip Ink","$25.00","0","0","$0","06/18/2015","$17.71","11","4.8","$7.29","480111","Beauty & Personal Care","B00ELV11PW","https://www.amazon.com/dp/B00ELV11PW"
"","","272","Copper Bliss Metallic Matte Liquid Lipstick | Vegan Makeup Cruelty-free Bronze","Aromi","$17.00","0","0","$0","05/02/2018","...","2","5","","38378","Handmade Products","B07HR32JL2","https://www.amazon.com/dp/B07HR32JL2"
"","","273","PuroBIO Certified ORGANIC ALL-in-ONE Nourishing Lip to Cheek Cream 02 PINK - Blush Lipstick - with Castor Oil Cocoa Butter Calendula. ORGANIC. VEGAN. CRUELTY-FREE.NICKEL TESTED MADE IN ITALY","puroBIO Certified Organic Cosmetics","$15.90","0","0","$0","04/24/2019","$9.98","24","3.4","$5.92","666010","Beauty & Personal Care","B07NNLJ83B","https://www.amazon.com/dp/B07NNLJ83B"
"","","274","KAJA LOVE SWIPE | Velvety Air-whipped Lip Mousse with Velvet Finish | Easily Buildable and Blendable | 01 Call Me | Formulated Without Parabens and Phthalates | K-beauty Vegan Cruelty-Free","Kaja","$21.00","...","...","...","03/01/2022","$14.31","49","4.4","$6.69","91535","...","B09NMYSC7K","https://www.amazon.com/dp/B09NMYSC7K"
"","","275","Mirenesse French Kiss Velvet Matte Lipstick Hydrating Velvet Matte Finish with Vitamin C + Vitamin E Vegan and Toxin Free 5 Ecstasy .07 oz","Mirenesse","$19.97","0","0","$0","07/23/2019","$13.43","6","4.8","$6.54","606451","Beauty & Personal Care","B07QGRTHQ6","https://www.amazon.com/dp/B07QGRTHQ6"
"","","276","LIP INK Organic Vegan 100% Smearproof Liquid Lipstick Pink","Lip Ink","$25.00","0","0","$0","02/04/2011","$17.71","12","4.3","$7.29","518065","Beauty & Personal Care","B0049XMPJS","https://www.amazon.com/dp/B0049XMPJS"
"","","277","NYX PROFESSIONAL MAKEUP Matte Lipstick - Dark Era (Muted Plum)","NYX PROFESSIONAL MAKEUP","$4.90","464","15","$2274","04/07/2013","$1.59","19863","4.3","$3.31","3452","Beauty & Personal Care","B01EZ8M6TA","https://www.amazon.com/dp/B01EZ8M6TA"
"","","278","Wet n Wild Cloud Pout Marshmallow Lip Mousse Brown Fluffernutter","wet n wild","$3.98","1687","56","$6714","01/29/2021","$0.74","1132","4.2","$3.24","9542","Beauty & Personal Care","B08RRTLMRJ","https://www.amazon.com/dp/B08RRTLMRJ"
"","","279","Adesse New York Hi Definition Creamy Liquid Lipstick Luxurious Long Lasting With Intense Shine Full Coverage Lipstick Vegan Cruelty Free Paraben Free- Cherry Bomb 3.0 FL OZ","Adesse New York","$12.00","0","0","$0","...","$6.66","0","","$5.34","914996","Beauty & Personal Care","B072MPHLS6","https://www.amazon.com/dp/B072MPHLS6"
"","","280","LIP INK Organic Vegan 100% Smearproof Waterproof Liquid Lipstick - Rose","Lip Ink","$25.00","0","0","$0","09/28/2014","$17.71","20","3.9","$7.29","562281","Beauty & Personal Care","B07SY7J2M8","https://www.amazon.com/dp/B07SY7J2M8"
"","","281","Makeup Revolution Satin Kiss Lipstick Intense Color Available In 12 Shades Vegan & Cruelty-Free Fling 3.5g","Makeup Revolution","$7.00","...","...","...","02/13/2022","$2.9","8","4.3","$4.10","386255","...","B087S7M2ZD","https://www.amazon.com/dp/B087S7M2ZD"
"","","282","Kat Von D Everlasting Liquid Lipstick WITCHES","Kat Von D","$19.73","13","0","$256","10/14/2015","$13.23","156","4.5","$6.50","46698","Beauty & Personal Care","B011XF0YQ0","https://www.amazon.com/dp/B011XF0YQ0"
"","","283","Waterproof Paraben Free / EU Compliant / Vegan / Gluten Free Velvet Cream Lipstick High Impact Moisturizing Lipcolor with Long-lasting Matte Finish (Chocolate Cake (Brown) CREAM Lipstick)","Generic","$12.99","...","...","...","04/08/2022","...","0","","","766074","...","B09L599L3R","https://www.amazon.com/dp/B09L599L3R"
"","","284","NYX PROFESSIONAL MAKEUP Liquid Suede Cream Lipstick - Oh Put it On (Deep Dark Purple)","NYX PROFESSIONAL MAKEUP","$5.49","736","24","$4041","01/25/2016","$2.13","14384","4.4","$3.36","1919","Beauty & Personal Care","B01GC69VKK","https://www.amazon.com/dp/B01GC69VKK"
"","","285","YOUNG VISION Matte Nude Liquid Lipstick Sets Long Lasting and Waterproof Pink/Brown Lip Stick Pack Bundles Lip Gloss/Lip Stain Makeup Set for Women Labiales Matte Larga Duracion 24","YOUNG VISION","$8.99","2009","66","$18061","09/01/2021","$4.73","685","4","$4.26","10452","Beauty & Personal Care","B09DCR4GWH","https://www.amazon.com/dp/B09DCR4GWH"
"","","286","18-color Matte Non-stick Cup Waterproof Lipstick Long Lasting Lip Gloss Hot Sexy Non-Stick Cup Not Fade Lip Gloss High Pigmented Velvet Lipgloss Beauty Cosmetics Makeup Gift for Girls","AKwell","$0.02","0","0","$0","11/09/2021","...","3","5","","516069","Beauty & Personal Care","B09785MRH8","https://www.amazon.com/dp/B09785MRH8"
"","","287","DNM 9Pcs Deep Red Black Matte Liquid Lipsticks + 1Pcs Clear Lip Plumping Plumper Gloss Makeup SetLong Lasting Matte Lipstick 24 hour Waterproof labiales matte mate larga duracion 24 horas originales","evpct","$9.99","970","32","$9690","08/14/2021","$6.27","941","4.1","$3.72","13246","Beauty & Personal Care","B098MPG4JV","https://www.amazon.com/dp/B098MPG4JV"
"","","288","","...","","...","...","...","...","...","0","","","","...","B0B5B2MYQQ","https://www.amazon.com/dp/B0B5B2MYQQ"
"","","289","Matte Nude Crayon Lipstick for Women Nude Crayon Lipstick High Pigmented Long Lasting Waterproof Lip Liner Lip Gloss Pencil","Xiahium","$2.99","...","...","...","07/28/2022","...","0","","","253573","...","B09RFSXNYW","https://www.amazon.com/dp/B09RFSXNYW"
"","","290","Emani Hydrating Matte Lipstick - Full Coverage Long-Lasting Color - Vegan Cruelty-Free - Baby Cakes (Peach Nude)","Emani","$14.99","0","0","$0","08/11/2012","$9.2","44","3.6","$5.79","542746","Beauty & Personal Care","B017KTI7WG","https://www.amazon.com/dp/B017KTI7WG"
"","","291","MISS ROSE M Lip Liner and Lipstick Combo Set Double-Ended Multifunctional LipstickLong-Lasting Vegan Matte Waterproof Lip liner Lipstick (06)","MISS ROSE M","$8.99","...","...","...","01/04/2022","...","4","3.7","","522973","...","B09MTCDPBF","https://www.amazon.com/dp/B09MTCDPBF"
"","","292","Jouer Long-Wear Lip Crme Liquid Lipstick | Men & Women | Matte & Metallic Finishes | Healthy Ingredients | Paraben Gluten & Cruelty Free | Vegan Friendly","Jouer","$33.00","13","0","$429","12/09/2016","$25.13","711","4","$7.87","144835","Beauty & Personal Care","B01LZEDJSI","https://www.amazon.com/dp/B01LZEDJSI"
"","","293","cold n wild Matte Lipstick Cruelty Free and Vegan Long Lasting Moisturizing Non-Marking Non-Stick Cup Waterproof Lips Makeup (g308)","cold n wild","$12.90","30","1","$387","05/19/2021","$7.43","27","4.2","$5.47","198649","Beauty & Personal Care","B0921CBLZP","https://www.amazon.com/dp/B0921CBLZP"
"","","294","Milani Color Statement Matte Lipstick - Matte Fearless (0.14 Ounce) Cruelty-Free Nourishing Lipstick with a Full Matte Finish","Milani","$9.99","113","3","$1129","06/18/2015","$5.42","8155","4.5","$4.57","12113","Beauty & Personal Care","B014GBLNTU","https://www.amazon.com/dp/B014GBLNTU"
"","","295","Myth Cosmetics Rogue Wolf Geode Intense Liquid Lipstick | Matte Mauve Purple Long-Lasting Velvet Vegan Lip Gloss","Myth Cosmetics","$17.00","0","0","$0","03/31/2021","$10.91","0","","$6.09","1040817","Beauty & Personal Care","B07QWNFZR2","https://www.amazon.com/dp/B07QWNFZR2"
"","","296","10pcs/Set Makeup Matte Lipstick Lip Kit Velvety Liquid Lipstick Waterproof Long Lasting Durable Nude Lip Gloss Beauty Cosmetics Gift Box Makeup Set Kit","BestLand","$9.99","824","27","$8232","08/14/2019","$6.12","9387","4","$3.87","20501","Beauty & Personal Care","B07R8TJ7WV","https://www.amazon.com/dp/B07R8TJ7WV"
"","","297","Hurraw! Plantcolor No. 1 Lip Color: Highly pigmented red shade. All plant-based. Lipstick alternative. Vegan Natural. Easy apply. Buildable. Made in USA","HURRAW!","$13.95","...","...","...","05/21/2022","$8.94","26","4.2","$5.01","173778","...","B09XN5C1K5","https://www.amazon.com/dp/B09XN5C1K5"
"","","298","Kat Von D Everlasting Liquid Lipstick in Mother - .1 oz. Mini","Kat Von D","$9.99","24","0","$240","08/14/2020","$6.27","15","4.3","$3.72","222436","Beauty & Personal Care","B08934HWB1","https://www.amazon.com/dp/B08934HWB1"