"Export time: 8/7/2022, 6:21:05 PM","","#","Product Name","Brand","Price","Mo. Sales","D. Sales","Mo. Revenue","Date First Available","Net","Rating Number","Rating","Fees","Rank","Category","ASIN","Link"
"Search Term: bellydance wings","","1","Pilot-trade Women's Professional Belly Dance Costume Angle Isis Wings No Stick","Pilot-trade clothing trade co.Ltd","$15.98","28","0","$447","01/22/2015","$8.86","704","4.6","$7.12","93281","Clothing Shoes & Jewelry","B00SMRHHD6","https://www.amazon.com/dp/B00SMRHHD6"
"Average Sales: 37","","2","GEZICHTA LED Isis Wings Glow Light Up Belly Dance Costumes with Sticks Performance Clothing Carnival Halloween Large LED Belly Dance Wings Wings Glow Light Up Belly(White) free size","GEZICHTA","$39.99","180","6","$7198","10/05/2021","$28.05","15","5","$11.94","127876","Clothing Shoes & Jewelry","B099RNZZQZ","https://www.amazon.com/dp/B099RNZZQZ"
"Average Sales Rank: 749,197","","3","iMucci LED Lights Belly Dance Isis Wings - Bellydance Glow Angel dance Wings with Telescopic Sticks Flexible Rods for Adults and Child White","iMucci","$59.99","342","11","$20517","06/20/2019","$43.98","601","4.4","$16.01","78306","Clothing Shoes & Jewelry","B07TFTDQXN","https://www.amazon.com/dp/B07TFTDQXN"
"Average Price: $36.66","","4","MUNAFIE Belly Dance Isis Wings with Sticks for Adult Belly Dance Costume Angel Wings for Halloween Carnival Performance","MUNAFIE","$21.98","17","0","$374","02/25/2019","$14.02","829","4.6","$7.96","151812","Clothing Shoes & Jewelry","B06XK9XS1K","https://www.amazon.com/dp/B06XK9XS1K"
"Average Rating Number: 139","","5","Wuchieal Women's Belly Dance Costume Isis Wings Professional Dance Wings with Sticks","Wuchieal","$22.99","85","2","$1954","04/07/2019","$14.68","194","4.6","$8.31","312798","Clothing Shoes & Jewelry","B07QFTS2KK","https://www.amazon.com/dp/B07QFTS2KK"
"","","6","Belly Dance Led Wings Performance Costume with Flexible Sticks for Women","Aumulen","$39.90","...","...","...","02/12/2022","...","0","","","225253","...","B09SF1BCNH","https://www.amazon.com/dp/B09SF1BCNH"
"","","7","MUNAFIE Belly Dance Wings Halloween Christmas Party Colorful Butterfly Wings Performance Costumes","MUNAFIE","$23.98","116","3","$2782","11/22/2017","$15.5","48","4.1","$8.48","190325","Clothing Shoes & Jewelry","B07849V5LF","https://www.amazon.com/dp/B07849V5LF"
"","","8","LED Isis Wings Glow Light Up Belly Dance Costumes with Sticks Performance Clothing Carnival Halloween","SHINYOU","$58.90","48","1","$2827","12/27/2018","$41.91","796","4.2","$16.99","60347","Clothing Shoes & Jewelry","B075F67HSQ","https://www.amazon.com/dp/B075F67HSQ"
"","","9","Pilot-Trade Women's Egyptian Egypt Belly Dance Costume Bifurcate Isis Wings","Pilot-trade clothing trade co.Ltd","$15.98","8","0","$128","01/22/2015","$9.81","526","4.4","$6.17","103718","Sports & Outdoors","B00SMMSL86","https://www.amazon.com/dp/B00SMMSL86"
"","","10","Women Belly Dance Wings with Sticks Golden Silver Wings for Adult","Nimiman","$21.90","...","...","...","03/23/2022","...","0","","","517710","...","B09WCTYRNQ","https://www.amazon.com/dp/B09WCTYRNQ"
"","","11","LED Isis Wings Rainbow Fairy Wings for Women Glow Light Up Carnival Performance Belly Dance Costumes with Sticks","Samicoco","$51.99","...","...","...","09/06/2021","$37.34","7","4.2","$14.65","722277","...","B09FL3KGD7","https://www.amazon.com/dp/B09FL3KGD7"
"","","12","LED Belly Dance Wing Light up Feather Headband Glow Butterfly Wing Cape with Telescopic Stick Rainbow Costume","Zhanmai","$34.98","...","...","...","04/01/2022","$23.22","46","3.9","$11.76","66980","...","B09L1791VW","https://www.amazon.com/dp/B09L1791VW"
"","","13","Ochine Belly Dance Wings LED Butterfly Angel Wings Costume Colorful Light Full Swing Dress Costumes for Kids Girls","Ochine","$32.99","...","...","...","09/21/2021","...","5","4","","203221","...","B09GVKXHNF","https://www.amazon.com/dp/B09GVKXHNF"
"","","14","Adult Dance Performance Costume LED Lights Belly Dance Wings Dance Wings Carnival Halloween Glowing Costumes Send Stick","nobranded","$32.99","30","1","$990","05/26/2020","$22.31","65","4.1","$10.68","454263","Clothing Shoes & Jewelry","B0897XL8J1","https://www.amazon.com/dp/B0897XL8J1"
"","","15","MUNAFIE Halloween Costumes Belly Dance Isis Wings for Children Kids","MUNAFIE","$16.98","6","0","$102","02/24/2020","$9.87","436","4.6","$7.11","304646","Clothing Shoes & Jewelry","B06XJZQTHS","https://www.amazon.com/dp/B06XJZQTHS"
"","","16","LED Isis Wing - Belly Dance Light Up Wing Party Club Wear with Flexible Sticks for Women","MISI CHAO","$72.82","...","...","...","07/01/2018","$54.65","415","4.4","$18.17","36615","...","B09PG1GJGK","https://www.amazon.com/dp/B09PG1GJGK"
"","","17","O3 Belly Dance LED Isis Wings with Telescopic Sticks Glow Light Up Angel Costumes","O3","$43.99","0","0","$0","06/10/2020","$31.6","22","4.4","$12.39","449028","Sports & Outdoors","B08B191QXZ","https://www.amazon.com/dp/B08B191QXZ"
"","","18","LED Isis Wing - Belly Dance Glow Light Up Costume Party Club Wear with Sticks for Women","COWINTIC","$52.99","...","...","...","12/23/2021","$38.17","53","4.4","$14.82","171337","...","B09BF4QY6S","https://www.amazon.com/dp/B09BF4QY6S"
"","","19","Pilot-Trade Women's Egyptian Egypt New Belly Dance Costume Colorful Isis Wings","Pilot-trade clothing trade co.Ltd","$15.98","30","1","$479","08/31/2017","$8.86","33","3.9","$7.12","573186","Clothing Shoes & Jewelry","B076RY79RX","https://www.amazon.com/dp/B076RY79RX"
"","","20","AIHANCH LED Belly Dance Wings Girls Colorful Butterfly light Up Wings with Sticks and 2 Masquerade Masks for Kids and Adults","AIHANCH","$49.99","50","1","$2500","08/05/2020","$38.09","74","4.4","$11.90","137726","Toys & Games","B08FCQPPRJ","https://www.amazon.com/dp/B08FCQPPRJ"
"","","21","Women Egyptian Professional Belly Dance Costume Wings with SticksBack Open","Nimiman","$18.90","18","0","$340","11/02/2021","$12.29","20","4.1","$6.60","279122","Sports & Outdoors","B09KXVXSQK","https://www.amazon.com/dp/B09KXVXSQK"
"","","22","LED Lights Belly Dance Wing Light Up Isis Wing Colorful Butterfly Dance Wings with Telescopic Stick Glowing Performance Clothing for Carnival Stage Halloween Christmas(White)","Tookie","$39.98","30","1","$1199","10/28/2021","$30.11","11","4.3","$9.87","574954","Clothing Shoes & Jewelry","B09HGKRPWY","https://www.amazon.com/dp/B09HGKRPWY"
"","","23","iMucci 14 Colors Belly Dance Wing with Rods360 Degree Isis Angel Wings with Portable Telescopic Sticks for Adults and Child","iMucci","$14.76","26","0","$384","01/29/2019","$7.85","411","4.4","$6.91","109471","Clothing Shoes & Jewelry","B01M8QT9AH","https://www.amazon.com/dp/B01M8QT9AH"
"","","24","CISMARK Isis Wings Belly Dance Costume Prop (Closed Back) No Sticks","CISMARK","$18.99","8","0","$152","10/20/2016","$11.36","263","4.5","$7.63","302906","Clothing Shoes & Jewelry","B01M3SX138","https://www.amazon.com/dp/B01M3SX138"
"","","25","QooGoo Smart LED Wing IsIs Wing Belly Dance Wings LED Dance Dress for Halloween Party","QooGoo","$49.99","...","...","...","05/08/2021","$35.68","16","3.8","$14.31","382490","...","B096R97JQ5","https://www.amazon.com/dp/B096R97JQ5"
"","","26","KIKIGOAL 100% Silk Belly Dance ISIS Wings Scarf Veil Fan with Telescopic Stick for Halloween Carnival Performance 1.4x2.7cm","KIKIGOAL","$47.99","55","1","$2639","06/17/2019","$37.02","70","4.3","$10.97","195785","Sports & Outdoors","B07T6FQJ9X","https://www.amazon.com/dp/B07T6FQJ9X"
"","","27","YOUDirect LED Belly Dance Wings Girls Colorful Butterfly Wings with Telescopic Stick","YOUDirect","$44.99","109","3","$4904","10/24/2018","$33.84","432","4.5","$11.15","86612","Toys & Games","B07JPXSBC5","https://www.amazon.com/dp/B07JPXSBC5"
"","","28","Adarl Halloween Belly Dance LED Angel Wings Costumes Full Swing for Girls(Added dance sticks)","Adarl","$39.99","30","1","$1200","07/21/2020","...","37","3.9","","369194","Clothing Shoes & Jewelry","B08DFX74D7","https://www.amazon.com/dp/B08DFX74D7"
"","","29","Nimiman Women Belly Dance Silk Bamboo Long Fan Veils","Nimiman","$28.90","6","0","$173","05/20/2017","$20.8","627","4.6","$8.11","110212","Sports & Outdoors","B0711XFNZX","https://www.amazon.com/dp/B0711XFNZX"
"","","30","Halloween/Party CostumesDouble-Sided Printing Fabric Butterfly Wings for WomenButterfly Fairy Ladies Costume Accessory","Shireake Baby","$28.88","280","9","$8086","09/19/2017","$19.57","765","4.7","$9.31","88881","Clothing Shoes & Jewelry","B07XQ1YCB8","https://www.amazon.com/dp/B07XQ1YCB8"
"","","31","LED Isis Wing Lights Up Belly Dance Costumes Isis Wings Belly dance Glow Angel dance Telescopic Sticks","HappyPeach","$45.99","...","...","...","10/26/2021","$32.36","0","","$13.63","508270","...","B09KGX95V8","https://www.amazon.com/dp/B09KGX95V8"
"","","32","NZXVSE Belly Dance Wings Kids LED Glow Light Up Isis Wings with Telescopic Flexible Stick for Stage Festival and Party","NZXVSE","$39.99","...","...","...","07/18/2021","$28.18","12","4","$11.81","75646","...","B099RHK88Z","https://www.amazon.com/dp/B099RHK88Z"
"","","33","Belly Dancing Prop Adult Butterfly Wings Costumes for Belly Dance with Sticks","Generic","$45.00","...","...","...","04/30/2018","...","0","","","","...","B07CSKKR8H","https://www.amazon.com/dp/B07CSKKR8H"
"","","34","Women Egyptian Professional Belly Dance Costume Wings with Sticks","Nimiman","$18.90","120","4","$2268","06/18/2021","$11.29","48","4.4","$7.61","121934","Clothing Shoes & Jewelry","B097MPB7WS","https://www.amazon.com/dp/B097MPB7WS"
"","","35","Children Costume Light up Wings Angel Belly Dance Isis Wings with Telescopic Sticks Stage Props (Colorful)","W WINTMING","$49.99","0","0","$0","12/29/2019","$35.68","124","4.5","$14.31","822037","Clothing Shoes & Jewelry","B09H2QHHL1","https://www.amazon.com/dp/B09H2QHHL1"
"","","36","Nimiman Women Dance Wings Belly Dance Costume Angle Wings with Sticks","Nimiman","$21.90","0","0","$0","09/07/2021","$14.21","1","3","$7.69","341009","Sports & Outdoors","B09FPJ6LJT","https://www.amazon.com/dp/B09FPJ6LJT"
"","","37","LED Isis Wings Belly Dance Wings Butterfly Wings Girls Dance Show Halloween Christmas LED Wing Costumes with Telescopic Stick","FuXingStore","$47.99","...","...","...","10/14/2021","...","4","5","","","...","B09JKGWC6N","https://www.amazon.com/dp/B09JKGWC6N"
"","","38","Calcifer Egyptian Egypt Belly Dance Wings Isis Wings Costume Gift for Big Party Christmas","Calcifer","$21.99","0","0","$0","...","...","3","4","","3768000","Sports & Outdoors","B07K2WMD1H","https://www.amazon.com/dp/B07K2WMD1H"
"","","39","Nimiman Belly Dance Isis Wings for Children Kids with Sticks","Nimiman","$16.90","4","0","$68","05/20/2017","...","17","4.4","","583488","Clothing Shoes & Jewelry","B0742BYD6Z","https://www.amazon.com/dp/B0742BYD6Z"
"","","40","Nimiman Belly Dance Isis Wings for Children Kids with Sticks (Gold)","Nimiman","$16.90","0","0","$0","07/31/2020","...","6","5","","3662421","Clothing Shoes & Jewelry","B07423W9Q5","https://www.amazon.com/dp/B07423W9Q5"
"","","41","bDDeDD LED IsIs Wing  Belly Dance Wing Glow Light Up Party Club Wear","bDDeDD","$72.99","28","0","$2044","06/02/2021","$54.77","46","4.2","$18.22","291538","Clothing Shoes & Jewelry","B098WMK377","https://www.amazon.com/dp/B098WMK377"
"","","42","ROYAL SMEELA Belly Dancer Costumes for Women Belly Dance Bra and Belt Dancing Outfit Bellydance Costume Carnival Bra Belt","ROYAL SMEELA","$79.99","0","0","$0","12/02/2020","$62.85","38","4.3","$17.14","554861","Sports & Outdoors","B08PKS9QQ7","https://www.amazon.com/dp/B08PKS9QQ7"
"","","43","Wuchieal Portable Telescopic Silver Sticks for Belly Dance Isis Wings 1 Pair","Wuchieal","$9.90","90","3","$891","03/23/2018","$5.15","56","4.2","$4.75","79898","Sports & Outdoors","B07PHJYXS4","https://www.amazon.com/dp/B07PHJYXS4"
"","","44","Nimiman Women Belly Dance 360 Degree Isis Wings with Portable Flexible Sticks","Nimiman","$17.90","30","1","$537","05/20/2017","...","23","4.3","","500290","Clothing Shoes & Jewelry","B073ZDLZVS","https://www.amazon.com/dp/B073ZDLZVS"
"","","45","O3 Belly Dance LED Isis Wings with Telescopic Sticks Glow Light Up Angel Costumes","O3","$49.99","5","0","$250","06/10/2020","$36.7","35","4.2","$13.29","174568","Sports & Outdoors","B08B1BJ444","https://www.amazon.com/dp/B08B1BJ444"
"","","46","Light Up Wings LED Butterfly Wings Belly Dance Wings with Telescopic Stick for Stage Show Halloween and Christmas Party","ZFBIRD","$51.99","45","1","$2340","07/25/2022","$39.67","100","4.3","$12.32","134746","Toys & Games","B08D6S9NHH","https://www.amazon.com/dp/B08D6S9NHH"
"","","47","Nimiman 100% Silk Belly Dance isis Wings Scarf Veil Fan & Telescopic Stick (Black red Yellow)","Nimiman","$47.90","0","0","$0","05/20/2017","...","15","4.2","","2170018","Clothing Shoes & Jewelry","B076MNF5NC","https://www.amazon.com/dp/B076MNF5NC"
"","","48","Women Christmas Costume LED Belly Dance Isis Wings Adult Glow Cape","W WINTMING","$53.99","45","1","$2430","10/26/2021","$39","2","5","$14.99","662524","Clothing Shoes & Jewelry","B07TVHT4WG","https://www.amazon.com/dp/B07TVHT4WG"
"","","49","Belly Dance Performance LED Light Wings Butterfly Cloak Wings Costume for Halloween Christmas Party Show","UVYR","$32.57","...","...","...","08/31/2021","...","1","4","","423962","...","B09F6LYCRJ","https://www.amazon.com/dp/B09F6LYCRJ"
"","","50","Nimiman 100% Silk Belly Dance ISIS Wings Scarf Veil Fan & Telescopic Stick","Nimiman","$47.90","0","0","$0","05/20/2017","...","18","4.2","","1715559","Clothing Shoes & Jewelry","B076MQ9P3M","https://www.amazon.com/dp/B076MQ9P3M"
"","","51","Butterfly Wings for Adult Women Large Fairy Cape Halloween Dancing Festival Costume","FEOYA","$24.99","30","1","$750","08/09/2018","$16.34","162","4.3","$8.65","440964","Clothing Shoes & Jewelry","B07GC13QP2","https://www.amazon.com/dp/B07GC13QP2"
"","","52","Kehen Child Kid Girl Soft Fabric Wings Egypt Belly Dance Accessories Party Costume No Sticks","Kehen","$6.79","0","0","$0","04/30/2020","...","4","3.6","","1005348","Sports & Outdoors","B076Y33T57","https://www.amazon.com/dp/B076Y33T57"
"","","53","BREEZEY Color LED Light Dance Wing Dance Fluorescent Butterfly Cloak Without Battery for Belly Dance Performance","BREEZEY","$39.98","...","...","...","11/10/2019","...","20","4.1","","","...","B081CKKTS4","https://www.amazon.com/dp/B081CKKTS4"
"","","54","Kids LED Belly Dance Isis Wings for Girls Angel Wings Light Clothing for Party Cosplay","SHINYOU","$49.90","0","0","$0","01/25/2019","$36.61","45","4.2","$13.29","298223","Toys & Games","B07J2K7RFN","https://www.amazon.com/dp/B07J2K7RFN"
"","","55","Nimiman Belly Dance 360 Degree Isis Wings with Portable Flexible Sticks (deep Blue)","Nimiman","$17.90","0","0","$0","07/31/2020","$10.34","3","4","$7.56","9725127","Clothing Shoes & Jewelry","B073ZD6WNC","https://www.amazon.com/dp/B073ZD6WNC"
"","","56","Samicoco LED Isis Wings Rainbow Fairy Wings for Girl Glow Light Up Carnival Performance Belly Dance Costumes with Sticks (Colorful-Child) 40 inch","Samicoco","$45.99","...","...","...","10/23/2021","$32.36","11","4.5","$13.63","96915","...","B09FL44NQ7","https://www.amazon.com/dp/B09FL44NQ7"
"","","57","FEOYA Halloween Butterfly Wings Shawl Fairy Pixie Colorful Cape Dance Party Costume","FEOYA","$24.99","0","0","$0","08/09/2018","$16.97","102","4.5","$8.02","1574612","Clothing Shoes & Jewelry","B07GC26SS7","https://www.amazon.com/dp/B07GC26SS7"
"","","58","MUNAFIE Belly Dance Isis Wings with Sticks Halloween Carnival Performance Dance Costume Angel Wings(Open on The Back)","MUNAFIE","$19.98","4","0","$80","09/20/2020","...","35","4.5","","310516","Clothing Shoes & Jewelry","B06XK2H1TS","https://www.amazon.com/dp/B06XK2H1TS"
"","","59","Nimiman Belly Dance 360 Degree Opening Isis Wings with Portable Flexible Sticks","Nimiman","$17.90","4","0","$72","05/20/2017","...","29","4.5","","431697","Clothing Shoes & Jewelry","B07425V368","https://www.amazon.com/dp/B07425V368"
"","","60","SUFUBAI Butterfly Wings for Girls Light Up Belly Dance LED Angel Wings Butterfly Fairy Wings Shawl Kids Costume with Telescopic Sticks for Stage Festival and Party Multicolor HERAN210820LS01HERAN","SUFUBAI","$46.99","...","...","...","08/25/2021","$33.93","0","","$13.06","592322","...","B09DPQPR6Y","https://www.amazon.com/dp/B09DPQPR6Y"
"","","61","URMAGIC Light Up 360 Belly Dance Wings Butterfly Cloak Performance Props for Halloween Carnival Party","URMAGIC","$43.99","...","...","...","08/31/2021","...","0","","","857210","...","B09F6DLLT8","https://www.amazon.com/dp/B09F6DLLT8"
"","","62","Wuchieal Women's Belly Dance Butterfly Angel Isis Wings Dacne Wings with Sticks","Wuchieal","$32.99","0","0","$0","06/27/2017","...","2","5","","3544761","Clothing Shoes & Jewelry","B073GMC8ML","https://www.amazon.com/dp/B073GMC8ML"
"","","63","Led Isis Wing - Belly Dance Light Up Wing Carnival Halloween Party Club Wear with Flexible Sticks for Women/Girls","Showyou","$55.69","0","0","$0","05/17/2018","$39.72","8","4.4","$15.97","906722","Clothing Shoes & Jewelry","B07D66HFS7","https://www.amazon.com/dp/B07D66HFS7"
"","","64","LED Isis Wings Glow Light Up Costumes LED Performance Carnival Cape for EDC","BellyAngel","$47.99","0","0","$0","03/23/2019","...","0","","","1845965","Clothing Shoes & Jewelry","B07Q1Y4DSQ","https://www.amazon.com/dp/B07Q1Y4DSQ"
"","","65","Kid's Colorful LED Light Dance Wing Dance Belly Costume Performance Glow in the Dark Butterfly Cloak","ChYoung","$46.99","...","...","...","02/02/2020","...","3","3.8","","336957","...","B09ZTVCWD5","https://www.amazon.com/dp/B09ZTVCWD5"
"","","66","TFF Rainbow Butterfly 360 Degree Butterfly Gold Wings Wings Dancing Color Butterfly Props Belly Dance Butterfly Wings","TFF","$95.71","...","...","...","06/15/2021","...","0","","","4634153","...","B09GP6598V","https://www.amazon.com/dp/B09GP6598V"
"","","67","NIMONI LED Belly Dance Wings Luminous Butterfly Wing Performance Costume with Telescopic Sticks for Halloween","NIMONI","$45.99","...","...","...","07/05/2021","...","9","3.7","","","...","B098Q5MVM3","https://www.amazon.com/dp/B098Q5MVM3"
"","","68","Pilot-Trade Women's 2 Stick Belly Dance Costume Bifurcate Isis Wings","Pilot-trade clothing trade co.Ltd","$22.98","0","0","$0","05/03/2015","...","9","4.4","","5483788","Clothing Shoes & Jewelry","B00X3JLP18","https://www.amazon.com/dp/B00X3JLP18"
"","","69","100% Real Silk Chinese Belly Dance Fan Veil Hand Made White Turquoise Blue 3 Sizes","Nimiman","$29.90","2","0","$60","05/20/2017","$20.42","126","4.5","$9.48","616155","Clothing Shoes & Jewelry","B072FN27SJ","https://www.amazon.com/dp/B072FN27SJ"
"","","70","Astage Girls Genie Costume India Belly Dance Arabian Princess Halloween Costume","Astage","$29.99","5","0","$150","11/19/2015","$19.68","264","4.5","$10.31","112467","Toys & Games","B0189DHBLA","https://www.amazon.com/dp/B0189DHBLA"
"","","71","ROYAL SMEELA Belly Dance Dress Belly Dance Costume Dancer Costumes for Women Phoenix Dancing Dresses Carnival Outfit","ROYAL SMEELA","$69.99","0","0","$0","09/11/2018","$52.76","41","3.8","$17.23","279109","Sports & Outdoors","B07H96YBMG","https://www.amazon.com/dp/B07H96YBMG"
"","","72","Nimiman New Arrivals 100% Silk Belly Dance Silk Veils Belly Dancing accessories","Nimiman","$22.50","6","0","$135","05/20/2017","$15.41","54","4.6","$7.10","217182","Clothing Shoes & Jewelry","B0755FR6LK","https://www.amazon.com/dp/B0755FR6LK"
"","","73","ROYAL SMEELA Belly Dance Costume Set for Women Chiffon Dancing Skirt and Tops Sexy Large Swing Dancing Skirts Dress One Size","ROYAL SMEELA","$42.99","0","0","$0","09/06/2018","$30.11","33","4.3","$12.88","791243","Sports & Outdoors","B07H6DBTTX","https://www.amazon.com/dp/B07H6DBTTX"
"","","74","Astage Kids Princess Girl Indian Belly Dance Costume Cosplay Bollywood Ornaments","Astage","$27.99","0","0","$0","01/03/2018","$17.98","29","4.4","$10.01","831791","Sports & Outdoors","B078ST6X4X","https://www.amazon.com/dp/B078ST6X4X"
"","","75","Breevo Girl's Dance Costumes Party Dress Halloween Costumes Pink 4T-16","Breevo","$30.99","100","3","$3099","09/03/2018","$21.32","1008","4.7","$9.67","215918","Clothing Shoes & Jewelry","B07H4DZ3YH","https://www.amazon.com/dp/B07H4DZ3YH"
"","","76","ROYAL SMEELA Belly Dance Costume Set for Women Sexy Tribal Belly Dance Bra and Belt Carnival Professional Dancing Suit Outfit","ROYAL SMEELA","$75.99","0","0","$0","12/25/2016","...","44","4.5","","347083","Sports & Outdoors","B01N9LC3UM","https://www.amazon.com/dp/B01N9LC3UM"
"","","77","Yizhiwu Women 1 Pair 100% Silk Long Belly Dance Fan Veils 18090 cm","Yizhiwu","$29.00","0","0","$0","07/25/2018","$19.67","14","4.4","$9.33","801302","Clothing Shoes & Jewelry","B07G1F9P7V","https://www.amazon.com/dp/B07G1F9P7V"
"","","78","LED Isis Wings Glow Light Up Costumes Performance Clothing Carnival Halloween Costumes Butterfly Wings with Telescopic Sticks","BellyAngel","$48.99","...","...","...","03/01/2019","...","13","4.3","","","...","B07PBPT9PY","https://www.amazon.com/dp/B07PBPT9PY"
"","","79","ROYAL SMEELA Belly Dance Costume Set for Women Belly Dance Bra and Belt Chiffon Dancing Skirts Professional Outfit 3pcs","ROYAL SMEELA","$95.99","30","1","$2880","05/27/2016","$75.8","148","4.1","$20.19","208190","Sports & Outdoors","B01GA0Z3LY","https://www.amazon.com/dp/B01GA0Z3LY"
"","","80","ORIDOOR Women's Latin Belly Dance Costume Padded Bra Top & Hip Scarf with Sequin Fringe Halloween Dance Outfit","ORIDOOR","$23.99","0","0","$0","07/30/2019","$16.62","36","4.2","$7.37","281032","Sports & Outdoors","B07VVHN7R4","https://www.amazon.com/dp/B07VVHN7R4"
"","","81","Nimiman Women Real Silk 1 Pair 40cm(15.7') Colorful Belly Dancing Silk Bamboo Veils Dance Short Fan Veil Gradient Color","Nimiman","$18.90","0","0","$0","05/20/2017","$11.47","49","3.7","$7.43","745330","Clothing Shoes & Jewelry","B07PGTHY98","https://www.amazon.com/dp/B07PGTHY98"
"","","82","XIAXAIXU LED Light Up Butterfly Wing Halloween Cosplay Costume Belly Dance Party with Telescopic Stick Performance for Women Girls (Multicolor Adult Without Stick)","XIAXAIXU","$48.50","...","...","...","09/16/2021","...","0","","","","...","B09GKGR9Q1","https://www.amazon.com/dp/B09GKGR9Q1"
"","","83","Sequin Chiffon Skirt for Women Costume","Seawhisper","$29.99","8","0","$240","04/02/2016","$21.09","996","4.4","$8.90","101019","Sports & Outdoors","B019XTEG3U","https://www.amazon.com/dp/B019XTEG3U"
"","","84","Belly Dance Costume Bollywood Dress - Halloween Chiffon Dance Outfit Costumes with Head Veil for Girls","MISI CHAO","$37.52","30","1","$1126","03/04/2018","$25.33","100","4.3","$12.19","489720","Clothing Shoes & Jewelry","B07B7GNLWX","https://www.amazon.com/dp/B07B7GNLWX"
"","","85","Hoohu Womens Indian Belly Dance Costumes Performance Outfits Butterfly Bandage Padded Bra Sequin Pearl Embroidery Tank Top","Hoohu","$18.99","195","6","$3703","04/02/2018","$12.22","299","3.8","$6.77","99706","Clothing Shoes & Jewelry","B07BWFLBQG","https://www.amazon.com/dp/B07BWFLBQG"
"","","86","CALIDAKA Led Isis WingsLed Belly Dance WingsBelly Dance Led Isis WingsLed Butterfly WingsLed Glow Angel Wings with Telescopic Stick for CarnivalStageHalloween Christmas Party(White)","CALIDAKA","$39.98","15","0","$600","10/31/2021","$28.04","12","4.5","$11.94","499094","Clothing Shoes & Jewelry","B09B21W6RN","https://www.amazon.com/dp/B09B21W6RN"
"","","87","SYCOOVEN Belly Dance LED Angel Wings Bar Belly Dance Light Up Stage Wear 360 Degrees Performance Props LED Wing(White)","SYCOOVEN","$39.98","30","1","$1199","02/19/2022","$28.04","4","5","$11.94","535128","Clothing Shoes & Jewelry","B09G9SM51C","https://www.amazon.com/dp/B09G9SM51C"
"","","88","ZLTdream Lady's Belly Dance Chiffon Banadge Top and Lantern Coins Pants","ZLTdream","$28.82","2","0","$58","04/21/2015","$18.69","593","4.1","$10.13","231125","Sports & Outdoors","B00WHIY2FW","https://www.amazon.com/dp/B00WHIY2FW"
"","","89","LOHOME Girls LED Butterfly Wings Belly Dance Costumes Glowing Performance Clothing With Telescopic Stick for Carnival Stage Halloween Christmas Party","LOHOME","$41.99","0","0","$0","05/18/2019","$31.29","123","4.4","$10.70","349263","Toys & Games","B07JM8R28H","https://www.amazon.com/dp/B07JM8R28H"
"","","90","Bar Belly Dance Isis WingLED Angel Wings for WomenHalloween Christmas Light Up Stage Wear Rave Performance Props","CALIDAKA","$39.98","113","3","$4518","05/19/2021","$28.04","23","4.4","$11.94","187821","Clothing Shoes & Jewelry","B095HJ5SQZ","https://www.amazon.com/dp/B095HJ5SQZ"
"","","91","Halloween Belly Dance LED Angel WingsBar Belly Dance Light Up Stage Wear 360 Degrees Performance Props LED Wing for Women(White)","Saycker","$40.98","65","2","$2664","11/10/2021","$28.87","20","4.6","$12.11","611126","Clothing Shoes & Jewelry","B0995J86JJ","https://www.amazon.com/dp/B0995J86JJ"
"","","92","Premium Lightweight Hand Protection Telescopic Stick Stainless Steel Telescopic Rod for Belly Dance Isis Wings","Showyou","$12.69","15","0","$190","06/03/2018","$7.61","112","4.4","$5.08","647942","Clothing Shoes & Jewelry","B07DPQNG3B","https://www.amazon.com/dp/B07DPQNG3B"
"","","93","Women Professional Belly Dance Isis Wings 360 Degree Angle Wings with Sticks","Yizhiwu","$17.90","0","0","$0","07/25/2018","$11.44","87","4.3","$6.46","1160273","Sports & Outdoors","B07HD3KYFT","https://www.amazon.com/dp/B07HD3KYFT"
"","","94","Women Dancewear Belly Dance Bags Transparent Storage Bag for Wing","Baosity","$7.99","...","...","...","06/08/2021","...","1","5","","","...","B092WBM58B","https://www.amazon.com/dp/B092WBM58B"
"","","95","Nimiman Belly Dance isis Wings Sticks Portable Telescopic Stainless Steel Sticks","Nimiman","$10.90","68","2","$741","05/20/2017","$6","244","4.6","$4.91","114319","Sports & Outdoors","B07955FZHT","https://www.amazon.com/dp/B07955FZHT"
"","","96","RELBCY Belly Dance Hip Skirt Sequins Fringe Skirt Tassel Hip Scarf Rave Skirt for Women and Girls","RELBCY","$16.66","92","3","$1533","05/03/2022","$10.62","347","4.1","$6.04","48856","Sports & Outdoors","B0892ZFKMB","https://www.amazon.com/dp/B0892ZFKMB"