"Export time: 8/5/2022, 11:51:51 PM","","#","Product Name","Brand","Price","Mo. Sales","D. Sales","Mo. Revenue","Date First Available","Net","Rating Number","Rating","Fees","Rank","Category","ASIN","Link"
"Search Term: coin scarf","","1","Bellylady Gold Coins Belly Dance Hip Scarf Wholesale Dance Belt & Gypsy Bracelet","BellyLady","$7.50","4","0","$30","11/05/2013","$2.01","903","4.3","$5.50","499457","Clothing Shoes & Jewelry","B00GSFZSLW","https://www.amazon.com/dp/B00GSFZSLW"
"Average Sales: 122","","2","Zhanmai 12 Pieces Belly Dance Skirt Hip Skirt 12 Colors Waist Chain Dance Hip Scarf Belt with Dangling Coins","Zhanmai","$40.99","270","9","$11067","11/30/2021","$28.11","306","4.5","$12.88","30231","Sports & Outdoors","B094NJ4DH2","https://www.amazon.com/dp/B094NJ4DH2"
"Average Sales Rank: 1,607,608","","3","REINDEAR Vogue Style Chiffon Dangling Gold Coins Belly Dance Hip Scarf","REINDEAR","$7.15","105","3","$751","08/26/2015","$1.71","1839","4.3","$5.44","41500","Clothing Shoes & Jewelry","B014JXE1WQ","https://www.amazon.com/dp/B014JXE1WQ"
"Average Price: $19.00","","4","Wuchieal Women's Sweet Bellydance Hip Scarf with Gold Coins Skirts Wrap Noisy","Wuchieal","$14.98","830","27","$12433","07/24/2016","$8.33","2059","4.6","$6.65","8873","Sports & Outdoors","B01J1HX284","https://www.amazon.com/dp/B01J1HX284"
"Average Rating Number: 431","","5","Women Chiffon Dangling Gold Coins Belly Dance Hip Skirt Scarf Wrap Belt","AEY","$8.90","45","1","$401","10/03/2019","$3.17","1457","4.5","$5.73","93083","Clothing Shoes & Jewelry","B01HRKLV30","https://www.amazon.com/dp/B01HRKLV30"
"","","6","ZLTdream Women's Belly Dance Tribal Hip Scarf with Fringe Coins Flannel","ZLTdream","$21.98","20","0","$440","08/20/2015","$13.84","675","4.6","$8.14","103202","Clothing Shoes & Jewelry","B0147VP5WU","https://www.amazon.com/dp/B0147VP5WU"
"","","7","88 Colorful Gold Coins Plus Size Chiffon Belly Dance Hip Scarf Dance Skirt Belt Waist Chain","BESTCC","$16.99","115","3","$1954","10/28/2019","$10.67","292","4.5","$6.32","46045","Sports & Outdoors","B07ZQ6PYWK","https://www.amazon.com/dp/B07ZQ6PYWK"
"","","8","Lauthen.S 128 Coins Belly Dance Hip Scarf Tribal Belt Halloween Genie Costume Accessory","Lauthen.S","$10.99","190","6","$2088","06/21/2020","$5.85","236","4.6","$5.14","130376","Clothing Shoes & Jewelry","B08BLH9VYP","https://www.amazon.com/dp/B08BLH9VYP"
"","","9","Cielary Coins Belly Dance Hip Scarf Belt Halloween Costume Accessory","Cielary","$12.99","15","0","$195","12/22/2020","$8.12","21","4.5","$4.87","235390","Sports & Outdoors","B08R7QTCSL","https://www.amazon.com/dp/B08R7QTCSL"
"","","10","Gypsy Head Scarf with Coins","Largemouth","$16.99","165","5","$2803","04/24/2016","$10.83","662","3.9","$6.16","167321","Clothing Shoes & Jewelry","B07J5TJ2M5","https://www.amazon.com/dp/B07J5TJ2M5"
"","","11","Pilot-trade Belly Dance Tribe Style Belt Tassel Hip Scarfs Velvet Waist","Pilot-trade clothing trade co.Ltd","$15.32","11","0","$169","01/28/2015","$8.32","362","4.6","$7.00","217851","Clothing Shoes & Jewelry","B00SWOT124","https://www.amazon.com/dp/B00SWOT124"
"","","12","Uherebuy Chiffon Dangling Gold Coins Belly Dance Hip Skirt Scarf Belt","UHEREBUY","$9.90","83","2","$822","09/25/2018","$4","197","4.4","$5.90","176782","Clothing Shoes & Jewelry","B07B2TZCYC","https://www.amazon.com/dp/B07B2TZCYC"
"","","13","REINDEAR 12 Pcs Belly Dance Skirt Scarf Hip Wrap Belt Wholesale Voile Coin","REINDEAR","$58.95","0","0","$0","05/07/2015","...","39","4.1","","1784447","Sports & Outdoors","B00XBB9IBW","https://www.amazon.com/dp/B00XBB9IBW"
"","","14","ZLTdream Women's Belly Dance Wave Shape Hip Scarf With Silver Coins","ZLTdream","$14.50","23","0","$334","05/10/2014","$7.64","1020","4.6","$6.87","191107","Clothing Shoes & Jewelry","B00K9E6GTG","https://www.amazon.com/dp/B00K9E6GTG"
"","","15","Belly Dance Hip Scarf for Women S/M/L/XL","Breevo","$17.99","296","9","$5325","03/19/2019","$10.53","1428","4.6","$7.46","85411","Clothing Shoes & Jewelry","B07S2R5HLR","https://www.amazon.com/dp/B07S2R5HLR"
"","","16","ZLTdream Belly Dance Belt Wave Shape Hip Scarf With Gold Coins","ZLTdream","$12.86","0","0","$0","10/30/2017","...","14","4.5","","1550527","Clothing Shoes & Jewelry","B0771GXZC7","https://www.amazon.com/dp/B0771GXZC7"
"","","17","Lauthen.S 248 Coins Belly Dance Hip Scarf Tribal Belt Halloween Gypsy Costume Accessory","Lauthen.S","$15.99","90","3","$1439","01/29/2021","$8.87","67","4.5","$7.12","208813","Clothing Shoes & Jewelry","B08VGHTQBP","https://www.amazon.com/dp/B08VGHTQBP"
"","","18","ZLTdream Women's Belly Dance Tower Shape Metal Hip Scarf","ZLTdream","$13.92","5","0","$70","05/10/2014","$8.01","191","4.2","$5.91","480310","Clothing Shoes & Jewelry","B00K9E7S9I","https://www.amazon.com/dp/B00K9E7S9I"
"","","19","ZLTdream Women's Belly Dance Tassels Triangle Hip Scarf With Coins Sequins","ZLTdream","$12.88","0","0","$0","11/27/2015","$7.41","109","4.4","$5.47","845754","Sports & Outdoors","B018NTGPD0","https://www.amazon.com/dp/B018NTGPD0"
"","","20","ZLTdream Women's Belly Dance Retro Tribal Hip Scarf with Copper Coins Satin","ZLTdream","$25.68","2","0","$51","05/13/2017","$17.54","43","4.7","$8.14","469484","Clothing Shoes & Jewelry","B0719H1MYW","https://www.amazon.com/dp/B0719H1MYW"
"","","21","ZLTdream Women's Belly Dance triangler Hip Scarf With Coins","ZLTdream","$14.89","4","0","$60","05/10/2014","$8.82","97","4.4","$6.07","561384","Clothing Shoes & Jewelry","B00K9E7NUW","https://www.amazon.com/dp/B00K9E7NUW"
"","","22","BellyLady Belly Dance Hip Scarf 158 Gold Coins Dance Skirt","BellyLady","$9.78","0","0","$0","07/26/2009","$4.77","109","4.3","$5.01","734039","Sports & Outdoors","B003BYKOBM","https://www.amazon.com/dp/B003BYKOBM"
"","","23","Zhanmai 12 Pieces Belly Dance Skirt Hip Skirt 12 Colors Waist Chain Dance Hip Scarf Belt with Dangling Coins (Classic Style Gold Coins)","Zhanmai","$39.99","30","1","$1200","10/28/2021","$28.2","19","4.8","$11.79","206405","Sports & Outdoors","B09FP99CYF","https://www.amazon.com/dp/B09FP99CYF"
"","","24","Belly Dance Hip Scarf Belly Dancing Skirt Coin Sash Costume with Silver Coins","AK TRADING CO","$13.95","0","0","$0","08/30/2014","$8.32","411","4.4","$5.63","351484","Sports & Outdoors","B00N6WCKJI","https://www.amazon.com/dp/B00N6WCKJI"
"","","25","AK-Trading Chiffon Dangling Belly Dance Hip Scarf with Golden Coins","AK TRADING CO","$13.95","0","0","$0","10/11/2020","...","123","4.3","","652253","Clothing Shoes & Jewelry","B008F07BRM","https://www.amazon.com/dp/B008F07BRM"
"","","26","W&W Black Belly Dance Skirt Hip Scarf","Artist Unknown","$9.99","130","4","$1299","02/20/2017","$5.37","607","4.4","$4.62","112935","Clothing Shoes & Jewelry","B06X96MFDC","https://www.amazon.com/dp/B06X96MFDC"
"","","27","W&W Purple Belly Dance Skirt Hip Scarf","Artist Unknown","$9.99","0","0","$0","02/20/2017","$5.57","141","4.4","$4.42","271745","Sports & Outdoors","B06W5JNQ18","https://www.amazon.com/dp/B06W5JNQ18"
"","","28","Pilot-Trade Women's Triangular Belly Dancing Hip Scarf Wrap Skirt with Gold Coins","Pilot-trade clothing trade co.Ltd","$14.98","246","8","$3685","01/12/2017","$8.66","1133","4.5","$6.32","118176","Clothing Shoes & Jewelry","B01N6QH33Y","https://www.amazon.com/dp/B01N6QH33Y"
"","","29","Saymequeen Belly Dancing Dance Waist Chain Hip Scarf Skirt Belt with 320 Coins","Apparel-Saymequeen","$16.99","9","0","$153","04/07/2016","$10.67","246","4.5","$6.32","91162","Sports & Outdoors","B01E1B8LNG","https://www.amazon.com/dp/B01E1B8LNG"
"","","30","Wuchieal Women's Belly Dancing Belt Colorful Waist Chain Belly Dance Hip Scarf Belt","Wuchieal","$12.88","105","3","$1352","04/28/2017","$7.15","912","4.6","$5.73","174887","Clothing Shoes & Jewelry","B07FYCG2QP","https://www.amazon.com/dp/B07FYCG2QP"
"","","31","Aivtalk Women Belly Dance Hip Scarf with Coins Velvet Belly Dance Belt 320 Coins","Aivtalk","$28.99","30","1","$870","02/14/2017","$19.66","222","4.6","$9.33","388662","Clothing Shoes & Jewelry","B06X91L9XY","https://www.amazon.com/dp/B06X91L9XY"
"","","32","W&W Red Belly Dance Skirt Hip Scarf","Artist Unknown","$9.99","1","0","$10","02/20/2017","$4.95","96","4.5","$5.04","245526","Sports & Outdoors","B06X976Y8X","https://www.amazon.com/dp/B06X976Y8X"
"","","33","RELBCY Belly Dance Hip Scarf Tassel Sequins Dance Wrap Triangle Coin Dance Skirt Music Festival Costume for Women and Girls","RELBCY","$14.66","...","...","...","08/10/2021","...","13","5","","220403","...","B09CDM7FJ5","https://www.amazon.com/dp/B09CDM7FJ5"
"","","34","Lauthen.S Belly Dance Hip Scarf with Tassels Sequins Triangle Coins Wrap Skirt Music Festival Clothing","Lauthen.S","$15.99","95","3","$1519","11/17/2020","$10.67","330","4.4","$5.32","74828","Sports & Outdoors","B08NTCM8ML","https://www.amazon.com/dp/B08NTCM8ML"
"","","35","Earent Mesh Rhinestone Headbands Black Glitter Wide Hairbands Elastic Turban Kerchiefs Crystal Nightclub Headscarfs Rave Party Head Wraps Sparkle Body Jewelry for Women and Girls(Headbands) (A-Black)","EARENT","$11.99","235","7","$2818","10/08/2020","$6.05","196","4.3","$5.94","148094","Clothing Shoes & Jewelry","B08G197CRH","https://www.amazon.com/dp/B08G197CRH"
"","","36","ZLTdream Belly Dance Color Film Gong Hip Scarf Chiffon","ZLTdream","$11.72","1","0","$12","06/28/2016","$6.19","305","4.6","$5.53","286619","Sports & Outdoors","B01HPYZV1Q","https://www.amazon.com/dp/B01HPYZV1Q"
"","","37","COSICS Belly Dance Hip Scarf Belly Dancing Skirt Hip Scarves with Dangling Gold Coins for Performance Costume","Store COSICS COSICS Visit the","$9.99","60","2","$599","10/20/2019","$4.95","490","4.6","$5.04","102688","Sports & Outdoors","B07ZCL3HNZ","https://www.amazon.com/dp/B07ZCL3HNZ"
"","","38","Rightline Gear Mid Size Short Bed Truck Tent (5')","Rightline Gear","$135.60","851","28","$115396","02/08/2012","$107.73","1141","4.3","$27.87","4816","Automotive","B00FSBE7C8","https://www.amazon.com/dp/B00FSBE7C8"
"","","39","Belly Dancing Deluxe Velvet Hip Scarf - Fuchsia with Silver Coins","Anne Klein","$19.95","...","...","...","09/30/2013","...","0","","","2546930","...","B007DY06QY","https://www.amazon.com/dp/B007DY06QY"
"","","40","WAYDA Hip Scarf for Belly Dancing Women's Belly Dance Scarf with 128 Gold Coins Skirts for Bellydance Zumba or Yoga Class","WAYDA","$9.99","141","4","$1409","08/18/2019","$5.57","551","4.5","$4.42","40608","Sports & Outdoors","B07WSKFRB2","https://www.amazon.com/dp/B07WSKFRB2"
"","","41","BellyLady Belly Dance Hip Scarf With Paillettes Gold Coins Belly Dance skirt","BellyLady","$10.58","0","0","$0","11/29/2015","...","19","4.6","","281078","Sports & Outdoors","B00CPFN1DG","https://www.amazon.com/dp/B00CPFN1DG"
"","","42","AnnabelZ Women's Coin Purse Change Wallet Pouch Leather Card Holder with Key Chain Tassel Zip (Orange)","AnnabelZ","$9.99","1580","52","$15784","10/18/2018","$5.37","7179","4.6","$4.62","20327","Clothing Shoes & Jewelry","B07QBY7W6C","https://www.amazon.com/dp/B07QBY7W6C"
"","","43","MUNAFIE Belly Dance Coins Belt Hip Skirt Scarf with Gold Coins","MUNAFIE","$12.98","4","0","$52","02/19/2022","$7","74","4.4","$5.98","407636","Clothing Shoes & Jewelry","B073CNC466","https://www.amazon.com/dp/B073CNC466"
"","","44","AK-Trading Multi-Row 258 Silver Coins Velvet Belly Dance Hip Scarf - White","AK TRADING CO","$18.95","0","0","$0","08/07/2015","...","1","5","","1515737","Sports & Outdoors","B013L4LFDM","https://www.amazon.com/dp/B013L4LFDM"
"","","45","3 Pieces Women's Sweet Belly Dance Hip Scarf Belly Dance Skirt Wrap Noisy Belly Dancing Skirt Dangling Gold Coins Belly Dancer Costumes for Women Girls 62.2 Inches Black Blue and Purple","Henoyso","$28.99","...","...","...","04/07/2022","$19.5","0","","$9.49","390300","...","B09XHT1DQR","https://www.amazon.com/dp/B09XHT1DQR"
"","","46","Kakaco Tassel Sequins Hip Skirt Belly Dance Costume with Coin Party Rave Skirts Fringe Hip Scarf for Women and Girls","Kakaco","$14.66","0","0","$0","09/04/2020","$8.92","13","4.7","$5.74","548354","Sports & Outdoors","B08GXYDHH4","https://www.amazon.com/dp/B08GXYDHH4"
"","","47","NEPAK Belly Dance Hip Scarf SetSweet Belly Dance Skirt Wrap Performance Bling Sequins Coins(1 x Dance Belt2 x Dance Bracelet) Black","NEPAK","$16.99","30","1","$510","11/25/2019","$9.7","78","4.6","$7.29","348728","Clothing Shoes & Jewelry","B0821CVPY8","https://www.amazon.com/dp/B0821CVPY8"
"","","48","Belly Dance Hip Scarf - Tribal Coins Wave Shape Hip Skirt Belly Dancing Belt Tassel Fringe Shawl Wraps Belts for Women/Girls","MISI CHAO","$23.82","60","2","$1429","04/07/2019","...","95","4.6","","238928","Clothing Shoes & Jewelry","B099RTV34W","https://www.amazon.com/dp/B099RTV34W"
"","","49","YOUR SMILE Silk Like Scarf Women's Fashion Pattern Large Square Satin Headscarf Headdress","YOUR SMILE","$8.91","2186","72","$19477","06/24/2021","$4.13","10801","4.6","$4.78","20540","Clothing Shoes & Jewelry","B01GTNIP6C","https://www.amazon.com/dp/B01GTNIP6C"
"","","50","Honbay Belly Dance Hair Hoop Indian Dance Headband Tribal Headband with Bells and Coin Ornaments","HONBAY","$6.59","80","2","$527","10/20/2019","$2.79","176","4.5","$3.80","103153","Beauty & Personal Care","B07LGVZDM7","https://www.amazon.com/dp/B07LGVZDM7"
"","","51","ORIDOOR Belly Dance Hip Scarf for Women Flannel Wave Shape Tribal Belly Dancing Hip Skirt Wrap Belt with Gold Coins","ORIDOOR","$19.99","0","0","$0","12/22/2020","$13.22","11","4.8","$6.77","1111513","Sports & Outdoors","B07V9G51G4","https://www.amazon.com/dp/B07V9G51G4"
"","","52","Women Scarf Shawl for All Season 3PCS Scarve Wrap Scarve.","Axe Sickle","$13.99","1256","41","$17571","09/27/2019","$7.21","9285","4.6","$6.78","26473","Clothing Shoes & Jewelry","B07VDSW87F","https://www.amazon.com/dp/B07VDSW87F"
"","","53","Belly Dance Hip Scarf Coins Plus Size Fringe Skirt Sequin Fringe Skirt Belly Dancer Costumes for Women","Nimiman","$13.90","...","...","...","08/22/2021","$8.62","3","5","$5.28","2438706","...","B09DSSWX2R","https://www.amazon.com/dp/B09DSSWX2R"
"","","54","Sibosen Belly Dance Hip Scarf Skirt Tassel Sequin Coins Wrap Rave Costumes for Women","Sibosen","$8.75","0","0","$0","07/20/2021","$3.9","21","3.9","$4.85","230756","Sports & Outdoors","B099ZLZ33R","https://www.amazon.com/dp/B099ZLZ33R"
"","","55","Belly Dance Hip Scarf - Hip Skirt Belly Dancing Belt Triangle Shawl Tassel Belts Waist Chain for Women/Girls","MISI CHAO","$15.32","30","1","$460","07/25/2018","$9.48","336","4.5","$5.84","183512","Sports & Outdoors","B07FFN5KWB","https://www.amazon.com/dp/B07FFN5KWB"
"","","56","Aivtalk Women Belly Dance Hip Scarf Sequins Mesh Triangle Wrap Skirts","Aivtalk","$30.99","80","2","$2479","09/19/2018","$22.8","191","4.3","$8.19","229559","Clothing Shoes & Jewelry","B07HJ1TLN9","https://www.amazon.com/dp/B07HJ1TLN9"
"","","57","Pilot-Trade Lady's Belly Dance Hip Scarf Belt Skirt Latin Dance Tassel Wave Skirt","Pilot-trade clothing trade co.Ltd","$11.99","14","0","$168","05/09/2016","$7.27","149","4.6","$4.72","169763","Sports & Outdoors","B01FFS7WMK","https://www.amazon.com/dp/B01FFS7WMK"
"","","58","BellyLady Multi-Row Gold Coins Belly Dance Skirt Wrap & Hip Scarf Gift Idea","BellyLady","$10.49","0","0","$0","07/26/2009","$5.15","266","4.4","$5.34","441473","Sports & Outdoors","B002J8NPIU","https://www.amazon.com/dp/B002J8NPIU"
"","","59","Pearl Plus Size XL Chiffon Belly Dance Hip Scarf Wrap Belt Sash Skirt with Gold Coins","PEARL","$19.95","0","0","$0","10/22/2014","...","71","4.5","","700636","Sports & Outdoors","B00OT4E9I2","https://www.amazon.com/dp/B00OT4E9I2"
"","","60","Pearl Belly Dance Hip Scarf Hip Shakers Belly Dancing Skirt Coin Sash Costume with Gold Coins - Black","PEARL","$13.95","0","0","$0","10/21/2014","$8.32","83","4.4","$5.63","628737","Sports & Outdoors","B00OT3JWCQ","https://www.amazon.com/dp/B00OT3JWCQ"
"","","61","WEKIOOBON Belly Dance Hip Scarf Sweet Belly Dance Skirt Wrap Performance Bling Sequins Coins Belly Dance Costume for Women","WEKIOOBON","$11.99","870","29","$10431","06/18/2020","$6.42","1306","4.5","$5.57","6772","Sports & Outdoors","B08BJ6KHCH","https://www.amazon.com/dp/B08BJ6KHCH"
"","","62","Lilly Pulitzer Women's Vegan Leather Gold Clutch Purse Travel Wallet with Pocket Notepad Metallic Gold","Lilly Pulitzer","$28.95","95","3","$2750","08/31/2019","$19.51","234","4.6","$9.44","153123","Clothing Shoes & Jewelry","B07TFBKH6Y","https://www.amazon.com/dp/B07TFBKH6Y"
"","","63","7 Pieces Belly Dance Hip Scarf for Women Chiffon Dangling Belly Dance Hip Skirt Scarf Wrap Belt with Gold Coins","Hicarer","$30.99","66","2","$2045","09/07/2021","$20.55","40","4.7","$10.44","67750","Sports & Outdoors","B09FPM82J2","https://www.amazon.com/dp/B09FPM82J2"
"","","64","8-Sets Women's Belly Dance Outfit Belly Dance Hip Scarf Wrap Gold Coin Drop Necklace Earrings Bracelet Belly Dance Face Veil","Ujuuu","$21.99","...","...","...","06/30/2022","...","0","","","481918","...","B0B5KNN5YN","https://www.amazon.com/dp/B0B5KNN5YN"
"","","65","Chiffon Dangling Gold/Silver Coins Ornaments Belly Dance Hip Scarf Waist Belt","Showyou","$5.99","0","0","$0","03/02/2018","$0.57","3","4.3","$5.42","2380487","Clothing Shoes & Jewelry","B07B6VYR85","https://www.amazon.com/dp/B07B6VYR85"
"","","66","Bettli Fashion Shining Sequins Coin Belly Dance Accessories (multi color)","Bettli","$10.54","0","0","$0","09/23/2012","$4.53","82","4.4","$6.01","1807800","Clothing Shoes & Jewelry","B009FU4F84","https://www.amazon.com/dp/B009FU4F84"
"","","67","24 Pieces Belly Dance Hip Scarf Belly Dance Skirt with Gold Coins Bling Belly Dance Outfit Belly Dancer Costumes for Women","JaGely","$59.99","...","...","...","04/11/2022","$43.66","0","","$16.33","158406","...","B09XQYRWRF","https://www.amazon.com/dp/B09XQYRWRF"
"","","68","Cooyeah Belly Dance Skirt and Belly Dance Wrist Ankle Cuffs Bracelets","Aulufft","$9.99","64","2","$639","01/07/2020","$4.95","144","4.4","$5.04","73846","Sports & Outdoors","B083MYDB6F","https://www.amazon.com/dp/B083MYDB6F"
"","","69","Lightweight Semicircle Chiffon Hand Scarf Belly Dance Costume Outfit Hip Scarf Sequin Trim Shawls Veils","Showyou","$15.69","234","7","$3671","06/11/2018","$9.75","466","4.4","$5.94","104491","Clothing Shoes & Jewelry","B07DP4CQV1","https://www.amazon.com/dp/B07DP4CQV1"
"","","70","Women Belly Dance Hip Scarf with Coins","LNYSOTX","$13.99","...","...","...","07/29/2021","$7.84","17","4.8","$6.15","181924","...","B09BJ9N134","https://www.amazon.com/dp/B09BJ9N134"
"","","71","Geyoga 3 Pieces Women Belly Dance Costume Belly Dance Hip Scarf Long Sleeves Chiffon Top High Slit Harem Pants Sweatpants Beach Cover-up Pants Belly Dance Costumes India Dance Outfit Halloween","Geyoga","$8.99","0","0","$0","05/13/2021","$2.5","6","3.5","$6.49","517765","Sports & Outdoors","B094Y7XH2F","https://www.amazon.com/dp/B094Y7XH2F"
"","","72","Women's Belly Dance Hip Scarves Wave Wrap Skirts with 128 Gold Coins Chiffon Belly Dance Coin Belt with Bracelets","Nimiman","$12.90","...","...","...","08/24/2021","$7.79","2","4","$5.11","1706765","...","B09MD1S6M6","https://www.amazon.com/dp/B09MD1S6M6"
"","","73","Lilly Pulitzer ID Case Keychain Wallet with Zip Close Cute Durable Card Holder for Women Teen Girls Turtle Villa","Lilly Pulitzer","$19.95","728","24","$14524","07/14/2020","$13.64","967","4.8","$6.31","33139","Clothing Shoes & Jewelry","B08BQDTT7R","https://www.amazon.com/dp/B08BQDTT7R"
"","","74","4 Sets Women's Belly Dance Gypsy Accessories Gold Coins Belly Dance Hip Skirt Scarf Wrap Belt Gold Coins Necklace and Earrings Jewelry","Hicarer","$13.99","0","0","$0","12/15/2021","$7.42","15","4.5","$6.57","1247605","Clothing Shoes & Jewelry","B085PTM5NC","https://www.amazon.com/dp/B085PTM5NC"
"","","75","BELLYLADY 158 Gold Coins Belly Dance Hip Scarf Vogue Style Gift idea WHITE","AK TRADING CO","$6.95","0","0","$0","04/08/2014","$2.37","31","4.3","$4.58","914459","Sports & Outdoors","B00GJEK718","https://www.amazon.com/dp/B00GJEK718"
"","","76","Mutreso Belly Dance Hip Scarf with 248 Gold Coins 150cm Colorful Gem Belt Profession Velvet Performance Skirt Hip Wrap","Mutreso","$16.99","0","0","$0","02/19/2017","$10.67","44","4.4","$6.32","556363","Sports & Outdoors","B01DW2I3VK","https://www.amazon.com/dp/B01DW2I3VK"
"","","77","Women Scarfs Solid Color Head Scarf Pearl Hijab Lightweight Fashion Hair Scarf Purse Scarfs for Handbag","Generic","$6.76","...","...","...","05/18/2022","...","0","","","842562","...","B0B1PNXMN3","https://www.amazon.com/dp/B0B1PNXMN3"
"","","78","Belly Dance Accessories Shining Triangle Crochet Coins Sequins Hip Scarf with Tassel Dance Hip Wraps","Beading Charm","$13.99","8","0","$112","06/26/2017","$7.39","106","4.6","$6.60","323704","Clothing Shoes & Jewelry","B073NGY14N","https://www.amazon.com/dp/B073NGY14N"
"","","79","Women's Belly Dance Skirt Set Coin Skirt Belly Dance Hip Scarf Belly Dance Belt with Gold Coin Bling Sequins Bracelets (Black)","Meanplan","$16.99","...","...","...","06/16/2022","$9.7","0","","$7.29","1093620","...","B0B4DLGGRL","https://www.amazon.com/dp/B0B4DLGGRL"
"","","80","MUNAFIE Hip Scarf for Belly Dance Folk Dance Halloween Costume Tribal Dance Skirt with Sequin Tassel","MUNAFIE","$17.98","66","2","$1187","02/27/2019","$11.15","253","4.4","$6.83","153070","Clothing Shoes & Jewelry","B07P6WWSBQ","https://www.amazon.com/dp/B07P6WWSBQ"
"","","81","REINDEAR Belly Dance Gold Coins Chiffon Dangling Hip Scarf","REINDEAR","$7.15","0","0","$0","08/26/2015","...","43","4.3","","875945","Clothing Shoes & Jewelry","B077746LGX","https://www.amazon.com/dp/B077746LGX"
"","","82","Belly Dancing Belts with Golden/Sliver Coins 10PCS Hip Scarfs Shakers for Belly Dance with 128 Coins","DROK","$39.99","23","0","$920","04/15/2014","$27.56","321","4.6","$12.43","191036","Sports & Outdoors","B00JQ2HKEC","https://www.amazon.com/dp/B00JQ2HKEC"
"","","83","Whitewed Velvet Belly Dance Coin Hip Scarf Belt Egyptian Cabaret Tribal Fusion","Whitewed","$10.99","0","0","$0","04/14/2018","...","3","5","","2519614","Clothing Shoes & Jewelry","B07C735C5C","https://www.amazon.com/dp/B07C735C5C"
"","","84","Vera Bradley Women's Cotton Zip Id Case and Lanyard Combo","Vera Bradley","$23.27","...","...","...","07/29/2022","$15.77","439","4.8","$7.50","24130","...","B091PKGVPQ","https://www.amazon.com/dp/B091PKGVPQ"
"","","85","AK-Trading Black Belly Dancing Hip Scarf with Silver Coins","AK TRADING CO","$9.95","0","0","$0","10/21/2011","$4.04","167","4.5","$5.91","1616625","Clothing Shoes & Jewelry","B004AYJ12A","https://www.amazon.com/dp/B004AYJ12A"
"","","86","Belly Dance Plus Size Chiffon 3-Row Hip Scarf | TURKISTANI Plus","Miss Belly Dance","$21.99","0","0","$0","01/08/2019","...","21","4.2","","888739","Clothing Shoes & Jewelry","B07MSG93C3","https://www.amazon.com/dp/B07MSG93C3"
"","","87","Plus Size XL Chiffon Belly Dance Hip Scarf Wrap Belt Tribal Sash Skirt Silver Coins","PEARL","$19.95","0","0","$0","10/13/2014","...","271","4.6","","929721","Clothing Shoes & Jewelry","B0075FUJBS","https://www.amazon.com/dp/B0075FUJBS"
"","","88","AK-Trading Plus Size Belly Dancing Hip Scarf - Royal Blue with Gold Coins","AK TRADING CO","$19.95","0","0","$0","02/02/2012","...","6","3.9","","2761962","Sports & Outdoors","B009ICG4LA","https://www.amazon.com/dp/B009ICG4LA"
"","","89","Belly Dance Hip Scarf with Tassels Sequins Triangle Coins Wrap Skirt Music Festival Clothing","Nimiman","$14.90","...","...","...","08/22/2021","$9.45","6","4.3","$5.45","1120353","...","B09DSWCRXH","https://www.amazon.com/dp/B09DSWCRXH"
"","","90","Women Sequins Belly Dance Hip Scarf Tassels Coins Rave Wrap Skirt Halloween Costume","Cielary","$16.66","...","...","...","03/05/2022","$10.29","4","4.4","$6.37","346405","...","B09TYWP589","https://www.amazon.com/dp/B09TYWP589"
"","","91","Timberland Women's Leather RFID Small Indexer Wallet Billfold","Timberland","$24.99","1750","58","$43733","06/10/2020","$17.2","1322","4.3","$7.79","32974","Clothing Shoes & Jewelry","B08B2T31GR","https://www.amazon.com/dp/B08B2T31GR"
"","","92","MUNAFIE Women's Belly Dance Coin Belt Hip Scarf","MUNAFIE","$12.98","0","0","$0","02/19/2022","$7","136","4.4","$5.98","1040979","Clothing Shoes & Jewelry","B072539Q6M","https://www.amazon.com/dp/B072539Q6M"
"","","93","ShariRose Boho Chic Headscarf Tichel Headwear for Women Embellished with lace Handmade","ShariRose","$21.00","4","0","$84","10/07/2012","$13.21","118","4.2","$7.79","346109","Clothing Shoes & Jewelry","B01HC26QQ0","https://www.amazon.com/dp/B01HC26QQ0"
"","","94","ZLTdream Lady's Belly Dance Film Gong Skirt Hip Scarf Belt Chiffon With Gold Coins","ZLTdream","$12.78","...","...","...","03/09/2022","$7.69","2","4.5","$5.09","745771","...","B09VFPQ6LC","https://www.amazon.com/dp/B09VFPQ6LC"
"","","95","Neck Gaiter Masks - Breathable Face Bandana Mask for Men & Women INTO THE AM","Store INTO THE AM INTO THE AM Visit the","$9.95","233","7","$2318","07/06/2020","$4.04","39124","4","$5.91","36037","Clothing Shoes & Jewelry","B01LE3HB9Y","https://www.amazon.com/dp/B01LE3HB9Y"
"","","96","FONYVE Silk Feeling Scarf Medium Square Satin Head Scarf for Women 27.5  27.5 inches","FONYVE","$10.99","6064","202","$66643","11/07/2019","$5.85","9327","4.7","$5.14","3941","Clothing Shoes & Jewelry","B07Y83L7B3","https://www.amazon.com/dp/B07Y83L7B3"
"","","97","Aibearty Women's Triangular Belly Dance Hip Scarf with Gold Coins Colorful Wrap Skirt Waist Chain Performance Outfit","AIBEARTY","$16.78","...","...","...","05/25/2020","$10.16","0","","$6.62","4366929","...","B09MH7T9VY","https://www.amazon.com/dp/B09MH7T9VY"
"","","98","MUNAFIE Women's Belly Dance Hip Scarf Performance Outfits Skirt Festival Clothing","MUNAFIE","$13.98","228","7","$3187","07/25/2017","$8.34","2460","4.3","$5.64","20243","Sports & Outdoors","B0747RQSTZ","https://www.amazon.com/dp/B0747RQSTZ"
"","","99","VALICLUD Belly Dance Hip Scarf Dance Belt Belly Dancing Skirt Ballet Dress Skirts Wrap With Gold Coins (Sky Blue)","VALICLUD","$12.68","...","...","...","12/18/2021","...","0","","","4569380","...","B09NTZDPXL","https://www.amazon.com/dp/B09NTZDPXL"
"","","100","Belly Dance Plus Size Chiffon Colorful Bead & Coin Hip Scarf | Winding Winds","Miss Belly Dance","$32.99","0","0","$0","01/08/2019","...","11","4.6","","2337030","Clothing Shoes & Jewelry","B07MSK4T1L","https://www.amazon.com/dp/B07MSK4T1L"
"","","101","Mutreso Belly Dance Hip Scarf Bellydance Outfit Coins Belt Dance Skirt Velvet","Mutreso","$18.99","0","0","$0","02/19/2017","$12.37","46","4.4","$6.62","459623","Sports & Outdoors","B01N0T3PJD","https://www.amazon.com/dp/B01N0T3PJD"
"","","102","Plus Size Belly Dancing Hip Scarf - Dark Purple/Gold","PEARL","$19.95","0","0","$0","02/03/2012","...","24","4.4","","1202324","Clothing Shoes & Jewelry","B0075G4SDM","https://www.amazon.com/dp/B0075G4SDM"
"","","103","Hat To Socks Triangle Scarf with Bobbin Lace Fringes for Women","Hat To Socks","$9.99","4","0","$40","03/18/2019","$4.07","1226","4.3","$5.92","357394","Clothing Shoes & Jewelry","B016DZ108Q","https://www.amazon.com/dp/B016DZ108Q"
"","","104","Scarf Fashion Women Warm Scarf Thicken 85CM Keep * Shawl 190 Scarf Coin Scarf","Generic","","...","...","...","...","...","0","","","","...","B0B66WCY69","https://www.amazon.com/dp/B0B66WCY69"
"","","105","Swat Team Belt Coins Hip Scarf Wrap Hip Skirt Scarf Belt Waistband Belly Sequins With 320 Dance Belt","Generic","","...","...","...","07/14/2022","...","0","","","","...","B0B6N5YH1Y","https://www.amazon.com/dp/B0B6N5YH1Y"
"","","106","Belly Dance Velvet Wavy Hip Scarf| Layered LEBNANIYA","Miss Belly Dance","$21.99","0","0","$0","01/10/2019","...","5","5","","2331554","Sports & Outdoors","B07MG7JSQJ","https://www.amazon.com/dp/B07MG7JSQJ"
"","","107","ROPALIA Womens Belly Dance Scarf Performance Bling Sequins Coins Hip Scarfs","ROPALIA","$16.59","0","0","$0","11/09/2015","$10.56","152","4.2","$6.03","431478","Sports & Outdoors","B017SQYNAQ","https://www.amazon.com/dp/B017SQYNAQ"
"","","108","Campsis Gold Festival Sequins Head Chain Gyspy Headpiece Hair Accessories Jewelry for Women and Girls","Campsis","$8.99","138","4","$1241","11/24/2019","$5","241","4.2","$3.99","106618","Beauty & Personal Care","B07WQZGZSV","https://www.amazon.com/dp/B07WQZGZSV"
"","","109","16 Pieces Belly Dance Skirt Belly Waist Chain Dance Hip Scarf Belt with 98 Dangling Coins 8 Colors for Women Girl Bellydance Yoga Class","JaGely","$46.99","...","...","...","05/06/2022","$33.21","0","","$13.78","107893","...","B09ZQSVFK6","https://www.amazon.com/dp/B09ZQSVFK6"
"","","110","Pearl Belly Dancing 5 Line Triangle Chiffon Hip Scarf With Coins","PEARL","$19.95","0","0","$0","03/31/2013","...","16","3.8","","672514","Clothing Shoes & Jewelry","B00C4JYHOA","https://www.amazon.com/dp/B00C4JYHOA"
"","","111","ZLTdream Belly Dance Sequin Triangle Hip Scarf","ZLTdream","$12.20","9","0","$110","07/05/2016","$6.86","195","4.4","$5.34","304672","Clothing Shoes & Jewelry","B01I0XXYG0","https://www.amazon.com/dp/B01I0XXYG0"
"","","112","Aivtalk Women Wrap Skirt Belly Dance Hip Scarf Sequin Gypsy Belt Costumes","Aivtalk","$23.99","0","0","$0","08/19/2018","$16.85","70","4.2","$7.14","1399781","Sports & Outdoors","B01MXV4CV1","https://www.amazon.com/dp/B01MXV4CV1"
"","","113","NOVMAY Women's Fashion Scarves Silk Satin Square Head Scarf Floral Print Headscarf for Women 35 X 35 Inches","NOVMAY","$10.99","210","7","$2308","03/05/2020","$5.85","133","4.5","$5.14","111422","Clothing Shoes & Jewelry","B085L3KNP3","https://www.amazon.com/dp/B085L3KNP3"
"","","114","Belly Dance Hip Scarfs Women Wave Shape Skirts Wrap with 128-Gold Coins","LZYMSZ","$13.99","30","1","$420","07/28/2019","$8.12","117","4.4","$5.87","140303","Sports & Outdoors","B07VSL94HB","https://www.amazon.com/dp/B07VSL94HB"
"","","115","Belly Dancing Deluxe Velvet Hip Scarf - Black w/Gold Coins","Anne Klein","$19.95","0","0","$0","09/30/2013","...","0","","","10338419","Clothing Shoes & Jewelry","B007DZ5KO6","https://www.amazon.com/dp/B007DZ5KO6"
"","","116","Calcifer Belly Dance Belt Wrap Hip Scarf Skirt Waistband with 320 Coins","Calcifer","$13.99","0","0","$0","07/03/2017","...","60","4.4","","1402498","Clothing Shoes & Jewelry","B073QGXMSW","https://www.amazon.com/dp/B073QGXMSW"
"","","117","Belly Dancing Hip Scarf Belly Dance Hip Wrap Skirt Waist Belt with Artificial Coin Tassel","Dioche","$14.67","0","0","$0","11/30/2018","$8.41","119","4.7","$6.26","8243087","Clothing Shoes & Jewelry","B07JCVJN3S","https://www.amazon.com/dp/B07JCVJN3S"
"","","118","2022 Professional Belly Dance Hip Scarf Belt 128 Silver Coins Dance Class Gift","DEMON BABY","$25.99","0","0","$0","03/25/2016","$14.59","5","5","$11.40","2576859","Clothing Shoes & Jewelry","B077WNHX12","https://www.amazon.com/dp/B077WNHX12"
"","","119","Victray Women Belly Dance Skirt Sequin Hip Skirts Sparkly Hip Scarf Wrap Party Festival Costume","Victray","$14.66","...","...","...","03/30/2022","$8.63","7","3","$6.03","775285","...","B09T5PY8NP","https://www.amazon.com/dp/B09T5PY8NP"
"","","120","MUNAFIE Belly Dancing Belt Colorful Waist Belly Dance Hip Scarf Belt Triangle Skirt","MUNAFIE","$14.98","9","0","$135","03/11/2017","$8.03","628","4.5","$6.95","198156","Clothing Shoes & Jewelry","B06XJZSVQ2","https://www.amazon.com/dp/B06XJZSVQ2"
"","","121","ZLTdream Women's Belly Dance Long Tassels Lace Triangle Hip Scarf","ZLTdream","$14.88","4","0","$60","10/05/2014","$8.81","109","4.4","$6.07","399472","Clothing Shoes & Jewelry","B00O7X58PI","https://www.amazon.com/dp/B00O7X58PI"
"","","122","Belly Dance Chiffon Colorful Bead & Coin Hip Scarf | Winding Winds","Miss Belly Dance","$23.99","0","0","$0","01/08/2019","...","4","5","","4220034","Clothing Shoes & Jewelry","B07M7KWWPH","https://www.amazon.com/dp/B07M7KWWPH"
"","","123","Aivtalk Belly Dance Hip Scarf Gold Coins Belly Dance Costume Skirt Wrap Belt","Aivtalk","$27.99","0","0","$0","01/17/2016","$18.83","76","4.6","$9.16","614677","Clothing Shoes & Jewelry","B01ARQYZC0","https://www.amazon.com/dp/B01ARQYZC0"
"","","124","Belly Dance Hip Scarf with Coins Waist Costume Belt For Dancer Dancing 12 packs","Montree","$59.99","0","0","$0","12/04/2018","$44.56","195","4.7","$15.43","310256","Sports & Outdoors","B07L4TG9Z2","https://www.amazon.com/dp/B07L4TG9Z2"
"","","125","2 PCS Womens Satin Scarf Large Square Silk Feeling Head Hair Scarves Wraps for Sleeping 35 x 35 inches","Senker Fashion","$12.99","115","3","$1494","06/29/2022","$7.51","3388","4.7","$5.48","44409","Clothing Shoes & Jewelry","B074FT4HZ2","https://www.amazon.com/dp/B074FT4HZ2"
"","","126","Pearl Hip Shakers Belly Dancing Skirt Coin Sash/Scarf Costume with Gold Coins","PEARL","$13.95","0","0","$0","10/21/2014","...","50","4.4","","2198481","Sports & Outdoors","B00OT3K13K","https://www.amazon.com/dp/B00OT3K13K"
"","","127","Jstyle 8Pcs Gold Head Chain Jewely Boho Headband Head Chain Crystal Coins Pearl Tassel Hair Band for Bride and Women Bohemian Festival Prom Wedding Halloween Hair Headpiece","Jstyle","$18.99","0","0","$0","08/25/2020","$13.22","35","4.2","$5.77","295600","Beauty & Personal Care","B08GQ14RJP","https://www.amazon.com/dp/B08GQ14RJP"
"","","128","Whitewed Sequin Tribal Fusion Gypsy Belt Circle Scarf Scarves with Long Fringe","Whitewed","$9.99","0","0","$0","04/14/2018","$4.86","0","","$5.13","12500526","Clothing Shoes & Jewelry","B07CG4JCYG","https://www.amazon.com/dp/B07CG4JCYG"
"","","129","Nimiman Belly Dance Sequins Hip Scarf with Tassel Dance Hip Wraps Belly Dancing Accessories Shining Triangle Crochet Coins","Nimiman","$13.90","0","0","$0","12/06/2021","$8.28","0","","$5.63","645033","Sports & Outdoors","B09N6YR9BP","https://www.amazon.com/dp/B09N6YR9BP"
"","","130","CHARM Womens Headband Boho Headwrap - Turban Head Wrap Festival Retro Hair Accessory Pirate Hairband Dark Red","CHARM","$18.49","26","0","$481","02/09/2015","$11.13","451","4.5","$7.36","100506","Clothing Shoes & Jewelry","B003M35KA2","https://www.amazon.com/dp/B003M35KA2"
"","","131","AK TRADING CO. Black Belly Dancing Hip Scarf Skirt with 128 Gold Coins and Beads","AK TRADING CO","$14.25","0","0","$0","11/12/2012","...","4","3.4","","4849552","Clothing Shoes & Jewelry","B00A6M1HJ0","https://www.amazon.com/dp/B00A6M1HJ0"
"","","132","Cindy and Wendy Lightweight Soft Leaf Lace Fringes Scarf shawl for Women","Cindy and Wendy","$11.99","...","...","...","05/06/2016","$5.73","3553","4.5","$6.26","34743","...","B06Y4QLW77","https://www.amazon.com/dp/B06Y4QLW77"
"","","133","Whitewed Tye Dye Chiffon Belly Dance Hip Scarf Scarves with Coins Colorful Beads","Whitewed","$13.99","0","0","$0","04/14/2018","$7.66","0","","$6.33","8145716","Clothing Shoes & Jewelry","B07C6YCMGW","https://www.amazon.com/dp/B07C6YCMGW"
"","","134","BellyLady Wholesale 10 Pcs 158 Gold Coins Belly Dance Hip Scarf-Assort","BellyLady","$46.78","0","0","$0","11/22/2012","$33.04","26","4","$13.74","1626538","Clothing Shoes & Jewelry","B003Y5WZN8","https://www.amazon.com/dp/B003Y5WZN8"
"","","135","NUOBESTY 2Pcs Belly Dance Skirt Chiffon Waist Chain Dance Hip Scarf Shakers Belt with Dangling Coins Costume Accessory for Professional Dancers","NUOBESTY","$15.59","...","...","...","...","...","0","","","","...","B0B56J2XG7","https://www.amazon.com/dp/B0B56J2XG7"
"","","136","BellyLady Belly Dance Hip Scarf Multi-Row Silver Coin Dance Skirt Gift Idea","BellyLady","$7.99","0","0","$0","07/26/2009","$3.02","100","4.4","$4.97","626323","Sports & Outdoors","B003QYHW62","https://www.amazon.com/dp/B003QYHW62"
"","","137","Belly Dance Hip Scarf Skirt Belt Waist Chain with Golden Coins Women Dancing Outfits Rave Music Festival Costume","Magogo","$24.99","0","0","$0","03/13/2019","...","1","5","","5866710","Sports & Outdoors","B07PPPHF1Y","https://www.amazon.com/dp/B07PPPHF1Y"
"","","138","H:oter Multi-Row Gold Coins Belly Dance Wrap & Hip Scarf Simple Classical Style","AK TRADING CO","$8.95","0","0","$0","09/21/2012","...","0","","","3412987","Clothing Shoes & Jewelry","B003Q6EFT2","https://www.amazon.com/dp/B003Q6EFT2"
"","","139","BellyLady Belly Dance Hip Scarf Gold Coins Dance Skirt Christmas Gift Idea-Black","Bluelans","$19.99","0","0","$0","06/20/2018","...","9","3.8","","4476008","Clothing Shoes & Jewelry","B003QYLQF0","https://www.amazon.com/dp/B003QYLQF0"
"","","140","AK-Trading Chiffon Dangling Belly Dance Hip Scarf with Silver Coins","AK TRADING CO","$13.95","0","0","$0","10/11/2020","...","27","3.9","","1940614","Sports & Outdoors","B008F0B0TW","https://www.amazon.com/dp/B008F0B0TW"
"","","141","Women's Triangular Belly Dance Hip Scarf Wrap Skirt with Gold Coins Colorful Waist Chain Performance Outfit","ANKOMINA","$18.99","0","0","$0","05/31/2019","$11.36","4","4.2","$7.63","3729324","Clothing Shoes & Jewelry","B07SGHK3ZM","https://www.amazon.com/dp/B07SGHK3ZM"
"","","142","REINDEAR Vogue Style Chiffon Dangling Gold Coins Belly Dance Hip Scarf","TRD","$8.34","...","...","...","02/14/2022","...","0","","","","...","B09SLXB857","https://www.amazon.com/dp/B09SLXB857"
"","","143","Pearl Belly Dance Hip Scarf Hip Shakers Belly Dancing Skirt Coin Sash Costume with Gold Coins - Royal Blue","PEARL","$9.95","...","...","...","...","...","6","4","","92900","...","B00OT3K55O","https://www.amazon.com/dp/B00OT3K55O"
"","","144","Unique Design Coin Fringe Tribal Belly Dance Belt | Gypsy Hippie Boho Music Festival Style Hip Waist Novelty Fashion Jewelry | Handmade Metal Medallions | One size belt with ties","IndiaStop","$25.20","...","...","...","04/07/2017","$16.52","7","3.5","$8.68","391461","...","B0722GQ237","https://www.amazon.com/dp/B0722GQ237"
"","","145","Dance Coins Belly Belt Wrap Skirt Dance Costume Scarf Belly Gold Hip Belt Wrestling Belt Holder","Generic","$16.50","...","...","...","07/05/2022","...","0","","","","...","B0B5XKL5TQ","https://www.amazon.com/dp/B0B5XKL5TQ"
"","","146","Belly Dance Tribal Silver Coins Headband Gypsy Jewelry Halloween Costume","Hip Shakers","$10.95","4","0","$44","02/18/2015","...","26","4.6","","564344","Clothing Shoes & Jewelry","B00TRLK3LO","https://www.amazon.com/dp/B00TRLK3LO"
"","","147","TOYANDONA 2Pcs Belly Dance Hip Scarf Sweet Belly Dance Skirt Wrap with Gold Coins for Women Belly Dance Costume Performance","TOYANDONA","$15.99","...","...","...","06/14/2022","...","0","","","","...","B0B48WF3J9","https://www.amazon.com/dp/B0B48WF3J9"
"","","148","Multi-Row Gold Coins Belly Dance Wrap & Hip Scarf Simple Classical Style -red","Belly Dancing Skirts","$15.95","0","0","$0","05/12/2010","...","6","3","","5264566","Sports & Outdoors","B003ZS7HCI","https://www.amazon.com/dp/B003ZS7HCI"
"","","149","Kate Spade New York Fruit Bouquet Square","Kate Spade New York","$88.00","...","...","...","08/11/2021","$71.26","0","","$16.74","2230854","...","B09BQNNDPN","https://www.amazon.com/dp/B09BQNNDPN"
"","","150","Phoenix Wonder Belly Dance Hip Skirt Tassel Scarf Sequin Gold Silver Coins Belly Dance Hip Scarf Style ElegantB6","Phoenix Wonder","$26.15","...","...","...","05/17/2021","...","0","","","","...","B095CFN61T","https://www.amazon.com/dp/B095CFN61T"
"","","151","6 Pack Hair Scarf Headband for Women - Elastic Hair Kerchief Boho Triangle Bandana Head Scarf with Clips Non Slip Leopard Print Hair Scarves for Teen Girls","Vercret","$13.99","1830","61","$25602","08/31/2021","$8.12","310","4.4","$5.87","9163","Beauty & Personal Care","B09BJC4HYQ","https://www.amazon.com/dp/B09BJC4HYQ"
"","","152","New Belly Dancing Hip Scarf Skirt Wrap Costumes","sunvalleytek","$9.95","0","0","$0","12/27/2010","...","13","4.1","","748411","Clothing Shoes & Jewelry","B004HH8GNA","https://www.amazon.com/dp/B004HH8GNA"
"","","153","Belly Dancing Belt Waist Chain Dance Hip Scarf Waistband Wrap Skirt Chiffon Sequins Women","Maytop","$14.99","0","0","$0","07/22/2020","$9.52","13","4.9","$5.47","2305776","Clothing Shoes & Jewelry","B08DJ61J5Y","https://www.amazon.com/dp/B08DJ61J5Y"
"","","154","Women's Tassels Fringed Sequins Triangle Belly Dance Hip Scarf Skirt Waist Belt for Outfits Performance","BellyAngel","$17.99","0","0","$0","12/27/2019","$10.53","18","4.1","$7.46","897445","Clothing Shoes & Jewelry","B0838JTQND","https://www.amazon.com/dp/B0838JTQND"
"","","155","Lauthen.S Women Belly Dance Headband Coins Tribal Headpiece Gypsy Jewelry Costume AccessorySilver","Lauthen.S","$9.99","54","1","$539","09/26/2019","$5.92","86","4.2","$4.07","100708","Beauty & Personal Care","B07QZZLRQG","https://www.amazon.com/dp/B07QZZLRQG"
"","","156","Shop Pop Fashion - Arrow Pattern Infinity Scarf with Hidden Zipper Pocket to store Phone Keys and Wallet","Shop Pop Fashion","$12.99","11","0","$143","07/27/2020","$6.56","238","4.5","$6.43","214297","Clothing Shoes & Jewelry","B01NCHA1DH","https://www.amazon.com/dp/B01NCHA1DH"
"","","157","REINDEAR Vogue Style Chiffon Dangling Gold Coins Belly Dance Hip Scarf","TRD","$8.34","...","...","...","02/14/2022","...","0","","","","...","B09SLZPR25","https://www.amazon.com/dp/B09SLZPR25"
"","","158","Victray Belly Dance Hip Skirt Coin Short Skirts Party Sequin Hip Scarf Wrap Festival Costume for Women and Girls","Victray","$17.66","...","...","...","05/29/2022","...","0","","","313033","...","B09Y1K3Q9L","https://www.amazon.com/dp/B09Y1K3Q9L"
"","","159","REINDEAR Vogue Style Chiffon Dangling Gold Coins Belly Dance Hip Scarf","TRD","$8.34","...","...","...","02/14/2022","...","0","","","","...","B09SLZ21V6","https://www.amazon.com/dp/B09SLZ21V6"
"","","160","Black belly dance Skirt with silver coins","Belly 360","$9.95","0","0","$0","11/02/2010","$4.92","56","4.2","$5.03","650688","Sports & Outdoors","B004EVQ88Y","https://www.amazon.com/dp/B004EVQ88Y"
"","","161","REINDEAR Vogue Style Chiffon Dangling Gold Coins Belly Dance Hip Scarf","TRD","$8.34","...","...","...","02/14/2022","...","0","","","","...","B09SLYZ63B","https://www.amazon.com/dp/B09SLYZ63B"
"","","162","3 Pack Women Belly Dance Hip Scarf Dangling Coins Belly Dancing Skirt Bling Sequins Belly Dancer Scarves Performance Costume","Clzemo","$9.99","...","...","...","07/14/2022","...","0","","","","...","B0B6NZ7FMJ","https://www.amazon.com/dp/B0B6NZ7FMJ"
"","","163","REINDEAR Vogue Style Chiffon Dangling Gold Coins Belly Dance Hip Scarf","TRD","$8.34","...","...","...","02/14/2022","...","0","","","","...","B09SLYQ4W3","https://www.amazon.com/dp/B09SLYQ4W3"
"","","164","REINDEAR Vogue Style Chiffon Dangling Gold Coins Belly Dance Hip Scarf","TRD","$8.34","...","...","...","02/14/2022","...","0","","","","...","B09SLXW5V6","https://www.amazon.com/dp/B09SLXW5V6"
"","","165","Orino8482; Women Belly Dance Dancing Hip Scarf Wrap Costumes Golden 248 Coins Belt Velvet Skirt with Two Gold Lines (Rose)","Orino","$10.99","0","0","$0","04/13/2015","$5.57","2","5","$5.42","3122262","Sports & Outdoors","B00W3DIYPK","https://www.amazon.com/dp/B00W3DIYPK"
"","","166","REINDEAR Vogue Style Chiffon Dangling Gold Coins Belly Dance Hip Scarf","TRD","$8.34","...","...","...","02/14/2022","...","0","","","","...","B09SLWY69H","https://www.amazon.com/dp/B09SLWY69H"
"","","167","Kakaco Belly Dance Hip Skirt Sequin Fringe Skirts Tassel Hip Scarf Wrap Party Rave Outfit for Women and Girls","KAKACO","$16.66","...","...","...","08/20/2021","...","1","5","","425726","...","B09D9NDM68","https://www.amazon.com/dp/B09D9NDM68"
"","","168","Eurzom 6 Pieces Belly Dance Hip Scarf Belly Dance Skirt Bling Coin Dancing Costume Equipment for Women Belly Dancer 6 Colors","Eurzom","$32.99","15","0","$495","04/06/2022","$22.9","0","","$10.09","127801","Sports & Outdoors","B09XD88SVS","https://www.amazon.com/dp/B09XD88SVS"
"","","169","Belly Dance Hip Scarf Sequin Triangle Skirt","Nimiman","$11.90","...","...","...","08/23/2021","$6.34","17","4.1","$5.56","388341","...","B09DST1PTB","https://www.amazon.com/dp/B09DST1PTB"
"","","170","ROYAL SMEELA Belly Dance Hip Scarf Triangle Tassel Hip Scarves Skirt Belly Dancing Costume for Women One Size Velvet","ROYAL SMEELA","$19.99","0","0","$0","01/16/2017","$13.45","39","4.2","$6.54","1121928","Sports & Outdoors","B01NCWLEKP","https://www.amazon.com/dp/B01NCWLEKP"
"","","171","PRETYZOOM Belly Dance Hip Scarf Chiffon Dangling Belly Dance Hip Skirt with Gold Coins Women Tap Dancing Costumes","PRETYZOOM","$8.99","0","0","$0","06/10/2022","$4.54","0","","$4.45","5483362","Clothing Shoes & Jewelry","B0B3TJ4KVZ","https://www.amazon.com/dp/B0B3TJ4KVZ"
"","","172","AIRLUT Light blue Chiffon Dangling Gold Coins Hip Scarf for Belly Dancing","AIRLUT","$6.10","0","0","$0","06/28/2014","...","17","3.5","","3041255","Clothing Shoes & Jewelry","B00LDQ3NG8","https://www.amazon.com/dp/B00LDQ3NG8"
"","","173","White Belly dance Scarf in silver coins","Jinglies","$13.95","0","0","$0","10/10/2012","$8.32","33","4.1","$5.63","3308146","Sports & Outdoors","B009OW6PUY","https://www.amazon.com/dp/B009OW6PUY"
"","","174","ROYAL SMEELA Belly Dance Costume for Women Belly Dancing Skirt Side Slit Belly Dancing Outfit Carnival Costumes","ROYAL SMEELA","$18.99","0","0","$0","04/17/2019","$11","12","3.2","$7.99","1118986","Sports & Outdoors","B07QTXZ89F","https://www.amazon.com/dp/B07QTXZ89F"
"","","175","ShariRose Pre-Tied Cotton Headwear Headscarf Chemo Cancer & Tichel Friendly Over 30 Colors!","ShariRose","$19.99","24","0","$480","11/09/2013","$12.77","29","4.6","$7.22","54399","Beauty & Personal Care","B01E63H4KU","https://www.amazon.com/dp/B01E63H4KU"
"","","176","Anna by Anuschka Genuine Leather Hand-painted Original Art - Credit Card Holder","Anna by Anuschka","$27.07","0","0","$0","04/29/2018","$19.55","48","4.7","$7.52","635288","Clothing Shoes & Jewelry","B07CVL2P2T","https://www.amazon.com/dp/B07CVL2P2T"
"","","177","TOYANDONA 2 Pcs Belly Dance Hip Scarf Waist Chain Dance Hip Scarf Belt with Dangling Coins Sweet Belly Dance Skirt Wrap Costume for Women","TOYANDONA","$16.99","...","...","...","06/12/2022","...","0","","","","...","B0B3XK1X2B","https://www.amazon.com/dp/B0B3XK1X2B"
"","","178","MUNAFIE Belly Dance Belt Hip Coins Scarf Blue","MUNAFIE","$10.99","0","0","$0","02/19/2022","$5.35","13","4.2","$5.64","2245579","Clothing Shoes & Jewelry","B07RHF7V8M","https://www.amazon.com/dp/B07RHF7V8M"
"","","179","RELBCY Belly Dance Hip Scarf Tassel Sequins Dance Wrap Triangle Hip Shawl Music Festival Costume for Women and Girls","RELBCY","$14.66","0","0","$0","08/31/2021","...","7","4.2","","1189689","Clothing Shoes & Jewelry","B09CDKSC1Y","https://www.amazon.com/dp/B09CDKSC1Y"
"","","180","Toyvian Belly Dance Hip Scarf Gold Coins Belly Dance Hip Scarf Halloween Costume Accessory for Women Costume Bellydance or Yoga Class 2 Pieces","Toyvian","$17.75","...","...","...","06/24/2022","...","0","","","","...","B0B4Z754L2","https://www.amazon.com/dp/B0B4Z754L2"
"","","181","Brown Dress Suit Belly Dance Hip Scarf Wrap Belt Tribal Sash Skirt Silver 128 Coins","Generic","$9.82","...","...","...","...","...","0","","","","...","B0B3526P3Y","https://www.amazon.com/dp/B0B3526P3Y"
"","","182","BOEYAA Belly Dance Waist Chain Coin Hip Scarf Dance Skirt Ethnic Performance Costume","BOEYAA","$32.80","0","0","$0","06/14/2022","...","0","","","3269700","Clothing Shoes & Jewelry","B0B45ZR8TR","https://www.amazon.com/dp/B0B45ZR8TR"
"","","183","ROYAL SMEELA Womens Belly Dance Hip Scarf Tribal Triangle Tassel Hip Scarves Skirt Belly Dancing Costumes Carnival Outfit","ROYAL SMEELA","$29.99","0","0","$0","12/04/2019","$21.95","4","4.8","$8.04","398090","Sports & Outdoors","B082D2WBWR","https://www.amazon.com/dp/B082D2WBWR"
"","","184","The Turkish Emporium Tribal Fringe Fusion Belly Dance Hip Scarf - V Shaped","The Turkish Emporium","$9.95","0","0","$0","01/15/2013","...","34","3.9","","644425","Sports & Outdoors","B00B1OCRS2","https://www.amazon.com/dp/B00B1OCRS2"
"","","185","Whitewed Triangle Lace Shawl Hip Scarf Belt with Fringe Belly Dance Tribal Gypsy","Whitewed","$12.99","0","0","$0","04/14/2018","...","6","3.6","","946150","Sports & Outdoors","B07C72FBXD","https://www.amazon.com/dp/B07C72FBXD"
"","","186","Multi-Row Paillettes Gold Coins Belly Dance Wrap & Hip Scarf Lively Style -hot pink","Expressmart","$7.50","0","0","$0","08/15/2010","$2.46","80","4.4","$5.04","3402688","Clothing Shoes & Jewelry","B003ZSB3NW","https://www.amazon.com/dp/B003ZSB3NW"
"","","187","Women's Chiffon Belly Dance Hip Scarf Waistband Belt Skirt Mixed Colors Beads and Golded Coins","Generic","$22.98","...","...","...","03/08/2022","...","0","","","","...","B09V6PKDDR","https://www.amazon.com/dp/B09V6PKDDR"
"","","188","with 320 Coins Waistband Belt Scarf Hip Dance Hip Scarf Skirt Wrap Sequins Belly Belt Championship Belts for Adults","Generic","$17.21","...","...","...","07/05/2022","...","0","","","","...","B0B5XJXHQP","https://www.amazon.com/dp/B0B5XJXHQP"
"","","189","Ursumy Boho Tassel Head Chain Gold Crystal Pendant Hair Chain Gypsy Festival Headband Halloween Headpiece Wedding Festival Hair Accessories for Women and Girls","Ursumy","$8.66","0","0","$0","10/16/2020","$5.05","1","5","$3.61","908672","Beauty & Personal Care","B08FM8QZF5","https://www.amazon.com/dp/B08FM8QZF5"
"","","190","Women's Velvet Belly Dance Hip Scarf Waistband Belt Skirt with Multi color beads and 300 Ringy Golden Coins 300 All","Generic","$26.98","...","...","...","03/08/2022","...","0","","","","...","B09V6KPQW9","https://www.amazon.com/dp/B09V6KPQW9"
"","","191","Freebily Women's Belly Dance Wrap Belt Costume Girls Tassel Sequins Gold Coins Dance Hip Scarf Skirt","Freebily","$20.95","0","0","$0","11/24/2020","...","0","","","758254","Clothing Shoes & Jewelry","B08P4KX7ZD","https://www.amazon.com/dp/B08P4KX7ZD"
"","","192","Woolen Scarf with zigzag Prints For Women Exquisite Unique Summer/Spring Collection Lightweight Soft Scarf Shawl Wrap.","Scarves by Tara","$79.99","...","...","...","05/08/2022","...","0","","","528057","...","B09ZVJLW75","https://www.amazon.com/dp/B09ZVJLW75"
"","","193","Watched Belt Belly Coins Belt Wrap Belly Dance Gold Dance Hip Scarf Skirt Costume Belt","Generic","","...","...","...","07/14/2022","...","0","","","","...","B0B6NF6ZQK","https://www.amazon.com/dp/B0B6NF6ZQK"
"","","194","Farlenoyar Women Belly Dance Hip Scarf Gold Coins 328 Pcs Belly Dance Costume Dancing Skirt Wrap Belt","Farlenoyar","$15.95","0","0","$0","08/06/2017","$8.84","8","3.7","$7.11","2263314","Clothing Shoes & Jewelry","B074MQ8QJ7","https://www.amazon.com/dp/B074MQ8QJ7"
"","","195","BellyLady Belly Dance Hip Scarf Skirt Wrap With Paillettes","BellyLady","$4.99","0","0","$0","06/09/2010","$0.7","217","4.5","$4.29","879620","Sports & Outdoors","B00J58TDTM","https://www.amazon.com/dp/B00J58TDTM"
"","","196","Women Belts For Dresses Belly Coins Belt Wrap Belly Dance Gold Dance Hip Scarf Skirt Costume Black Leather Belt","Generic","","...","...","...","06/12/2022","...","0","","","","...","B0B3XNQ3WM","https://www.amazon.com/dp/B0B3XNQ3WM"
"","","197","Pilot-trade Lady's Chiffon Dancing Silver Coins Belly Dance Hip Skirt Scarf Wrap Belt","Pilot-trade clothing trade co.Ltd","$5.32","0","0","$0","02/11/2015","...","19","4","","1373504","Clothing Shoes & Jewelry","B00TIW60WS","https://www.amazon.com/dp/B00TIW60WS"
"","","198","Women Belts For Dresses Belly Coins Belt Wrap Belly Dance Gold Dance Hip Scarf Skirt Costume Belt","Generic","","...","...","...","06/07/2022","...","0","","","","...","B0B3JMPTDX","https://www.amazon.com/dp/B0B3JMPTDX"
"","","199","LUX ACCESSORIES Burnished-Silvertone Gypsy Style Coins Tassel Head Chain Head Piece Headbands","LUX ACCESSORIES","$9.99","...","...","...","06/12/2022","$5.65","0","","$4.34","247227","...","B09JMCGD9G","https://www.amazon.com/dp/B09JMCGD9G"
"","","200","Lelike Sequin Skirt with Sparkly Fringe","Lelike","$24.99","...","...","...","09/06/2021","$16.97","553","4","$8.02","21747","...","B09PV961SD","https://www.amazon.com/dp/B09PV961SD"
"","","201","BellyScarf-Jinglies Womens Belly Dance Hip Scarf Skirt with Chiffon Coins","BellyScarf-Jinglies","$24.95","0","0","$0","09/18/2015","$16.07","17","4.1","$8.88","2534952","Sports & Outdoors","B015LEQPRG","https://www.amazon.com/dp/B015LEQPRG"
"","","202","ROYAL SMEELA Belly Dance Hip Scarf Fringe Bellydance Hip Scarves Belly Dancing Hip Scarf Belly Dance Costume Carnival Outfit","ROYAL SMEELA","$29.99","0","0","$0","12/05/2019","...","2","5","","2376173","Sports & Outdoors","B082F8F19K","https://www.amazon.com/dp/B082F8F19K"
"","","203","FRDTLUTHW 6 Pcs Hair Accessories Loc Hair Jewelry for Women Braids Dreadlock Accessories Metal Hair Clips Decoration(Multiple Styles)-style 1","FRDTLUTHW","$7.59","2007","66","$15233","05/13/2021","$4.06","1052","4","$3.53","6909","Beauty & Personal Care","B09249X1V7","https://www.amazon.com/dp/B09249X1V7"
"","","204","Lauthen.S Women Belly Dance Hip Scarf Sequins Mesh Triangle Wrap Skirt Waist Chain","Lauthen.S","$17.99","9","0","$162","03/31/2019","$12.37","142","4.2","$5.62","210558","Sports & Outdoors","B07Q6X1X6Z","https://www.amazon.com/dp/B07Q6X1X6Z"
"","","205","MUNAFIE Women's Belly Dance Coin Belt Hip Scarf","MUNAFIE","$10.99","0","0","$0","02/19/2022","$5.35","39","4.3","$5.64","1554992","Clothing Shoes & Jewelry","B07114T7MV","https://www.amazon.com/dp/B07114T7MV"
"","","206","Pilot-trade Women Belly Dance Dancing Hip Scarf Wrap Costumes Golden Coins Belt Velvet Skirt","Pilot-trade clothing trade co.Ltd","$9.98","0","0","$0","02/09/2015","...","12","4.8","","3562379","Clothing Shoes & Jewelry","B00TF56RCG","https://www.amazon.com/dp/B00TF56RCG"
"","","207","Chiffon Dangling Gold Coins Belly Dance Hip Scarf Vogue Style -black","AK TRADING CO","$13.95","0","0","$0","08/15/2010","...","13","4.5","","2499220","Sports & Outdoors","B003ZS7GXI","https://www.amazon.com/dp/B003ZS7GXI"
"","","208","REINDEAR Wholesale Belly Dance Dangling Gold Coins Belly Dance Hip Scarf","REINDEAR","$52.99","0","0","$0","11/01/2017","...","3","4.5","","3518962","Clothing Shoes & Jewelry","B07D43VYRV","https://www.amazon.com/dp/B07D43VYRV"
"","","209","Pilot-trade Women's Belly Dance Hip Scarf Lively Style Bead Coins Wrap Skirt Belt","Pilot-trade clothing trade co.Ltd","$9.98","0","0","$0","01/29/2015","...","26","4.4","","2148875","Clothing Shoes & Jewelry","B00SYAFQD4","https://www.amazon.com/dp/B00SYAFQD4"
"","","210","LZYMSZ Belly Dance Hip ScarfsGirls Belly Dance Skirts Wrap with 320 Bling Sequins CoinsChiffon Dangling Belly Dance Waist","LZYMSZ","$16.99","...","...","...","10/27/2021","...","1","4","","2473402","...","B09KLWXH3B","https://www.amazon.com/dp/B09KLWXH3B"
"","","211","C.C Women's Winter Cable Knit Sherpa Lined Warm Infinity Pullover Scarf","C.C","$19.99","60","2","$1199","08/13/2018","$12.19","1331","4.7","$7.80","223443","Clothing Shoes & Jewelry","B07GFR1HCQ","https://www.amazon.com/dp/B07GFR1HCQ"
"","","212","ZLTdream Women's Belly Dance Costume Bra Top with Chest & Hip Scarf with Fringe","ZLTdream","$19.56","5","0","$98","06/20/2017","$12.23","676","4.3","$7.33","98893","Sports & Outdoors","B074V6Z54X","https://www.amazon.com/dp/B074V6Z54X"
"","","213","Pearl Belly Dance Hip Scarf with Gold Coins - Orange","PEARL","$13.95","0","0","$0","10/21/2014","...","7","3.6","","795581","Sports & Outdoors","B00OT3K6WG","https://www.amazon.com/dp/B00OT3K6WG"
"","","214","Pilot-trade Lady's Belly Dance Chain Hip Scarf Skirt Costume Wrap Gold Coins Band Gemstone Velvet","Pilot-trade clothing trade co.Ltd","$11.98","0","0","$0","01/21/2015","...","3","4.1","","1984120","Clothing Shoes & Jewelry","B00SKR7EZ4","https://www.amazon.com/dp/B00SKR7EZ4"
"","","215","","...","","...","...","...","...","...","0","","","","...","B0B2PTWPSN","https://www.amazon.com/dp/B0B2PTWPSN"
"","","216","KVR Valentine's Day Belly dance ancient Arabian belt hip wrap coin georgette women fancy designer scarf","KVR","$15.99","...","...","...","06/01/2022","...","2","5","","2323444","...","B0B321HQBH","https://www.amazon.com/dp/B0B321HQBH"
"","","217","Mutreso Belly Dance Hip Scarf with 328 Gold Coins 150cm Colorful Gem Belt Profession Velvet Performance Skirt Hip Wrap","Mutreso","$18.99","0","0","$0","04/05/2016","$12.37","35","4.4","$6.62","714352","Sports & Outdoors","B01DW2I428","https://www.amazon.com/dp/B01DW2I428"
"","","218","2 Packs Tutu Skirt Elastic Lady Teen Adult Tulle Tutu Skirt Short Ladies 80's Tutu 3/4 Layered Tulle Tutu Skirt","Eurzom","$14.99","...","...","...","02/21/2022","$9.52","78","4.1","$5.47","56981","...","B0B1759JZ6","https://www.amazon.com/dp/B0B1759JZ6"
"","","219","REINDEAR Women's Sweet Bellydance Hip Scarf With Gold Coins Skirts Wrap","REINDEAR","$12.95","0","0","$0","08/26/2015","...","0","","","2418419","Clothing Shoes & Jewelry","B07DKSY2J2","https://www.amazon.com/dp/B07DKSY2J2"
"","","220","Belly Dance Chiffon Colorful Bead & Coin Hip Scarf | Dynamite Dunes","Miss Belly Dance","$23.99","0","0","$0","01/07/2019","...","0","","","6550360","Sports & Outdoors","B07MLXX6F1","https://www.amazon.com/dp/B07MLXX6F1"
"","","221","Women's Sparkly Belly Dance Hip Scarf Sewed with 320-Gold Coins Wave Shape Skirts Wrap","BESTCC","$14.99","0","0","$0","11/18/2019","$8.97","22","4.2","$6.02","667561","Sports & Outdoors","B0829R164X","https://www.amazon.com/dp/B0829R164X"
"","","222","Pilot-trade Lady's Belly Dance Velvet Hip Scarf Skirt Gem Wrap Waist Belt","Pilot-trade clothing trade co.Ltd","$9.98","0","0","$0","01/21/2015","...","5","4.2","","2157556","Clothing Shoes & Jewelry","B00SKQ1RSA","https://www.amazon.com/dp/B00SKQ1RSA"
"","","223","Tourequi Dangling Gold Coins Belly Dance Hip Scarf Belly Dance Skirt with Paillettes Gold Coins Lively Style Bs04","Tourequi","$16.99","0","0","$0","07/01/2014","...","0","","","2840362","Sports & Outdoors","B00LGMDPAI","https://www.amazon.com/dp/B00LGMDPAI"
"","","224","ZLTdream Lady's Wave Shape Belly Dance Gradual Colorful Belt Hip Scarf With 310pcs Gold Coins","ZLTdream","$14.99","...","...","...","05/12/2022","...","1","5","","4015618","...","B0B188J18F","https://www.amazon.com/dp/B0B188J18F"
"","","225","Beading Charm Velvet Belly Dance Hip Scarf Women Gold Coins Wrap Belt (Black)","Beading Charm","$15.99","...","...","...","01/06/2022","...","1","5","","2436510","...","B09PYDKQ2V","https://www.amazon.com/dp/B09PYDKQ2V"
"","","226","Amosfun Belly Dance Skirt Chiffon Belly Dance Hip Scarf Wave Shape Waist Chain Skirt with Silver Coins for Women Girl Black","Amosfun","$10.96","...","...","...","...","...","0","","","","...","B0B2JT44QK","https://www.amazon.com/dp/B0B2JT44QK"
"","","227","ROYAL SMEELA Belly Dance Skirt Tribal Two Side Slit Skirt Belly Dance Costume for Women Maxi Skirt Satin Dancing Skirts","ROYAL SMEELA","$21.99","0","0","$0","12/25/2018","$14.92","45","4.3","$7.07","699323","Sports & Outdoors","B07MGXZ8YY","https://www.amazon.com/dp/B07MGXZ8YY"
"","","228","Belly Dancing Dance Waistband Hip Skirt Scarf with Multicolor Sequins","ECYC","$11.99","0","0","$0","04/06/2017","$6.65","55","4.5","$5.34","1281172","Sports & Outdoors","B06Y42YKHW","https://www.amazon.com/dp/B06Y42YKHW"
"","","229","Movie Famous Hand Made Chiffon Turkish Belly Dance Hip Scarf/Belt: Silver Coins Three Lines Style","Generic","$26.00","...","...","...","07/11/2021","$17.18","0","","$8.82","9719410","...","B098N2BQ5R","https://www.amazon.com/dp/B098N2BQ5R"
"","","230","ABOOFAN Belly Dance Hip Scarf Gold Coins Belly Dance Hip Scarf Triangle Coins Wrap Skirt Belly Dancing Costume for Women","ABOOFAN","$9.99","...","...","...","06/06/2022","...","0","","","","...","B0B3D7ML5R","https://www.amazon.com/dp/B0B3D7ML5R"
"","","231","REINDEAR Wholesale Vogue Style Chiffon Dangling Gold Coins Belly Dance Hip Scarf","REINDEAR","$52.95","0","0","$0","11/01/2017","...","4","4.4","","2711923","Clothing Shoes & Jewelry","B07D43C9WP","https://www.amazon.com/dp/B07D43C9WP"
"","","232","Kakaco Hip Skirt Tassel Sequins Belly Dance Costume Party Rave Skirts Coins Hip Scarf for Women and Girls Gold","Kakaco","$15.66","0","0","$0","06/02/2020","$10.39","4","3.9","$5.27","1882972","Sports & Outdoors","B0895KN7GK","https://www.amazon.com/dp/B0895KN7GK"
"","","233","Set of 2 Hippie Peacock Feather Headwear Bohemian Tassels Headband Headdress with Armband Gypsy Woman Indian Fashion Head Chain and Headpiece (White)","Teppylony","$12.57","0","0","$0","09/26/2019","$7.41","5","4.8","$5.16","488113","Beauty & Personal Care","B07S67GD3J","https://www.amazon.com/dp/B07S67GD3J"
"","","234","Astage Women`s 150cm Gold Coins Belly Dance Hip Scarf","Astage","$17.99","0","0","$0","10/28/2015","...","0","","","11999492","Clothing Shoes & Jewelry","B017BOVLQ4","https://www.amazon.com/dp/B017BOVLQ4"
"","","235","RUITASA Belly Dance Hip Scarf Belly Dancing Belts Belly Dancing Skirt Hip Scarves with Dangling Gold Coins for Performance Costume(Black)","RUITASA","$8.96","...","...","...","05/08/2022","...","0","","","","...","B09ZV45X3M","https://www.amazon.com/dp/B09ZV45X3M"
"","","236","Pilot-trade Lady's Belly Dance Hip Scarf Wrap Belly Dancing Skirt Gold Coins","Pilot-trade clothing trade co.Ltd","$12.98","4","0","$52","02/04/2015","...","5","4.7","","488335","Clothing Shoes & Jewelry","B00T7MYA44","https://www.amazon.com/dp/B00T7MYA44"
"","","237","4 Sets Women's Belly Dance Accessories Includes Hip Scarf Wrap Belt Gold Boho Coin Sandals Anklet Bracelet Non Piercing Nose Rings Headpiece for Women Belly Dance Costume","Cunno","$18.99","...","...","...","06/23/2022","...","0","","","","...","B0B4ZG5NQF","https://www.amazon.com/dp/B0B4ZG5NQF"
"","","238","ZLTdream Women's Belly Dance Chiffon Scarf","ZLTdream","$13.58","0","0","$0","05/19/2014","$7.05","76","4.1","$6.53","981556","Clothing Shoes & Jewelry","B00KG3M54U","https://www.amazon.com/dp/B00KG3M54U"
"","","239","The Dance Bible Women's Stylish Multi-Color Sequin Tassel Belly Dance Hip Scarf Belt","The Dance Bible","$23.00","...","...","...","04/21/2022","$15.55","7","3.9","$7.45","2729790","...","B08JVGTBXK","https://www.amazon.com/dp/B08JVGTBXK"
"","","240","Astage Chiffon Belly Dance Coins Belt Hip Scarf","Astage","$12.99","0","0","$0","10/27/2015","$5.23","1","3","$7.76","1439131","Sports & Outdoors","B01H9U013O","https://www.amazon.com/dp/B01H9U013O"
"","","241","35 x 35 Women Square Silk Like Hair Scarf Head Sleeping Wrap Satin Headscarf","corciova","$8.99","413","13","$3713","03/04/2018","$4.19","342","4.7","$4.80","9121","Clothing Shoes & Jewelry","B015KNW0V8","https://www.amazon.com/dp/B015KNW0V8"
"","","242","RMGTZ Women Belly Dance Hip Scarf Belt Wrap Coins Bellydance Tribal Clothes Gypsy Costume Accessories (Color : Red Size : One Size)","RMGTZ","$328.58","...","...","...","06/12/2022","...","0","","","","...","B09VX1YD9H","https://www.amazon.com/dp/B09VX1YD9H"
"","","243","REINDEAR Multi-Row Gold Coins Belly Dance Skirt Wrap & Hip Scarf w/Beads","REINDEAR","$9.96","0","0","$0","08/26/2015","...","1","1","","10203055","Clothing Shoes & Jewelry","B07DVW39MH","https://www.amazon.com/dp/B07DVW39MH"
"","","244","Nimiman Belly Dance Hip Scarves for Women Dancing 328 Coin Belts","Nimiman","$14.90","...","...","...","08/22/2021","$8.6","1","5","$6.30","3271486","...","B09DCP3QCF","https://www.amazon.com/dp/B09DCP3QCF"
"","","245","ZLTdream Belly Dance Hip Scarf With Film Gong & Coins Chiffon","ZLTdream","$14.88","0","0","$0","07/05/2016","$8.58","6","4","$6.30","3304125","Clothing Shoes & Jewelry","B01I0XXHQM","https://www.amazon.com/dp/B01I0XXHQM"
"","","246","Women Belly Dance Face Veil Coins Tribal Face Scarf Halloween Costume Accessory","Lauthen.S","$7.99","0","0","$0","05/13/2020","$3.36","94","3.8","$4.63","1314491","Clothing Shoes & Jewelry","B08D3QL96T","https://www.amazon.com/dp/B08D3QL96T"
"","","247","BellyLady Belly Dance Hip Scarf Gold Coins Dance Skirt Christmas Gift Idea-rose red","BellyLady","$15.99","...","...","...","...","...","5","3.9","","","...","B003QYGIBC","https://www.amazon.com/dp/B003QYGIBC"
"","","248","AK-Trading Multi-Row 258 Gold Coins Velvet Belly Dance Hip Scarf","AK TRADING CO","$18.95","0","0","$0","08/05/2015","...","4","3","","2959962","Sports & Outdoors","B013IPD30M","https://www.amazon.com/dp/B013IPD30M"
"","","249","","...","","...","...","...","...","...","0","","","","...","B09K3DPBF8","https://www.amazon.com/dp/B09K3DPBF8"
"","","250","ZLTdream Women's Belly Dance Hip Scarf with Fringe Gold Coins Flannel","ZLTdream","$14.28","0","0","$0","09/18/2017","...","1","5","","2511741","Clothing Shoes & Jewelry","B075QYWCH7","https://www.amazon.com/dp/B075QYWCH7"
"","","251","Turkish Emporium Belly Dance Tribal Belt with Fringe Coin Scarf","The Turkish Emporium","$14.95","0","0","$0","10/20/2015","$7.34","12","3.7","$7.61","4220507","Clothing Shoes & Jewelry","B013GHFTEA","https://www.amazon.com/dp/B013GHFTEA"
"","","252","Nimiman Sequin Coins Fringe Belly Dance Hip Scarves Tassel Dance Belt Skirt for Women","Nimiman","$16.90","...","...","...","08/26/2021","...","3","5","","3060765","...","B09SZPZ58S","https://www.amazon.com/dp/B09SZPZ58S"
"","","253","Women's Sweet Bellydance Hip Scarf with Gold Coins Skirts Wrap Noisy Belly Dance Hip Scarf Sweet Belly Dance Skirt Wrap","yingwu","$14.99","...","...","...","06/01/2022","...","0","","","3671834","...","B0B31RJL1D","https://www.amazon.com/dp/B0B31RJL1D"
"","","254","Miss Belly Dance Chiffon 4-Row Rectangular Hip Scarf | BELADI","Miss Belly Dance","$23.99","...","...","...","01/06/2019","...","1","5","","1272380","...","B07MFMPDYF","https://www.amazon.com/dp/B07MFMPDYF"
"","","255","Woollen Scarves for Women with Stunning Floral Prints Long Warm Wraps/Shawls Accessory for Fall/Winter","Scarves by Tara","$99.99","...","...","...","11/23/2021","...","0","","","7736287","...","B09MJNQSP4","https://www.amazon.com/dp/B09MJNQSP4"
"","","256","BT Rhinestone Scarf Head Wrap Cap (Sky Blue)","Beauty Town","$7.99","30","1","$240","...","$3.81","35","4.7","$4.18","223006","Beauty & Personal Care","B00U7Z2W3Q","https://www.amazon.com/dp/B00U7Z2W3Q"
"","","257","Shop Pop Fashion - Infinity Scarf with Hidden Zipper Pocket to store Phone Keys and Wallet (Navy)","Shop Pop Fashion","$10.99","1","0","$11","10/15/2016","$4.9","94","4.4","$6.09","1432651","Clothing Shoes & Jewelry","B01MF8YMV9","https://www.amazon.com/dp/B01MF8YMV9"
"","","258","Vockets Premium Infinity Scarf with Hidden Zipper Pocket","Vockets","$8.99","0","0","$0","10/07/2019","$3.06","24","4.3","$5.93","653945","Clothing Shoes & Jewelry","B07R2CWGXN","https://www.amazon.com/dp/B07R2CWGXN"
"","","259","Zerodis 10 Yards Tassel Belt Round Coin Hip Scarf Belly Dance Tassel Belt Waist Chain Belly Fashion Belt Belly Dance Tassel Belt Round Coin Hip Scarf(Gold)","Zerodis","$11.73","...","...","...","...","...","0","","","","...","B0B51B48RD","https://www.amazon.com/dp/B0B51B48RD"
"","","260","VISKEY Fashion Chiffon Belly Dance Waist Chain with Golden Coins in 3-LayersRed","VISKEY","$5.41","0","0","$0","09/20/2014","$1.06","2","5","$4.35","995479","Sports & Outdoors","B00NRXC4PG","https://www.amazon.com/dp/B00NRXC4PG"
"","","261","ABOOFAN Womens Belly Dance Scarf with Tassels Sequins Coins Hip Scarfs Performance Bling Sequins Belt Dance Skirt Belly Dance Costume for Women Black","ABOOFAN","$11.90","...","...","...","05/25/2022","...","0","","","","...","B0B2DKVBKF","https://www.amazon.com/dp/B0B2DKVBKF"
"","","262","Kigauru Belly Dance Hip Scarf Oriental Coins Belt Women Belly Dance Costumes Accessories Sequin Tassel Hip Scarf Belly Dance Belt Hip Scarf Bellydance (Color : 9)","Kigauru","$36.94","...","...","...","...","...","0","","","","...","B0B5MWQ1L2","https://www.amazon.com/dp/B0B5MWQ1L2"
"","","263","Whitewed 4-rows Chiffon Belly Dance Hip Scarf Belt Wrap Scarves with Gold Coins","Whitewed","$9.99","0","0","$0","04/14/2018","...","1","5","","1753455","Clothing Shoes & Jewelry","B07CG4JX88","https://www.amazon.com/dp/B07CG4JX88"
"","","264","REINDEAR 10 Pcs Mixed Colors Wholesale Belly Dancing Voile Dance Hip Belt Wrap","REINDEAR","$42.95","0","0","$0","05/06/2015","...","2","5","","2038996","Clothing Shoes & Jewelry","B00XBN7VTG","https://www.amazon.com/dp/B00XBN7VTG"
"","","265","YoYoiei Women's Velvet Belly Dance Hip Scarf Wrap Belt with Coins Gold Beads Faux Gemstone","YoYoiei","$12.99","0","0","$0","04/01/2020","...","0","","","8806281","Sports & Outdoors","B086PXKGLQ","https://www.amazon.com/dp/B086PXKGLQ"
"","","266","Kigauru Belly Dance Hip Scarf Women Lady Belly Dance Costume Bellydance Hip Scarf Belly Dancing Belt with 5 Layers 288 Coins Adult Waist Chain dancwear (Color : 8)","Kigauru","$31.93","...","...","...","...","...","0","","","","...","B0B73CHMXL","https://www.amazon.com/dp/B0B73CHMXL"
"","","267","Multi-Row Gold Coins Belly Dance Wrap & Hip Scarf Simple Classical Style -violet","AK TRADING CO","$18.50","...","...","...","08/15/2010","...","0","","","3794542","...","B003ZS7HBY","https://www.amazon.com/dp/B003ZS7HBY"
"","","268","Lauthen.S Women Belly Dance Hip Scarf 2 Tone Tassel Triangle Beach Wrap Skirt Waist Chain","Lauthen.S","$15.99","0","0","$0","04/07/2019","$9.82","26","4.6","$6.17","651021","Sports & Outdoors","B07QFVL45J","https://www.amazon.com/dp/B07QFVL45J"
"","","269","XUNZOO Womens Sequin Tassel Coin Hip Scarf Asymmetrical Dance Skirts Belly Latin Hot Dance Costume","XUNZOO","$10.99","...","...","...","11/24/2020","...","0","","","3560958","...","B08P4V78LV","https://www.amazon.com/dp/B08P4V78LV"
"","","270","Anlagrace Fashion Women Gypsy Bohe Halloween Charm Rhinestones Head Chain Vintage Rhinestones Crysatal Drop Headpiece Headband Wedding Prom Eveing Women Girl Hair Accessories (gold)","Anlagrace","$8.98","0","0","$0","10/08/2021","$4.72","2","5","$4.26","240481","Beauty & Personal Care","B09DT7LFFG","https://www.amazon.com/dp/B09DT7LFFG"
"","","271","Whitewed Arabian Belly Dancer Velvet Dance Hip Scarf Scarves Belt with Coins","Whitewed","$10.99","...","...","...","04/14/2018","$5.17","0","","$5.82","7436049","...","B07C73J35Q","https://www.amazon.com/dp/B07C73J35Q"
"","","272","Emilio Pucci - EP5006 Geometric acetate women OLIVE PEACH(074 C) 54/15/140","Emilio Pucci","$73.49","0","0","$0","01/12/2016","...","1","5","","4762788","Clothing Shoes & Jewelry","B012Y8ZE56","https://www.amazon.com/dp/B012Y8ZE56"
"","","273","ABOOFAN Womens Belly Dance Scarf with Tassels Sequins Coins Hip Scarfs Performance Bling Sequins Belt Dance Skirt Belly Dance Costume for Women ( Black )","ABOOFAN","$11.24","...","...","...","05/16/2022","...","0","","","","...","B0B1J9CHYP","https://www.amazon.com/dp/B0B1J9CHYP"
"","","274","Vogue Style Chiffon Dangling Gold Coins Belly Dance Hip Skirt Scarf Wrap Belt","AOY","$8.99","0","0","$0","09/28/2021","$4.19","15","4.1","$4.80","2626724","Clothing Shoes & Jewelry","B081LC4NJ7","https://www.amazon.com/dp/B081LC4NJ7"
"","","275","Women Cotton Linen Necklace Pendant Scarf Ethnic Style Soft Necklace Scarf","...","$12.79","...","...","...","06/09/2022","...","0","","","","...","B0B3RL9S6J","https://www.amazon.com/dp/B0B3RL9S6J"
"","","276","Belly Dance Lace Hip Scarf | Tribal Fusion Drape","Miss Belly Dance","$12.99","0","0","$0","10/01/2013","...","3","3.1","","413143","Sports & Outdoors","B00FL4H6YS","https://www.amazon.com/dp/B00FL4H6YS"
"","","277","Whitewed Belly Dance & Saidi Hips scarf Wrap with Paillette Fringe & Coin","Whitewed","$9.99","0","0","$0","04/14/2018","...","2","4.5","","5506586","Clothing Shoes & Jewelry","B07CG3H7LK","https://www.amazon.com/dp/B07CG3H7LK"
"","","278","Delicious Sushi Coin Purse Wallets Change Pouch Fashion Key Holder Zipper Small Cosmetic Makeup Bags","AHJOBOY","$9.52","...","...","...","09/01/2020","...","0","","","3456086","...","B08H83X1WG","https://www.amazon.com/dp/B08H83X1WG"
"","","279","Pearl Belly Dance Hip Scarf Hip Shakers Belly Dancing Skirt Coin Sash Costume with Gold Coins - Medium Purple","PEARL","$9.95","0","0","$0","10/21/2014","...","9","4.1","","1903975","Sports & Outdoors","B00OT3JZ78","https://www.amazon.com/dp/B00OT3JZ78"
"","","280","ZLTdream Women's Latin Belly Dance Triangle Hip Scarf with Tassel","ZLTdream","$13.28","0","0","$0","06/18/2018","$7.48","2","4.6","$5.80","2124340","Clothing Shoes & Jewelry","B07DV6YZ4B","https://www.amazon.com/dp/B07DV6YZ4B"
"","","281","AIRLUT Hot pink Chiffon Dangling Gold Coins Hip Scarf for Belly Dancing","AIRLUT","$6.70","0","0","$0","06/28/2014","$1.34","40","4.4","$5.36","2393859","Clothing Shoes & Jewelry","B00LDQ3NXG","https://www.amazon.com/dp/B00LDQ3NXG"
"","","282","Turban Plus The Abbey Cap in Ruffle Fabric Chemo Caps Cancer Hats for Women","Turban Plus","$25.99","8","0","$208","11/15/2015","$17.35","1630","4.3","$8.64","288953","Clothing Shoes & Jewelry","B011T74D7I","https://www.amazon.com/dp/B011T74D7I"
"","","283","BESTOYARD Belly Dance Hip Scarf Waist Chain Skirt Chiffon Belly Dance Hip Skirt Coins Belly Dancer Outfit","BESTOYARD","$11.69","...","...","...","...","...","0","","","","...","B0B1D7QFYL","https://www.amazon.com/dp/B0B1D7QFYL"
"","","284","MUNAFIE Belly Dance Coins Belt Hip Skirt Scarf with Gold Coins Yellow","MUNAFIE","$10.99","0","0","$0","06/25/2017","$5.35","5","3.6","$5.64","3178801","Clothing Shoes & Jewelry","B073CN8DPT","https://www.amazon.com/dp/B073CN8DPT"
"","","285","5pack 128 Silver Coins Professional Dance Costume Chiffon Handmade Sequins Belly Dance Waist Chain Hip Scarf Costume Belt","AK TRADING CO","$22.00","...","...","...","04/30/2014","...","0","","","","...","B00IUBS02G","https://www.amazon.com/dp/B00IUBS02G"
"","","286","ZLTdream Belly Dance Wave Shape Hip Scarf With Gold Coins & Colors Diamend","ZLTdream","$12.98","0","0","$0","07/05/2016","...","1","5","","4989365","Clothing Shoes & Jewelry","B01I0XXJVK","https://www.amazon.com/dp/B01I0XXJVK"
"","","287","Victray Belly Dance Hip Skirt Sequin Hip Scarf Sparkly Short Skirts Party Hip Wrap Fashion Costume for Women and Girls","Victray","$18.66","...","...","...","05/05/2022","$11.95","0","","$6.71","142974","...","B09Y1YZT5X","https://www.amazon.com/dp/B09Y1YZT5X"
"","","288","Pilot-trade Lady's Belly Dance Wrap Hip Scarf Belly Dancing Skirt Multi-Row Gold Coins Purple","Pilot-trade clothing trade co.Ltd","$12.98","0","0","$0","02/04/2015","...","1","5","","8955608","Clothing Shoes & Jewelry","B00T7MY68Y","https://www.amazon.com/dp/B00T7MY68Y"
"","","289","MUNAFIE Belly Dance Coins Belt Hip Skirt Scarf with Gold Coins Purple","MUNAFIE","$10.99","0","0","$0","06/25/2017","$5.35","21","4.1","$5.64","2245136","Clothing Shoes & Jewelry","B073CPCK6J","https://www.amazon.com/dp/B073CPCK6J"