"Export time: 8/6/2022, 4:22:56 PM","","#","Product Name","Brand","Price","Mo. Sales","D. Sales","Mo. Revenue","Date First Available","Net","Rating Number","Rating","Fees","Rank","Category","ASIN","Link"
"Search Term: faux mink eyelashes","","1","Pooplunch False Eyelashes Cat-Eye Fluffy Faux Mink Lashes 8D Wispy Lashes 7 Pairs Pack Dramatic Long Thick Volume Fake Eye Lash Multipack","Pooplunch","$8.99","29057","968","$261222","05/10/2021","$5.35","13976","4.4","$3.64","39","Beauty & Personal Care","B09278TNHM","https://www.amazon.com/dp/B09278TNHM"
"Average Sales: 2,106","","2","ALICROWN Faux Mink Lashes Pack 3D Volume Natural Fluffy Wispies Cross False Eyelashes","ALICROWN HAIR","$7.99","3010","100","$24050","05/10/2020","$4.43","6198","4.4","$3.56","4987","Beauty & Personal Care","B085VRQQ46","https://www.amazon.com/dp/B085VRQQ46"
"Average Sales Rank: 57,652","","3","30 Pairs 20MM False Eyelashes Wholesale 6 Styles Mixed Lashes 8D Fluffy Volume Dramatic Faux Mink Eyelashes Pack","alphonse","$15.99","5446","181","$87082","12/07/2020","$10.67","5551","4.5","$5.32","2973","Beauty & Personal Care","B08PB2MDGG","https://www.amazon.com/dp/B08PB2MDGG"
"Average Price: $10.00","","4","HBZGTLAD 6 Pairs Fluffy False Eyelashes Natural Faux Mink Strip 3D Lashes Pack (MDF-12)","HBZGTLAD","$7.98","13771","459","$109893","01/14/2020","$4.42","28836","4.3","$3.56","390","Beauty & Personal Care","B07Z7FSHL8","https://www.amazon.com/dp/B07Z7FSHL8"
"Average Rating Number: 1,915","","5","DYSILK 5 Pairs 6D lashes Faux Mink Eyelashes Fluffy Natural Look False Eyelashes Wispies Long Extension Eyelashes Pack Makeup Thick Fake Eyelashes Soft Reusable Lashes |001-15mm","DYSILK","$7.29","13350","445","$97322","04/07/2019","$3.79","25562","4.4","$3.50","545","Beauty & Personal Care","B07QNJ9ZKC","https://www.amazon.com/dp/B07QNJ9ZKC"
"","","6","Veleasha False Eyelashes Wispy Faux Mink Lashes Fluffy Handmade Fake Eyelashes 18MM Natural Look 7 Pairs Pack Luxury Cat Eye Lashes (804)","Veleasha","$8.96","8606","286","$77110","07/27/2021","$5.32","3134","4.3","$3.64","1195","Beauty & Personal Care","B099W9R3K7","https://www.amazon.com/dp/B099W9R3K7"
"","","7","Newcally Lashes False Eyelashes Cat Eyes Wispy Natural Faux Mink Lashes 14 Pairs Pack Light Volume Short Fake Eye Lashes Multipack","Newcally","$9.49","15614","520","$148177","06/28/2020","$5.81","14954","4.3","$3.68","412","Beauty & Personal Care","B089LLLYX9","https://www.amazon.com/dp/B089LLLYX9"
"","","8","20 Pairs False Eyelashes Natural Fluffy Cat Eye Fake Eye Lashes 4 Styles Mixed Thick Wispy 5D Faux Mink Eyelashes Multipack","Yawamica","$12.99","7451","248","$96788","09/01/2021","$8.12","3679","4.3","$4.87","1708","Beauty & Personal Care","B09CG9YKM8","https://www.amazon.com/dp/B09CG9YKM8"
"","","9","Veleasha 5D Faux Mink Lashes Handmade Luxurious Volume Fluffy Natural False Eyelashes 7 Pairs | Dubai","Veleasha","$8.88","7122","237","$63243","06/30/2019","$5.25","25825","4.4","$3.63","1537","Beauty & Personal Care","B07RN7Q66N","https://www.amazon.com/dp/B07RN7Q66N"
"","","10","False Eyelashes 48 Pairs 6 Styles Mixed Fluffy Curled Fake Eye Lashes Bulk Wholesale Dramatic Thick 5D Wispy Strip Faux Mink Eyelashes Multipack","ALICE","$21.99","4133","137","$90885","08/05/2021","$15.77","1097","4.4","$6.22","3431","Beauty & Personal Care","B09B3FHQMY","https://www.amazon.com/dp/B09B3FHQMY"
"","","11","20 Pairs False Eyelashes 3D Faux Mink Lashes Natural Look Wispy Fake Eyelashes ALPHONSE 16-20MM Fluffy Volume Long Thick Lashes Pack 5 Styles Mixed","alphonse","$9.99","9104","303","$90949","09/21/2020","$6.27","6198","4.4","$3.72","970","Beauty & Personal Care","B08TWWRJJD","https://www.amazon.com/dp/B08TWWRJJD"
"","","12","Lanflower Fake Eyelashes Natural Look Dramatic 3D Lashes Pack Faux Mink 20 Pairs 4 Styles","LANFLOWER","$9.98","4681","156","$46716","08/07/2020","$6.26","4948","4.4","$3.72","3433","Beauty & Personal Care","B08GL8SSY5","https://www.amazon.com/dp/B08GL8SSY5"
"","","13","Russian Strip Lashes D Curl Faux Mink Eyelashes Natural Look Fluffy Volume Wispy False Lashes 20 Pairs","LANFLOWER","$9.99","1090","36","$10889","03/12/2022","$6.27","319","4.1","$3.72","16997","Beauty & Personal Care","B09TWHWVZJ","https://www.amazon.com/dp/B09TWHWVZJ"
"","","14","Newcally Russian Strip Lashes Mink DD Curl Wispy Fluffy False Eyelashes Natural Thick Volume Faux Mink Eye Lashes Pack Reusable Handmade Like Fake Lashes Extension 14 Pairs","Newcally","$9.99","...","...","...","08/26/2020","$6.27","14774","4.3","$3.72","399","...","B09SYSCY47","https://www.amazon.com/dp/B09SYSCY47"
"","","15","JIMIRE 20 Pairs False Eyelashes 4 Styles Fluffy Eyelashes Pack 3D Volume Faux Mink Lashes Packs","JIMIRE","$9.98","7064","235","$70499","08/30/2020","$6.26","11142","4.4","$3.72","1676","Beauty & Personal Care","B08D9563ZW","https://www.amazon.com/dp/B08D9563ZW"
"","","16","20 Pairs False Eyelashes Natural Faux Mink | Natural Look|100% Handmade|Reusable| Fluffy Volume Long Thick Lashes |12mm","Opiqcey","$9.99","788","26","$7872","09/19/2020","$5.65","7540","4","$4.34","20640","Beauty & Personal Care","B08FDJG9B3","https://www.amazon.com/dp/B08FDJG9B3"
"","","17","Ruairie False Eyelashes Natural Look Russian Strip Lashes D Curl Fluffy Wispy Faux Mink Lashes 20 Pairs 4 Styles Volume Curly Fake Eyelashes Pack","Ruairie","$9.99","...","...","...","03/18/2022","$6.27","490","4.3","$3.72","16649","...","B09V4D3GFG","https://www.amazon.com/dp/B09V4D3GFG"
"","","18","Newcally Lashes Natural Wispy False Eyelashes Cat Eye Lashes Hand-Knotted Soft Light Volume Fake Lashes Multipack","Newcally","$9.99","1584","52","$15824","01/09/2020","$6.27","4940","4","$3.72","13077","Beauty & Personal Care","B0823D9VYS","https://www.amazon.com/dp/B0823D9VYS"
"","","19","wiwoseo Eyelashes Natural Faux Mink Lashes Wispy Fluffy Curly 3D Effect Fake Eyelashes 10 Pairs Pack","wiwoseo","$8.99","9517","317","$85558","11/05/2021","$5.35","2821","4.2","$3.64","933","Beauty & Personal Care","B09JNJWTNV","https://www.amazon.com/dp/B09JNJWTNV"
"","","20","False Eyelashes Wispy 18mm Natural 3D Faux Mink Lashes Pack 10 Pairs 10 Styles Mixed Soft Reusable Fake Eyelashes Bulk with Glitter Portable Boxes","Pawotence","$8.99","6014","200","$54066","03/18/2021","$5.35","5305","4.5","$3.64","2024","Beauty & Personal Care","B08Y8QF973","https://www.amazon.com/dp/B08Y8QF973"
"","","21","Ardell False Lashes Faux Mink Wispies Multipack 1 pk x 4 pairs","Ardell","$9.78","5646","188","$55218","10/02/2018","$6.08","4694","4.5","$3.70","3077","Beauty & Personal Care","B07D5PB8HH","https://www.amazon.com/dp/B07D5PB8HH"
"","","22","MAGEFY 30 Pairs 6 Styles Faux Mink Eyelashes 16mm-20mm Lashes Natural Look to Dramatic False Eyelashes Handmade Reusable Fake Eyelashes with Portable Boxes","MAGEFY","$18.39","1276","42","$23466","07/12/2020","$11.86","3950","4.6","$6.53","12081","Beauty & Personal Care","B088F47NXK","https://www.amazon.com/dp/B088F47NXK"
"","","23","False Eyelashes Lashes Pack Wispy Fluffy Natural Mink Eye Lashes Faux Handmade Light Volume 14 Pairs Lashes Pack by zanlufly","zanlufly","$9.58","4998","166","$47881","07/08/2021","$5.89","1396","4.2","$3.69","2941","Beauty & Personal Care","B098J5HSHN","https://www.amazon.com/dp/B098J5HSHN"
"","","24","HBZGTLAD new 5 Pairs 25 mm 3d Mink Lashes Bulk Faux with Custom Natural Mink Lashes Pack Short Wholesales Natural False Eyelashes (9D-03)","HBZGTLAD","$6.98","8890","296","$62052","08/22/2021","$3.5","2209","3.9","$3.48","795","Beauty & Personal Care","B09BQVB9YD","https://www.amazon.com/dp/B09BQVB9YD"
"","","25","Ardell False Eyelashes 3D Faux Mink 854 4 pairs","Ardell","$15.40","1060","35","$16324","07/10/2019","$9.55","1394","4.6","$5.85","15600","Beauty & Personal Care","B07RFNSMBN","https://www.amazon.com/dp/B07RFNSMBN"
"","","26","KISS Lash Couture Naked Drama Collection Multipack Full & Fluffy Volume 3D Faux Mink False Eyelashes Cushion Flexi Band & Split-Tip Technology Reusable Contact Lens Friendly Style Ruffle 4 Pairs","KISS","$12.36","5798","193","$71663","05/27/2022","$7.59","1411","4.5","$4.77","124","Beauty & Personal Care","B08SQ55F44","https://www.amazon.com/dp/B08SQ55F44"
"","","27","Veleasha Lashes 10 Pairs Natural Fluffy False Eyelashes Soft Wispy Lashes 3D Faux Mink Lashes Pack | V07","Veleasha","$8.58","5638","187","$48374","08/19/2020","$4.97","2371","4.5","$3.61","1927","Beauty & Personal Care","B08NFSPSP2","https://www.amazon.com/dp/B08NFSPSP2"
"","","28","Fake Eyelashes Wispy Faux Mink Lashes D Curly Fluffy False Lashes Russian Strip Lashes Pack by Kiromiro","Kiromiro","$9.99","2018","67","$20160","01/16/2022","$6.27","291","4.2","$3.72","9864","Beauty & Personal Care","B09PMLGW14","https://www.amazon.com/dp/B09PMLGW14"
"","","29","Veleasha False Lashes Pack 6D Faux Mink Eyelashes Wispy Lightweight Volume Eye Lashes 10 Pairs Multipack (6D04)","Veleasha","$8.28","5128","170","$42460","08/17/2021","$4.7","2031","4.3","$3.58","2029","Beauty & Personal Care","B09BVFFY54","https://www.amazon.com/dp/B09BVFFY54"
"","","30","3d Fluffy Russian Strip Lashes D Curl Lash Strips Natural False Lashes Mink Fluffy Eyelashes Mink Natural Wispies Mink Eyelashes Wispy Fake Lashes Faux Mink Eyelashes Natural Look(6 Pairs)","royaomis","$7.99","2965","98","$23690","12/13/2021","$4.43","366","4","$3.56","5200","Beauty & Personal Care","B09MQZWVHR","https://www.amazon.com/dp/B09MQZWVHR"
"","","31","JIMIRE Faux Mink Lashes Fluffy Wispy False Eyelashes Luxury Soft Cat-Eye Lashes Pack 8 Pairs","JIMIRE","$7.99","360","12","$2876","03/17/2021","$4.43","655","4.4","$3.56","40444","Beauty & Personal Care","B08YDMK1RH","https://www.amazon.com/dp/B08YDMK1RH"
"","","32","Newcally Lashes False Eyelashes Dramatic 20MM Faux Mink Lashes Pack 14 Pairs Wispy Long Thick Fluffy Strip Eye Lashes Multipack","Newcally","$9.99","6326","210","$63197","06/14/2020","$6.27","15409","4.5","$3.72","1971","Beauty & Personal Care","B0899SLC2B","https://www.amazon.com/dp/B0899SLC2B"
"","","33","Losha False Lashes Super Fluffy Faux Mink Eyelashes Dramatic Long and Full Fake Eyelashes 7 Pairs Pack Volume Lashes","Losha","$8.28","1378","45","$11410","08/06/2021","$4.7","424","4.3","$3.58","13851","Beauty & Personal Care","B098W9TG64","https://www.amazon.com/dp/B098W9TG64"
"","","34","Natural Look Eyelashes 3D Mink Cat Eye Lash Wispies 15mm Fluffy False Lashes 5 Pairs Soft Reusable Eyelashes Lightweight  No Glue","PURELEOR","$7.97","2754","91","$21949","12/14/2020","$4.41","3274","4.2","$3.56","6447","Beauty & Personal Care","B08P4SCHCB","https://www.amazon.com/dp/B08P4SCHCB"
"","","35","SEXYSHEEP False Eyelashes 14 Pairs Faux Mink Lashes Fluffy Fake Eyelashes Dramatic Eyelashes Long Handmade Reusable Lashes No Glue","SEXYSHEEP","$9.99","506","16","$5055","06/11/2021","$6.27","359","4.2","$3.72","25156","Beauty & Personal Care","B094FH2W5M","https://www.amazon.com/dp/B094FH2W5M"
"","","36","3D False Eyelashes 3D Faux Mink Fake Eyelashes Handmade Dramatic Thick Crossed Cluster False Eyelashes Black Nature Fluffy Long Soft ReusableStyle 1 (5 Pairs)","EVERMARKET INC","$5.61","488","16","$2738","08/27/2019","$2.24","5539","4.3","$3.37","33759","Beauty & Personal Care","B07T8GZNKG","https://www.amazon.com/dp/B07T8GZNKG"
"","","37","Newcally Lashes Mink Fluffy False Eyelashes 20MM Long Dramatic Fake Eye Lashes 5D Wispy Eyelashes Russian Strip Lashes Multipack 20 Pairs","Newcally","$12.99","5658","188","$73497","11/15/2021","$8.12","2655","4.2","$4.87","3451","Beauty & Personal Care","B09KRD686R","https://www.amazon.com/dp/B09KRD686R"
"","","38","DYSILK 20 Pairs 6D Faux Mink Eyelashes Fluffy Lashes Wispy Dramatic False Eyelashes Natural Volume Fake Eyelashes Long Handmade Soft Reusable Thick Lashes 4 Styles Mixed No Glue","DYSILK","$9.99","1053","35","$10519","03/08/2020","$5.65","4444","4.5","$4.34","16095","Beauty & Personal Care","B083TW37XC","https://www.amazon.com/dp/B083TW37XC"
"","","39","Losha - Pestaas postizas de aspecto natural paquete de pestaas postizas hechas a mano 14 pares de pestaas de ojo de gato","Losha","$9.58","7156","238","$68554","05/06/2021","$5.89","3412","4.3","$3.69","1626","Beauty & Personal Care","B096LR78Q8","https://www.amazon.com/dp/B096LR78Q8"
"","","40","JIMIRE 16 Pairs False Eyelashes Fluffy Volume Natural Fake Lashes 3D Faux Mink Lashes Pack","JIMIRE","$9.99","4570","152","$45654","09/30/2020","$6.27","5892","4.4","$3.72","3519","Beauty & Personal Care","B08JLCLD4G","https://www.amazon.com/dp/B08JLCLD4G"
"","","41","False Eyelashes Dramatic Faux Mink Lashes Wispy Fluffy 19MM Curly FANXITON 3D Fake Eyelashes 10 Pairs Pack","FANXITON","$7.99","6887","229","$55027","12/11/2021","$4.43","1076","4.4","$3.56","1814","Beauty & Personal Care","B09MQK4PR5","https://www.amazon.com/dp/B09MQK4PR5"
"","","42","Ardell Faux Mink Individuals - Medium Black (60086)","Ardell","$6.00","120","4","$720","09/16/2019","$2.6","200","4.5","$3.40","76162","Beauty & Personal Care","B07D5N11KV","https://www.amazon.com/dp/B07D5N11KV"
"","","43","Gmagictobo Fake Eyelashes Natural 15MM Cat Eye Lashes Pack Short Fluffy Faux Mink Thick Curly 3D Dramatic Soft Strip False Eye Lashes Multipack","Gmagictobo","$9.99","919","30","$9181","06/08/2021","$6.27","515","4.4","$3.72","15873","Beauty & Personal Care","B0969XLRPH","https://www.amazon.com/dp/B0969XLRPH"
"","","44","HBZGTLAD 5Pairs 3D Faux Mink Lashes Natural Long Fluffy False Eyelashes Soft Eye Lashes Reusable Makeup Short Lashes Extension for Beauty (FG-003)","HBZGTLAD","$7.21","...","...","...","05/25/2022","$3.71","2","3","$3.50","158254","...","B09ZXH7KY8","https://www.amazon.com/dp/B09ZXH7KY8"
"","","45","Cuckoo 20 Pairs False Eyelashes 3D Faux Mink Lashes Natural Look Wispy Fake EyelashesFluffy Volume Long Thick Lashes Pack 4 Styles Mixedwith 2pc Eyelash Glue and Applicator Tool","Cuckoo","$15.99","1080","36","$17269","05/13/2021","$10.67","675","4.2","$5.32","14764","Beauty & Personal Care","B08ZXK971J","https://www.amazon.com/dp/B08ZXK971J"
"","","46","Larbois 7 Pairs False Eyelashes Fluffy Dramatic Fake Eyelashes Strips Cross Soft Natural Faux Mink Lashes 3D Volume Reusable Wispy Lashes Pack","Larbois","$3.49","1348","44","$4705","12/16/2021","$0.27","110","4.2","$3.22","4041","Beauty & Personal Care","B09J2N9SJ7","https://www.amazon.com/dp/B09J2N9SJ7"
"","","47","Ruairie Dramatic False Eyelashes Mink 22MM Long Fluffy Volume Fake Eyelashes 8 Styles Mixed Soft Thick Wispy Faux Mink Lashes Bulk","Ruairie","$8.99","2558","85","$22996","11/23/2021","$5.35","1271","4.2","$3.64","5036","Beauty & Personal Care","B09L69NTXV","https://www.amazon.com/dp/B09L69NTXV"
"","","48","KSYOO Clear Band Faux Mink Lashes D Curl 12-17mm Semi-dramatic Cat Eye Wispy 3D Multi layered Invisible Band Eyelashes Strip Knot-Free Lash Reusable 100% Handmade & Cruelty-Free Easy to Apply- 5 Pairs (Clear Band V1)","KSYOO","$9.99","4497","149","$44925","11/28/2021","$6.27","557","4","$3.72","4443","Beauty & Personal Care","B09QVKKGNC","https://www.amazon.com/dp/B09QVKKGNC"
"","","49","Brieve 18mm 5 Pairs 3D False Eyelashes Pack Fluffy Thick Curled Faux Mink Lashes Strip Lash Natural Look Makeup Tools(3D05)","Brieve","$6.92","1579","52","$10927","09/10/2021","$3.45","1429","4.2","$3.47","11569","Beauty & Personal Care","B09DGBDFBS","https://www.amazon.com/dp/B09DGBDFBS"
"","","50","Cuckoo Eyelashes Lashes Pack5 Pairs 3D Faux Mink Eyelashes with Eyelash Glue KitNatural False Eyelashes for WomenReusable Makeup Soft Natural Look Fake Eyelashes","Cuckoo","$9.99","2090","69","$20879","01/07/2021","$6.27","1464","4.2","$3.72","6373","Beauty & Personal Care","B08NVR89C7","https://www.amazon.com/dp/B08NVR89C7"
"","","51","KISS Lash Couture Faux Mink False Eyelashes Multipack Knot-Free Lash Band Reusable Contact Lens Friendly Easy To Apply Ultrafine Tapered Synthetic Fake Lashes Style Little Black Dress 4 Pairs","KISS","$11.95","1627","54","$19443","07/13/2019","$6.62","1740","4.4","$5.33","5933","Beauty & Personal Care","B07PGKVQSB","https://www.amazon.com/dp/B07PGKVQSB"
"","","52","False Eyelashes Pooplunch Fluffy 25MM Dramatic Faux Mink Lashes 5 Pairs Pack 8D Thick Long Crossed Fake Eye Lashes Multipack","Pooplunch","$7.99","1980","66","$15820","10/07/2021","$4.43","498","4.5","$3.56","7599","Beauty & Personal Care","B09GFK9SFG","https://www.amazon.com/dp/B09GFK9SFG"
"","","53","Gmagictobo Lashes False Eyelashes Fluffy Dramatic 3D Faux Mink Lashes Pack Long Thick Volume Soft Strips Fake Eye Lashes 5 Pairs Multipack","Gmagictobo","$7.99","1255","41","$10027","11/03/2021","$4.43","431","4.4","$3.56","12740","Beauty & Personal Care","B09KG5RXJ2","https://www.amazon.com/dp/B09KG5RXJ2"
"","","54","10 Pairs 3d Mink Eyelashes Faux Cross Fluffy Wispies Lashes Natural Look Cat Lashes","BTYMS","$7.99","...","...","...","05/03/2022","$4.43","0","","$3.56","491841","...","B09TNK3KL9","https://www.amazon.com/dp/B09TNK3KL9"
"","","55","30 Pairs 10 Styles Mixed Eyelashes Reusable Faux Mink Lashes Natural to Dramatic 3D False Eyelashes Handmade Soft Fake Eyelashes Pack with Portable Boxes","Blueyelashes","$21.99","...","...","...","03/08/2022","...","0","","","","...","B09Q2S7RN2","https://www.amazon.com/dp/B09Q2S7RN2"
"","","56","ALICROWN Faux Mink Lashes 4 Pairs 4 Styles Pack 3D Volume Dramatic Fluffy Natural Wispies Cross False Eyelashes","ALICROWN HAIR","$5.99","2660","88","$15933","04/07/2020","$2.44","6001","4.4","$3.55","4778","Beauty & Personal Care","B09CG9RRYN","https://www.amazon.com/dp/B09CG9RRYN"
"","","57","False Eyelashes Fluffy Faux Mink Lashes Yasnai Natural Eyelashes 14 Pairs Pack 9D Wispy Cat Eye Fake Lashes","YASNAI","$9.59","1455","48","$13953","09/08/2021","$5.9","478","4.5","$3.69","7262","Beauty & Personal Care","B09DD36M64","https://www.amazon.com/dp/B09DD36M64"
"","","58","False Eyelashes Mikiwi 10 Pack Lahes 12-20mm Wholesale 5D Fake Mink lashes Fuffy Natural Volume eye Lashes individual package Faux Mink EyeLashes","mikiwi","$7.89","2228","74","$17579","02/15/2021","$4.34","2540","4.6","$3.55","5566","Beauty & Personal Care","B08W23PSQP","https://www.amazon.com/dp/B08W23PSQP"
"","","59","Ruairie False Eyelashes 14mm Faux Mink Lashes Natural Look Fluffy Wispy Natural False Eye Lashes Pack Clear Band 10 Pairs","Ruairie","$8.99","...","...","...","08/01/2022","$5.35","11","4.7","$3.64","18120","...","B0B748Z3R2","https://www.amazon.com/dp/B0B748Z3R2"
"","","60","Arekey False Eyelashes Fluffy Faux Mink Lashes 3D Cat-Eye Wispy Lashes Volume Fake Eyelashes 10 Pairs Pack Eye Lash Multipack","Arekey","$8.87","...","...","...","04/21/2022","$5.24","110","4.2","$3.63","26728","...","B09W2C63SX","https://www.amazon.com/dp/B09W2C63SX"
"","","61","Veleasha 5D Faux Mink Lashes Handmade Luxurious Volume Fluffy Natural False Eyelashes 5 Pairs | Dubai","Veleasha","$7.66","2603","86","$19939","06/19/2019","$3.28","10556","4.3","$4.38","5709","Beauty & Personal Care","B07RQ6NFHW","https://www.amazon.com/dp/B07RQ6NFHW"
"","","62","Gmagictobo Fluffy Eyelashes 20MM Dramatic Wholesale Faux Mink Lashes Pack 6 Styles 30 Pairs 8D Thick False Eyelashes Makeup Eye Lashes Bulk","Gmagictobo","$15.99","448","14","$7164","11/11/2020","$10.67","2767","4.6","$5.32","33634","Beauty & Personal Care","B08MCW9TRR","https://www.amazon.com/dp/B08MCW9TRR"
"","","63","Veleasha Lashes 3D Faux Mink Lashes Fluffy False Eyelashes Natural Look 14 Pairs Lashes Pack Luxury Wispy Fake Eyelashes","Veleasha","$9.58","677","22","$6486","08/04/2021","...","401","4.4","","15489","Beauty & Personal Care","B099WCWFDV","https://www.amazon.com/dp/B099WCWFDV"
"","","64","DYSILK 10 Pairs 6D Mink Eyelashes Faux Fluffy Wispy Long Dramatic False Eyelashes Thick Volume Fake Eyelashes Natural Soft Extension Eyelashes Makeup Handmade Pack Lashes No Glue |01-18mm","DYSILK","$8.59","2133","71","$18322","06/26/2019","$4.98","19134","4.4","$3.61","8636","Beauty & Personal Care","B07STYJGPR","https://www.amazon.com/dp/B07STYJGPR"
"","","65","14 Pairs False lashes 3D Faux Mink Eyelashes Fluffy Lashes Natural Look Fake Eyelashes 100% Handmade Reusable Strip Lashes Costume Eyelashes","Glowing Win","$9.99","...","...","...","01/18/2022","$6.27","238","4.2","$3.72","18119","...","B09NLH3TXH","https://www.amazon.com/dp/B09NLH3TXH"
"","","66","ALICROWN Mink Lashes Faux Wispy Natural Volume Lashes Pack 5D Fluffy Crossed False Eyelashes Full Handmade 5 Pairs Lashes","ALICROWN HAIR","$6.99","1702","56","$11897","01/04/2021","$3.51","2883","4.2","$3.48","9981","Beauty & Personal Care","B08R8G8H8C","https://www.amazon.com/dp/B08R8G8H8C"
"","","67","KSYOO Cat Eye Lashes Wispy Natural LookD Curl 8-15mm Clear Band 3D False Eyelashes MultipackSoft Faux Mink Wispy Eyelashes Wispy Effect Quality Synthetic - 5 Pairs (Clear Band A8)","KSYOO","$7.99","...","...","...","02/11/2022","$3.81","119","3.8","$4.18","12805","...","B09Y1K1Z79","https://www.amazon.com/dp/B09Y1K1Z79"
"","","68","BEPHOLAN Fake Eyelashes Cat-eye Lashes 5 Pairs False Eyelashes Synthetic Fiber Material Natural Flare Look HandmadeEasy to Apply 3D Faux Mink Lashes XMZ116","BEPHOLAN","$6.99","350","11","$2447","06/05/2019","$3.51","1931","4.3","$3.48","41681","Beauty & Personal Care","B07LFR9DBM","https://www.amazon.com/dp/B07LFR9DBM"
"","","69","Veleasha Russian Strip Lashes with Clear Band Looks Like Eyelash Extensions D Curl Lash Strips 10 Pairs Pack (DT01)","Veleasha","$8.99","...","...","...","05/24/2022","$5.35","110","4.4","$3.64","2342","...","B0B119VRCJ","https://www.amazon.com/dp/B0B119VRCJ"
"","","70","Ardell Faux Mink Lashes Demi Wispies 4 Pack","Ardell","$13.97","540","18","$7544","08/13/2019","$8.33","972","4.5","$5.64","22800","Beauty & Personal Care","B07Q5KBR17","https://www.amazon.com/dp/B07Q5KBR17"
"","","71","Ardell Faux Mink 815 Lashes 4 Pairs (Pack of 1)","Ardell","$15.99","...","...","...","03/10/2022","$10.52","3","5","$5.47","92054","...","B09NCMNZ69","https://www.amazon.com/dp/B09NCMNZ69"
"","","72","8 Pairs 18mm Faux Mink Eyelashes Pack Wispy Curled Fluffy Short False Lashes Reusable Makeup Tools","Brieve","$7.99","290","9","$2317","04/18/2021","$4.43","291","4.1","$3.56","38911","Beauty & Personal Care","B08Z7HJHQ2","https://www.amazon.com/dp/B08Z7HJHQ2"
"","","73","Gmagictobo Lashes False Eyelashes Fluffy Dramatic 20MM Faux Mink Lashes Pack 16 Pairs Wispy Long Thick Strip Eye Lashes Multipack","Gmagictobo","$9.99","743","24","$7423","01/03/2021","$6.27","1558","4.6","$3.72","18932","Beauty & Personal Care","B08Q7Q31KQ","https://www.amazon.com/dp/B08Q7Q31KQ"
"","","74","Mikiwi 25mm Lashes Dramatic 6D Faux Mink Lashes Fluffy Volume Eyelashes Thick Crossed Lashes Long Faux 25mm Mink Lashes (6D4-05)","mikiwi","$6.79","2972","99","$20180","10/14/2019","$3.33","8276","4.4","$3.46","4610","Beauty & Personal Care","B07YHFDL45","https://www.amazon.com/dp/B07YHFDL45"
"","","75","KISS Lash Couture Matte Black Faux Mink Collection False Eyelashes 1-Pack Soft Real Mink Texture & Matte Finish High Impact Color 3D Volume Knot-Free Lash Band Reusable Matte Silk 1 Pair","KISS","$5.59","2004","66","$11202","02/16/2021","$1.6","1236","4.6","$3.99","6512","Beauty & Personal Care","B08SQCG5M1","https://www.amazon.com/dp/B08SQCG5M1"
"","","76","Eyelashes Russian Volume Strip Lashes 5 Styles Mixed Natural Wispy D Curly Mink False Eyelashes Look Like Extensions 10 Pairs by Yawamica","Yawamica","$8.99","8385","279","$75381","02/05/2022","$5.35","968","4.2","$3.64","1336","Beauty & Personal Care","B09QFVQ6ZQ","https://www.amazon.com/dp/B09QFVQ6ZQ"
"","","77","JIMIRE Demi-wispies Faux Mink Eyelashes with Clear Band Russian Strip Lashes Fluffy Natural Look Wispy Light 13MM Short False Eyelashes Invisible Small 3D Fake Lashs Pack 7 Pairs","JIMIRE","$8.77","1931","64","$16935","02/07/2022","$5.15","315","4.3","$3.62","6671","Beauty & Personal Care","B09R41FHZ2","https://www.amazon.com/dp/B09R41FHZ2"
"","","78","ALICROWN Eyelashes 6D Faux Mink Lashes Fluffy False Eyelashes 14 Pairs 2 Styles False Eyelashes Wispy Dramatic Lashes Soft Reusable Fake Eyelashes","ALICROWN HAIR","$8.99","1080","36","$9709","01/27/2022","$5.35","2080","4.4","$3.64","18305","Beauty & Personal Care","B09QM9JYBK","https://www.amazon.com/dp/B09QM9JYBK"
"","","79","30 Pairs 20MM False Eyelashes ALICE Wholesale 6 Styles Lashes Bulk 6D Fluffy Volume Dramatic Faux Mink Eyelashes Multipack","ALICE","$15.99","1127","37","$18021","09/26/2021","$10.67","584","4.4","$5.32","14974","Beauty & Personal Care","B09GLJSJZ3","https://www.amazon.com/dp/B09GLJSJZ3"
"","","80","Faux Mink EyeLashes Natural Look False Lashes 15mm Wispy Fluffy Volume Long Dramatic Eye-Lashes 14 Pairs","PURELEOR","$8.51","0","0","$0","10/12/2021","$4.91","20","4.5","$3.60","361007","Beauty & Personal Care","B09H6MLLY2","https://www.amazon.com/dp/B09H6MLLY2"
"","","81","Lilly Lashes Luxe in Lite Faux Mink | Natural-Looking Vegan False Eyelash | Faux Mink Lashes | 14mm length Reusable Up to 15 Wears","Lilly Lashes","$20.00","20","1","$400","12/06/2021","$14.08","0","","$5.92","197369","Beauty & Personal Care","B09HSYPQLL","https://www.amazon.com/dp/B09HSYPQLL"
"","","82","Cat Eye Lashes Pack Wispy 3D Faux Mink Lashes 18mm Fluffy False Eyelashes Soft Reusable Handmade Fake Eyelashes 12 Pairs Pack by Pawotence","Pawotence","$8.99","2466","82","$22169","04/06/2021","$5.35","624","4.5","$3.64","6542","Beauty & Personal Care","B0915MH86T","https://www.amazon.com/dp/B0915MH86T"
"","","83","Fyonas False Lashes Dramatic 20MM Super Fluffy Cosplay Faux Mink Eyelashes Criss-Cross Volume Reusable 7 Pairs Eye Lashes Set Pack","Fyonas","$7.98","690","23","$5506","07/11/2021","$4.42","386","4.4","$3.56","27301","Beauty & Personal Care","B09BN2B736","https://www.amazon.com/dp/B09BN2B736"
"","","84","Natural Lashes Wispy Faux Mink Eyelashes Natural Look 4 Style Kiromiro False Lashes 3D Fluffy Strip Lashes Pack","Kiromiro","$9.99","...","...","...","04/28/2022","$6.27","59","4.5","$3.72","8238","...","B09XDGDK8K","https://www.amazon.com/dp/B09XDGDK8K"
"","","85","Eliace Lashes False Eyelashes Wispies Natural 3D Mink Eyelashes Faux Fluffy Volume Lashes Light & Cat Eye Lashes Pack & Professional Vegan Fake Eyelashes Soft Reusable Lashes 15 Pairs | Dubai","Eliace","$9.99","5387","179","$53816","11/17/2017","$5.65","20354","4.2","$4.34","2651","Beauty & Personal Care","B093GS6PQ9","https://www.amazon.com/dp/B093GS6PQ9"
"","","86","False Eyelashes 3D Fluffy Wispy Clear Band Lashes Natural Look Cat Eye 14mm Soft Faux Mink Eye Lashes Pack 7 Pairs Lightweight Eyelashes ( LL-02)","Eefofnn","$7.99","...","...","...","05/27/2022","$4.43","30","4.5","$3.56","13363","...","B0B1CSPWFK","https://www.amazon.com/dp/B0B1CSPWFK"
"","","87","PURELEOR Natural Eyelashes 10 Pairs False Lashes 3D Faux Mink Eyelash","PURELEOR","$7.97","...","...","...","03/30/2021","$3.79","134","4.4","$4.18","87103","...","B09WHLS49D","https://www.amazon.com/dp/B09WHLS49D"
"","","88","Macl 7 Pairs False Lashes Natural Look Fluffy Eyelashes Faux Mink Thick Wispy Lashes 18mm Soft Reusable Curly Cat Eye Lashes Natural Fake Eyelashes for Daily Work Birthday Engagement Parties (Style B)","Macl","$11.99","690","23","$8273","05/11/2022","$7.27","2","5","$4.72","22461","Beauty & Personal Care","B09YM77X95","https://www.amazon.com/dp/B09YM77X95"
"","","89","ALICROWN Fluffy Mink Lashes Faux Eyelashes 3D Volume Lashes Pack Handmade Dramatic Thick Crossed Fake Eyelashes Soft Reusable 10 Pairs","ALICROWN HAIR","$9.99","847","28","$8462","02/03/2020","$6.27","8262","4.4","$3.72","28826","Beauty & Personal Care","B082SNSTPY","https://www.amazon.com/dp/B082SNSTPY"
"","","90","Pooplunch False Eyelashes 8D Cat Eye Faux Mink Lashes 9 Pairs Wispy Dramatic Fluffy Volume Fake Lashes Strips Pack","Pooplunch","$8.99","...","...","...","07/30/2022","$5.35","6","4.8","$3.64","85107","...","B0B6J5JW77","https://www.amazon.com/dp/B0B6J5JW77"
"","","91","wiwoseo False Eyelashes Colorful Russian Strip Lashes Colored Faux Mink Lashes Natural Wispy Fluffy 18MM 3D Effect Color Fake Eyelashes for Festival 10 Pairs Pack","wiwoseo","$9.99","...","...","...","05/31/2022","$6.27","91","4.2","$3.72","11111","...","B0B1Z9C8JT","https://www.amazon.com/dp/B0B1Z9C8JT"
"","","92","Lashes False Eyelashes Curl Wispy Fluffy False Eyelashes Lashes Wispy Natural Volume Faux Mink Fake Eyelashes Cat Eye Lashes (12 Styles","picidae","$6.99","30","1","$210","06/06/2022","","0","","","195324","Beauty & Personal Care","B09XBG52QY","https://www.amazon.com/dp/B09XBG52QY"
"","","93","Pooplunch False Eyelashes 25MM Faux Mink Lashes 20 Pairs Pack Fluffy Dramatic Long Thick Fake Eye Lashes Wholesale Bulk","Pooplunch","$17.99","841","28","$15130","01/08/2021","$12.37","1511","4.4","$5.62","23499","Beauty & Personal Care","B08RNL1D64","https://www.amazon.com/dp/B08RNL1D64"
"","","94","Mikiwi 25mm Faux Mink Lashes 6D lashes Faux Mink Eyelashes Dramatic Lashes 7 Pairs Fluffy Mink Lashes 25 mm Lashes for Halloween Party","mikiwi","$9.88","494","16","$4881","05/05/2019","$6.17","2942","4.5","$3.71","19782","Beauty & Personal Care","B07V5LQJV3","https://www.amazon.com/dp/B07V5LQJV3"
"","","95","Cuckoo False Eyelashes 3D Faux Mink Lashes Dramatic Korea PBT Fiber False Lashes 100% handmade- 303 (3Pairs)","Cuckoo","$8.99","939","31","$8442","01/05/2019","$5.35","2589","4.4","$3.64","17936","Beauty & Personal Care","B07K7GT1Z1","https://www.amazon.com/dp/B07K7GT1Z1"
"","","96","Russian Strip Lashes False Eyelashes Clear Band Lashes Natural Look Fluffy D Curl Faux Mink Eyelashes(DT04)","Ahrikiss","$8.99","...","...","...","06/10/2022","$5.35","180","4.1","$3.64","9990","...","B0B1PY718W","https://www.amazon.com/dp/B0B1PY718W"
"","","97","OASHMIER Cat Eye Natural Look Clear Band Faux Mink Lashes D Curl 8-15mm Wispy 3D Multi Layered Invisible Band Eyelashes Strip Knot-Free Lash 100% Handmade & Cruelty-Free Reusable Easy to Apply - 5 Pairs(FF1)","OASHMIER","$9.99","120","3","$1199","07/30/2022","$6.27","0","","$3.72","87050","Beauty & Personal Care","B0B5KG89PR","https://www.amazon.com/dp/B0B5KG89PR"
"","","98","MilyBest False Eyelashes 10 Pairs 18mm Fluffy Faux Mink Lashes Wispy Natural D Curl Volume Fake Lashes Sets Pack","MilyBest","$4.99","...","...","...","07/24/2022","$1.67","12","4.7","$3.32","74078","...","B0B5XJM4LX","https://www.amazon.com/dp/B0B5XJM4LX"
"","","99","False Eyelashes Dramatic Fluffy Look Lashes 5 Pairs Soft Faux Mink Lashes 3D 6D Volume Fake Eyelashes Packs DM5","Frihappy","$9.99","1553","51","$15514","05/25/2021","$6.27","654","4.3","$3.72","11703","Beauty & Personal Care","B093386BC7","https://www.amazon.com/dp/B093386BC7"
"","","100","Faux Lashes Fluffy 5 Different Styles from Natural to Dramatic Eye Lashes Natural Look Parriparri Lightweight Full Eyelashes Wispy Faux Mink Eyelashes 5 Pairs","Parriparri","$6.99","...","...","...","01/13/2022","$3.51","167","4.4","$3.48","37221","...","B09MVXSSVG","https://www.amazon.com/dp/B09MVXSSVG"
"","","101","KISS Falscara DIY Eyelash Extension Wispy Wisps - Featherlight Synthetic Reusable Artificial Eyelashes Multipack of 24 Mini Lash Clusters for that Authentic Eyelash Extension Look","KISS","$7.86","33683","1122","$264748","02/14/2021","$3.69","3814","4.4","$4.17","1052","Beauty & Personal Care","B08SPVMDTV","https://www.amazon.com/dp/B08SPVMDTV"
"","","102","wiwoseo False Eyelashes Russian Strip Lashes D Curly Wispy Fluffy 3D Effect 13MM 15MM Faux Mink Lashes 20 Pairs Pack Crossing Eyelashes","wiwoseo","$9.99","...","...","...","03/25/2022","$6.27","161","4.1","$3.72","16512","...","B09VXCX6P1","https://www.amazon.com/dp/B09VXCX6P1"
"","","103","Onlyall Lashes Mink False Eyelashes Natural Wispy Lashes Soft Faux Mink Lashes Fluffy False Lashes 16MM A04","Onlyall","$7.99","3246","108","$25936","02/26/2022","$4.43","351","4.3","$3.56","4620","Beauty & Personal Care","B09Q23CZ2M","https://www.amazon.com/dp/B09Q23CZ2M"
"","","104","HBZGTLAD NEW 7 Pairs 25mm mink lashes100% mink lashes Soft Dramatic Volume Fake Lashes Reusable Thick False Eyelashes lashes mink(8D-015)","HBZGTLAD","$7.68","820","27","$6298","10/14/2019","$4.15","3522","4.2","$3.53","23693","Beauty & Personal Care","B07TQ2SL1L","https://www.amazon.com/dp/B07TQ2SL1L"
"","","105","KISS Products So Wispy Lashes 5 Pair (Package May Vary)","Kiss Products Inc","$8.39","12253","408","$102803","07/06/2013","$4.18","14437","4.6","$4.21","468","Beauty & Personal Care","B00DS4EIEE","https://www.amazon.com/dp/B00DS4EIEE"
"","","106","EYENJOY False Eyelashes 20 Pairs 3D Faux Mink Eyelashes Pack Fake Lashes Natural Fluffy Wispy Soft Reusable Cat-Eye Style Lashes No Glue(A20)","Eyenjoy","$9.99","390","13","$3896","02/11/2021","$6.27","282","4.3","$3.72","34678","Beauty & Personal Care","B09LV81BFQ","https://www.amazon.com/dp/B09LV81BFQ"
"","","107","Eyelash Extension 0.05 D Curl Mink Eyelash Extensions Individual Lashes Volume Faux Mink Eyelash Extension Supplies For Salon 13-20mm Mixed Tray Silk Eyelashes (D 0.0513-20 Mixed)","VAVALASH","$8.90","13685","456","$121797","11/22/2018","$4.65","2702","4.4","$4.25","421","Beauty & Personal Care","B07K6C4T83","https://www.amazon.com/dp/B07K6C4T83"
"","","108","Cocohoney 3D Faux False Mink Eyelashes (5 pairs) - DAILY LOOK | 100% Hand Made | Cruelty Free | Reusable | Ultralight | Durable | Comfortable to Wear | Easy Application (3D001)","COCO-HONEY","$9.99","0","0","$0","10/06/2020","$5.65","21","4.3","$4.34","261495","Beauty & Personal Care","B08DJ8N5JY","https://www.amazon.com/dp/B08DJ8N5JY"
"","","109","Ruairie False Lashes Pack Natural False Eyelashes Wispies Fluffy 3D Faux Mink Lashes Bulk 5 Pairs Fake Eye Lashes","Ruairie","$6.99","120","4","$839","03/18/2021","$3.51","101","4.3","$3.48","72323","Beauty & Personal Care","B08Y588LDC","https://www.amazon.com/dp/B08Y588LDC"
"","","110","False Eyelashes Fluffy Faux Mink Lashes 18mm Wispy Lashes Cat Eye Flowers Strip Lashes Pack by Kiromiro","Kiromiro","$8.99","1880","62","$16901","03/04/2022","$5.35","371","4.3","$3.64","11346","Beauty & Personal Care","B09SNVCK1S","https://www.amazon.com/dp/B09SNVCK1S"
"","","111","FANXITON Natural Look Lashes Cat-Eye False Eyelashes Fluffy Short 15MM Manga Lashes 5 Pairs 3D Wispy Japanese Faux Mink Lashes with Applicator","FANXITON","$7.99","690","23","$5513","","","15","4.3","","23141","Beauty & Personal Care","B0B5XJK7QC","https://www.amazon.com/dp/B0B5XJK7QC"
"","","112","Ardell 3D Faux Mink Lashes 352","Ardell","$6.96","15","0","$104","02/04/2020","$3.48","49","4.6","$3.48","290044","Beauty & Personal Care","B07JCC7VPJ","https://www.amazon.com/dp/B07JCC7VPJ"
"","","113","JIMIRE Mink Lashes Wispy Fluffy Cat Eye 6D Volume Russian Strip C-D Curl False Eyelashes Thick Crossed Soft Curly Fake Lashes 7 Pairs Pack","JIMIRE","$7.99","...","...","...","06/30/2022","...","9","4.3","","24960","...","B0B3LTCX6J","https://www.amazon.com/dp/B0B3LTCX6J"
"","","114","Wispy Lashes with Clear Band Russian Strip Lashes D Curl False Eyelashes Natural Look 17mm Lashes That Look Like Individual Cluster Lashes Extension 3D Faux Mink Lashes 10 Pairs Fluffy Fake Eyelashes Wispy Eye lashes Pack","zenotti","$9.98","...","...","...","03/22/2022","$6.26","21","3.8","$3.72","64857","...","B09XB8KGKG","https://www.amazon.com/dp/B09XB8KGKG"
"","","115","MAGEFY 20 Pairs Eyelashes 4 Style Faux Mink Lashes Pack Natural Look to Dramatic Long False Eyelashes 16mm-20mm Handmade Reusable Soft Fake Eyelashes with Glitter Portable Boxes","MAGEFY","$18.99","534","17","$10141","09/15/2020","$12.37","1782","4.6","$6.62","26496","Beauty & Personal Care","B08G88V1SF","https://www.amazon.com/dp/B08G88V1SF"
"","","116","MAGEFY Lashes 30 Pairs 6 Styles Faux Mink Eyelashes Fake Eyelashes Natural Look to Dramatic Volume False Lashes 3D Lashes Pack with Eyebrow Grooming Kit","MAGEFY","$24.99","545","18","$13620","06/08/2021","$16.1","505","4.6","$8.89","30921","Beauty & Personal Care","B093658MX7","https://www.amazon.com/dp/B093658MX7"
"","","117","GMAGICTOBO False Eyelashes Fluffy Wispy Eyelashes Faux 3D Mink Lashes Thick Volume Long Soft Dramatic Strip Eye Lashes Pack 8 Pairs","Gmagictobo","$8.99","3986","132","$35834","08/01/2021","$5.35","1630","4.3","$3.64","3211","Beauty & Personal Care","B099WV8YGR","https://www.amazon.com/dp/B099WV8YGR"
"","","118","HBZGTLAD 5 Pairs 25 mm 3d Mink Lashes Bulk Faux with Custom Box Wispy Natural Mink Lashes Pack Short Wholesales Natural False Eyelashes (ML-07)","HBZGTLAD","$6.98","2205","67","$15391","08/06/2021","","730","4","","8368","Beauty & Personal Care","B09B33YMXD","https://www.amazon.com/dp/B09B33YMXD"
"","","119","Mebver Lashes Eyelashes 8D Fluffy False Eyelashes Wispy Faux Mink Lashes Light Weight Fake Eyelashes Cat Eye Lashes 7 Pairs Pack","Mebver","$4.99","225","10","$1123","07/24/2022","","0","","","44504","Beauty & Personal Care","B0B637B1PF","https://www.amazon.com/dp/B0B637B1PF"
"","","120","wiwoseo False Eyelashes Russian Strip Lashes Faux Mink Lashes Wispy Fluffy 17MM 3D Effect Fake Eyelashes 10 Pairs Pack","wiwoseo","$8.99","...","...","...","05/15/2022","$5.35","14","3.8","$3.64","33241","...","B09ZKNH5PN","https://www.amazon.com/dp/B09ZKNH5PN"
"","","121","20 Pairs Eyelashes 3D Faux Mink Lashes Natural Look to Wispy Fake Eyelashes 16-18MM False Eyelashes Handmade Soft Fluffy Volume Lashes Pack 5 Styles Mixed (20A1)","Blueyelashes","$9.99","105","3","$1049","09/21/2021","$6.27","145","4.3","$3.72","73763","Beauty & Personal Care","B09DGB85QD","https://www.amazon.com/dp/B09DGB85QD"
"","","122","Losha Lashes 6 Pairs Fluffy False Eyelashes for Women 20mm Long Dramatic Faux Mink Strip 5D Lashes Pack for Gorgeous Makeup","Losha","$7.38","1318","43","$9727","05/13/2021","$3.87","638","4.4","$3.51","10546","Beauty & Personal Care","B093L48G37","https://www.amazon.com/dp/B093L48G37"
"","","123","DYSILK 7 Pairs 6D Faux Mink Eyelashes Fluffy Natural Look False Eyelashes Handmade Wispy Soft Fake Eyelashes Long Extension Makeup Reusable Eyelashes No Glue (007)","DYSILK","$7.99","1260","42","$10067","04/07/2019","$4.43","13148","4.4","$3.56","18296","Beauty & Personal Care","B083W5MR9Z","https://www.amazon.com/dp/B083W5MR9Z"
"","","124","Volume Eyelashes Russian Strip Lashes D Curl Lashes like Eyelash Extension 5 Styles 5D Faux Mink Lashes Fluffy 15-17mm False Eyelashes Natural Look Wispy Eye Lashes 10 Pairs Pack by Zenotti","zenotti","$9.97","...","...","...","03/07/2022","$6.25","440","3.9","$3.72","17510","...","B09T69VX8P","https://www.amazon.com/dp/B09T69VX8P"
"","","125","HBZGTLAD NEW 5Pair Fluffy Lashes 25mm 3d Mink Lashes Long Thick Natural False Eyelashes Lashes Vendors Makeup Mink Eyelashesa(5D83)","HBZGTLAD","$6.98","1672","55","$11671","11/01/2020","$3.5","2985","4.2","$3.48","9677","Beauty & Personal Care","B08GFBGL49","https://www.amazon.com/dp/B08GFBGL49"
"","","126","wiwoseo False Eyelashes Natural Wispy Fluffy Cat Eye Lashes 16MM Faux Mink Lashes Crossed Strip Eye Lashes 14 Pairs Pack","wiwoseo","$9.49","1673","55","$15877","07/28/2020","$5.81","1838","4.3","$3.68","9968","Beauty & Personal Care","B08D3MN8KF","https://www.amazon.com/dp/B08D3MN8KF"
"","","127","DYSILK False Eyelashes Cat Eye Look 8D Fluffy Wispy Faux Mink Lashes 7 Pairs Dramatic Volume Eyelash Pack (3D Cat Eye)","DYSILK","$7.99","...","...","...","06/23/2022","$4.43","15","4.2","$3.56","37504","...","B0B389KXCT","https://www.amazon.com/dp/B0B389KXCT"
"","","128","Calphdiar False Eyelashes Natural Look Lashes Wispy Cat Eye Faux Mink Eyelashes Clear Band Fake Eye Lashes Pack 10 Pairs","calphdiar","$9.99","...","...","...","04/07/2022","$6.27","236","4","$3.72","6375","...","B09V55282R","https://www.amazon.com/dp/B09V55282R"
"","","129","False Eyelashes 25MM Long 6D Faux Mink Lashes Fluffy Volume Look Strip False Lashes Wispy Dramatic 10 Pairs Sets Pack Fake Lashes Bulk by Zenotti","zenotti","$8.39","690","23","$5789","03/30/2021","...","561","4.1","","20047","Beauty & Personal Care","B096LWNZ7F","https://www.amazon.com/dp/B096LWNZ7F"
"","","130","Faux Mink Eyelashes Thick Lashes Fluffy Dramatic False Eyelashes Luxury Volume Soft Handmade Reusable Lashes Pack","zanlufly","$7.99","2465","82","$19695","09/16/2020","$4.43","1025","4.3","$3.56","6836","Beauty & Personal Care","B08PYQ74PC","https://www.amazon.com/dp/B08PYQ74PC"
"","","131","False Eyelashes Fluffy Wispy Curly Natural Lashes 3D Faux Mink Lashes 7 Pairs Jiocolor Volume Eye Lashes DJ-20","Jiocolor","$8.99","...","...","...","05/29/2022","$5.35","20","4.1","$3.64","29569","...","B09Y5Q7BXK","https://www.amazon.com/dp/B09Y5Q7BXK"
"","","132","LANKIZ Cluster Lashes - Individual DIY Eyelash Extension Wisps at Home - Featherlight Synthetic Reusable Artificial False Eyelashes Cluster Multipack- Soft Faux Mink Lash Clusters(Honey10-16 mmC Curl)","LANKIZ","$11.99","...","...","...","05/25/2019","$7.27","32","4.3","$4.72","13733","...","B09YY77GNS","https://www.amazon.com/dp/B09YY77GNS"
"","","133","SY LASHES 25mm Mink Lashes 3D Real Mink Eyelashes Fluffy Dramatic False Eyelashes 6D Wispy Long Thick Handmade Luxury Volume Strip Eye Lashes (3 Pairs Doll Honey Queen)","SY SHUYING","$9.99","1770","59","$17682","12/15/2020","$5.65","1922","4.4","$4.34","6809","Beauty & Personal Care","B08PCXWJLK","https://www.amazon.com/dp/B08PCXWJLK"
"","","134","False Eyelashes Russian Strip Lashes D Curl Dramatic 18mm Fake Eyelashes Extension Sky High 3D Volume Faux Mink Lashes 10 Pairs Pack","Pawotence","$8.99","...","...","...","03/08/2022","$5.35","267","3.9","$3.64","14111","...","B09TDCCDFD","https://www.amazon.com/dp/B09TDCCDFD"
"","","135","Vayator 10+12mm Mixed 12+14mm Mixed Tray Mink Eyelash Extension Natural 3D Russian Volume Faux Eyelashes Individual 20D Cluster Lashes Makeup (16mm+18mm Mixed)","Vayator","$10.00","420","14","$4200","03/08/2021","","245","4.4","","34454","Beauty & Personal Care","B091K7JJ1B","https://www.amazon.com/dp/B091K7JJ1B"
"","","136","Veleasha Russian Strip Lashes DD Curl False Eyelashes Fluffy Wispy Faux Mink Lashes 10 Pairs Pack (D05)","Veleasha","$8.65","...","...","...","03/14/2022","$5.04","482","4.1","$3.61","2080","...","B09V13GRKG","https://www.amazon.com/dp/B09V13GRKG"
"","","137","Faux Mink Eyelashes15-20mmDramatic Lightweight 3D Mink EyelashesNatural Eyelashes 20 Pack Bulk","Lskrysha","$11.99","80","1","$959","12/26/2020","$6.65","120","4.3","$5.34","154703","Beauty & Personal Care","B08N628KGL","https://www.amazon.com/dp/B08N628KGL"
"","","138","DAODER 10Pairs Mink Lashes Short Long Natural False Eyelashes Soft Reusable for Women Daily Makeup (Thick Short lashes)","DAODER","$8.99","1650","55","$14834","11/22/2019","$5.35","2923","4.2","$3.64","9304","Beauty & Personal Care","B07Z521BXX","https://www.amazon.com/dp/B07Z521BXX"
"","","139","BEFACL False Eyelashes Russian Strip Lashes D/DD Curl Wispy Fluffy Mink Lashes Natural Faux Mink Eye Lashes Pack Reusable Fake Lashes Extension 5 Pairs (BCA31)","BEFACL","$7.99","330","11","$2637","06/14/2021","$4.43","105","3.9","$3.56","39913","Beauty & Personal Care","B09Y1KMXGL","https://www.amazon.com/dp/B09Y1KMXGL"
"","","140","KSYOO Clear Band Fluffy 3D Faux Mink False Eyelashes- 15mm D Curl Round Wispy Lashes Look Like Individual Lash Extensions Semi-dramatic 3D Multi Layered Invisible Band - 5 Pairs (Clear Band U6)","KSYOO","$8.49","...","...","...","02/27/2022","$4.27","76","3.8","$4.22","34819","...","B09SHZPC7C","https://www.amazon.com/dp/B09SHZPC7C"
"","","141","False Eyelashes 3D Faux Mink Fake Eyelashes Handmade Dramatic Thick Crossed Cluster False Eyelashes Black Nature Fluffy Long Soft Reusable(5 Pairs)","Aonmik","$6.99","227","7","$1587","05/17/2019","$3.51","1907","4.4","$3.48","67103","Beauty & Personal Care","B07Q3NYKJL","https://www.amazon.com/dp/B07Q3NYKJL"
"","","142","KYDA Individual Cluster Lashes Kit 3D Thick Volume Faux Mink Eyelashes Fluffy Natural Crossed False Lashes Full Handmade Wispy Soft Eye Lash with Tweezers","KYDA","$9.99","102","3","$1019","03/18/2022","$6.27","13","3.6","$3.72","97819","Beauty & Personal Care","B09SH2TY3Y","https://www.amazon.com/dp/B09SH2TY3Y"
"","","143","LANKIZ Cluster Eyelash Extensions False Eyelashes Individual for DIY Lash Extension Natural Look Reusable Faux Mink Lash Clusters 10-16mm Mix Length Individual Lashes","LANKIZ","$8.49","...","...","...","04/06/2022","...","342","4.2","","4233","...","B09QX4TGRT","https://www.amazon.com/dp/B09QX4TGRT"
"","","144","HBZGTLAD new 8 pairs of natural false eyelashes mink lashes long makeup 3d mink eyelashes extend eyelashes lashes mink(B03)","HBZGTLAD","$8.21","1000","33","$8210","09/04/2019","$4.01","2569","4.3","$4.20","24156","Beauty & Personal Care","B07TTHRT8T","https://www.amazon.com/dp/B07TTHRT8T"
"","","145","JIMIRE High Volume False Eyelashes Fluffy 3D Lashes Pack 5 Pairs","JIMIRE","$6.99","1791","59","$12519","11/07/2019","$2.89","16052","4.4","$4.10","13317","Beauty & Personal Care","B07T9S1Z61","https://www.amazon.com/dp/B07T9S1Z61"
"","","146","False Eyelashes 16 Pairs D Curl Russian Strip Lashes Natural Look Cat Eye 16mm 3D Soft Faux Mink Eye Lashes Pack Reusable Eyelashes Extension by Eefofnn","Eefofnn","$5.99","615","20","$3684","04/01/2022","$2.59","67","4.1","$3.40","19331","Beauty & Personal Care","B09VXRZSRQ","https://www.amazon.com/dp/B09VXRZSRQ"
"","","147","Fluffy Lashes 6 Pairs 3D False Eyelashes 20mm Wispy Faux Mink Lashes Natural Look D Curl Fake Eyelashes Pack by Kmilro","kmilro","$5.59","246","8","$1375","08/02/2021","$2.22","107","4.1","$3.37","49666","Beauty & Personal Care","B098JMN76R","https://www.amazon.com/dp/B098JMN76R"
"","","148","SWINGINGHAIR Mink Lashes 3D Mink Eyelashes 19mm Natural False Eyelashes Siberian 3D Mink Lashes Natural Look Eyelashes Hand-made Fluffy Volume Lashes 1 Pair","SWINGINGHAIR","$7.79","1553","51","$12098","12/10/2019","$4.25","7990","4.4","$3.54","9529","Beauty & Personal Care","B081HFFQM2","https://www.amazon.com/dp/B081HFFQM2"
"","","149","Losha False Eyelashes 10 Pairs Value Pack Faux Mink Lashes Handmade Dramatic Long Thick Soft Reusable 3D Volume Fake Eyelashes (Glam)","Losha","$8.28","915","28","$7576","06/02/2020","$4.7","1339","4.4","$3.58","19103","Beauty & Personal Care","B08DNVQ1QL","https://www.amazon.com/dp/B08DNVQ1QL"
"","","150","AMSDCN Lashes Fluffy 3D Faux Mink Lashes 25mm Long Natural Look False Eyelashes for Eye Makeup Reusable Eyelashes (5pairs-Awx24)","AMSDCN","$7.98","...","...","...","01/12/2022","$4.42","56","4","$3.56","32055","...","B09P2ZB6QJ","https://www.amazon.com/dp/B09P2ZB6QJ"
"","","151","False Eyelashes CUTEBEY Cateye Eyelashes 10-16MM 8D Fluffy Wispy Natural Faux Mink Lashes 7 Pairs Eyelashes Pack Creates Natural Look (Cateye)","CUTEBEY","$5.99","420","14","$2516","05/16/2022","$1.97","42","4.2","$4.02","33170","Beauty & Personal Care","B09V7K5L7C","https://www.amazon.com/dp/B09V7K5L7C"
"","","152","Eliace Lashes 5 Styles 15 Pairs Silk Mink Eyelashes Faux Mixed Fluffy Volume Cat Eye Lashes 3D Eyelashes Mink Luxury Multi-layered Effect & Reusable Wispies Lashes Bulk Cute Eye Lashes Sets Pack","Eliace","$9.99","462","15","$4615","10/01/2020","$5.65","1179","4.4","$4.34","31513","Beauty & Personal Care","B08JY7K33D","https://www.amazon.com/dp/B08JY7K33D"
"","","153","HBZGTLAD 7Pairs 3d Mink Dramatic Volume Lashes Bulk Faux Thick Long Wispy Natural Mink Lashes Pack Short Wholesales Natural False lashes (JO06)","HBZGTLAD","$8.99","302","10","$2715","08/08/2021","$5.35","115","4.4","$3.64","31399","Beauty & Personal Care","B0969DKCRX","https://www.amazon.com/dp/B0969DKCRX"
"","","154","JIMIRE Eyelashes Russian Volume Strip Lashes like Eyelash Extension 6 Styles Natural Wispy Faux Mink Lashes Wholesale 30 Pairs Pack-DD Curl","JIMIRE","$15.78","100","3","$1578","01/30/2022","$10.49","79","4.4","$5.29","102953","Beauty & Personal Care","B09Q83XNB5","https://www.amazon.com/dp/B09Q83XNB5"
"","","155","HBZGTLAD 9 pairs Natural Long False Eyelashes 25mm 5d Mink Eyelashes Thick Full Strip Lashes Luxury Makeup Dramatic Lashes 3D Mink Lashes (KD-111)","HBZGTLAD","$9.99","1534","51","$15325","07/25/2020","$6.27","1764","4.4","$3.72","11376","Beauty & Personal Care","B08DCQY5XB","https://www.amazon.com/dp/B08DCQY5XB"
"","","156","Newcally Fake Eyelashes Natural False Lashes Wispy Lashes 3D Cat Eye Look Light Volume Faux Mink Lashes 10 Pairs Pack","Newcally","$9.99","780","26","$7792","02/19/2019","$6.27","7226","4.3","$3.72","21897","Beauty & Personal Care","B08539B981","https://www.amazon.com/dp/B08539B981"
"","","157","6 Pairs Lashes Fluffy Natural Look False Eye Lash Faux Mink Fake eyelashes 3D Lightweight 25MM Cross Style Wispy Pack Soft for Cat Eye Makeup Women Reusable by Miss Kiss","Miss Kiss","$9.99","38","1","$380","08/13/2021","$5.65","51","3.8","$4.34","137625","Beauty & Personal Care","B09BCGJ651","https://www.amazon.com/dp/B09BCGJ651"
"","","158","JIMIRE False Eyelashes Fluffy Long Faux Mink Lashes Medium Volume Wispy Fake Lash Pack 7 Pairs","JIMIRE","$8.99","30","1","$270","11/08/2021","$5.35","29","4.7","$3.64","222614","Beauty & Personal Care","B09HGKY2C4","https://www.amazon.com/dp/B09HGKY2C4"
"","","159","FLUKIN Eyelashes False Lashes Natural Fluffy Faux Mink Eye Lashes Pack Dramatic Thick Volume Fake Eyelashes 6 Pairs Soft Reusable Handmade","FLUKIN","$3.99","...","...","...","05/14/2022","$0.75","5","5","$3.24","38067","...","B09YKW6TJ1","https://www.amazon.com/dp/B09YKW6TJ1"
"","","160","Jiocolor False Eyelashes Fluffy Lashes 14mm Dramatic Long Eyelashes Wispy Natural Look Lashes Soft Faux Mink Eyelashes 3D 6D Lashes 7 Pairs Lashes Fake lashes Pack X27","Jiocolor","$8.99","...","...","...","02/27/2022","$5.35","211","4.4","$3.64","19340","...","B09Q5DC3LJ","https://www.amazon.com/dp/B09Q5DC3LJ"
"","","161","LANKIZ Magnetic Eyelashes with Eyeliner Kit 5 Pairs Natural Looking Faux Mink Magnetic lashes 1 Tube Magnetic Eyeliner Unique Magnetic Eyeliner Remover & Applicator Tool","LK LANKIZ","$8.99","15","1","$135","08/03/2017","$4.73","71","3.9","$4.26","185534","Beauty & Personal Care","B095NKR9YL","https://www.amazon.com/dp/B095NKR9YL"
"","","162","KISS Lash Couture LuXtensions Collection False Eyelashes Flat Lash Technology Super Slim Lash Band Real Lash Extension Fibers Reusable Contact Lens Friendly Strip Lashes Style Royal Silk 1 Pair","KISS","$7.12","3066","102","$21830","03/23/2020","$3.01","1417","4.6","$4.11","3121","Beauty & Personal Care","B0861994QW","https://www.amazon.com/dp/B0861994QW"
"","","163","Ardell False Eye Lashes Faux Mink Individuals Long Black 4 Pack","Ardell","$14.94","1050","35","$15687","07/25/2019","$9.16","920","4.3","$5.78","17855","Beauty & Personal Care","B07RV5ZLJQ","https://www.amazon.com/dp/B07RV5ZLJQ"
"","","164","DYSILK 8 Pairs 5D Eyelashes Faux Mink Eyelashes Dramatic Look False Eyelashes Pack Fluffy Extended Fake Eyelashes Long Reusable Soft Lashes Thick Handmade Eyelashes No Glue","DYSILK","$7.99","162","5","$1294","01/02/2020","$3.81","1503","4.5","$4.18","63233","Beauty & Personal Care","B082TNPTJ8","https://www.amazon.com/dp/B082TNPTJ8"
"","","165","Cat Eye Lashes Natural Look Clear Band False Eyelashes 3D Volume Faux Mink Lashes Fluffy Wispy Lashes Strip Fake Eyelashes 7 Pairs Pack by Zenotti","zenotti","$7.62","...","...","...","04/27/2022","$4.09","18","4","$3.53","52327","...","B09WMZP6LN","https://www.amazon.com/dp/B09WMZP6LN"
"","","166","wiwoseo False Eyelashe Russian Strip Lashes D Curly Faux Mink Lashes Natural Wispy Fluffy 14MM Lightweight 3D Effect Fake Eyelashes 10 Pairs Pack","wiwoseo","$8.99","6221","207","$55927","01/23/2022","$5.35","3029","3.9","$3.64","2268","Beauty & Personal Care","B09W5P8BP8","https://www.amazon.com/dp/B09W5P8BP8"
"","","167","AMSDCN New 5 pairs fluffy faux mink eyelashes natural long false eyelash extension handmade volume 3d lashes makeup faux cils cilios (N-01)","AMSDCN","$7.98","...","...","...","05/29/2022","$4.42","4","5","$3.56","77601","...","B09ZP319DZ","https://www.amazon.com/dp/B09ZP319DZ"
"","","168","False Eyelashes Colored Lashes 3D Volume Fluffy Handmade Color Lashes 20MM Faux Mink Eyelashes 3 Pairs Cat-Eye Cosplay Makeup Lashes","FANXITON","$7.97","925","32","$7372","12/30/2021","$4.41","396","4.3","$3.56","16960","Beauty & Personal Care","B09NR3GF4K","https://www.amazon.com/dp/B09NR3GF4K"
"","","169","Kisslily 20 Pairs 3D False Eyelashes Pack 4 Styles Mixed Natural Look Wispy Lashes 18MM Long Fluffy Curled Faux Mink Lashes Wholesale(20 Pairs 4 Styles)","Kisslily","$11.99","...","...","...","03/29/2022","$7.27","119","4.4","$4.72","66293","...","B09VSB475K","https://www.amazon.com/dp/B09VSB475K"
"","","170","ARDELL Faux Mink Individuals - Short Black","Ardell","$5.50","126","4","$693","09/05/2019","$2.14","108","4.4","$3.36","61266","Beauty & Personal Care","B07D5N872W","https://www.amazon.com/dp/B07D5N872W"
"","","171","Ezreiily False Eyelashes Russian Volume Natural Look 3D Faux Mink Strip Lashes D Curly Fluffy Fake Eye Lashes Pack","Ezreiily","$4.99","...","...","...","06/21/2022","$1.67","2","4","$3.32","105927","...","B0B422DQXJ","https://www.amazon.com/dp/B0B422DQXJ"
"","","172","40 Pairs False Eyelashes Wholesale 8 Styles Faux Mink lashes Pack 20MM Fake Eyelashes Thick Crossed Fluffy Volume Reusable 6D multi-layered Lashes Multipack Cat Eye&Round Shape by Boahankuke","Boahankuke","$15.99","210","7","$3358","05/05/2021","$10.67","299","4.6","$5.32","47232","Beauty & Personal Care","B0932PT9HD","https://www.amazon.com/dp/B0932PT9HD"
"","","173","Eyelashes Natural Russian Strip Lashes Clear Bands Cat Eye Lashes Fluffy Wispy Curly Faux Mink Lashes with Clear Lash Bands 7 Pairs by Yawamica","Yawamica","$8.98","575","19","$5164","03/01/2022","$5.34","134","4.2","$3.64","21488","Beauty & Personal Care","B09RZJR8LH","https://www.amazon.com/dp/B09RZJR8LH"
"","","174","ALICE 12MM Short Natural Half Eyelashes Cat Eye Clear Band False Lashes 7 Pairs Wispy Faux Mink Lashes Pack","ALICE","$7.98","248","11","$1979","05/16/2022","$4.42","20","4.2","$3.56","41400","Beauty & Personal Care","B09ZQSSD6X","https://www.amazon.com/dp/B09ZQSSD6X"
"","","175","False Eyelashes Wispy Natural Look Lashes 5 Pairs Soft Faux Mink Lashes 3D 6D Volume Fluffy Frihappy Fake Eyelashes Packs DW8","Frihappy","$9.99","2175","39","$21728","05/25/2021","$6.27","339","4.2","$3.72","14344","Beauty & Personal Care","B09336TZ4B","https://www.amazon.com/dp/B09336TZ4B"
"","","176","Ardell Faux Mink Eye Lashes 811 Black","Ardell","$4.89","3","0","$15","11/09/2017","$1.58","106","4.3","$3.31","120706","Beauty & Personal Care","B01N12OZ13","https://www.amazon.com/dp/B01N12OZ13"
"","","177","False Eyelashes Russian Strip Lashes D Curl Wispy Natural Look Faux Mink Lashes Like Eyelash Extension Fluffy zanlufly Transparent Band Cat Eye Fake Eyelashes Pack","zanlufly","$9.99","...","...","...","02/08/2022","$6.27","481","4.4","$3.72","2388","...","B09QHLBF4R","https://www.amazon.com/dp/B09QHLBF4R"
"","","178","Individual Lashes Natural Cluster Lashes 8-14mm Mixed Pack /12 Roots/ D Curl /0.07mm Thickness / Faux Mink Diy Premade Fans Eyelash Extensions (D Curl 10D&20D Cluster Lashes)","IECILI","$9.99","...","...","...","08/17/2021","$6.27","547","4.3","$3.72","13544","...","B09HMMSRQF","https://www.amazon.com/dp/B09HMMSRQF"
"","","179","FANXITON Lashes Natural Look Fluffy 3D Half Lashes Clear Band 10MM Cat-Eye False Eyelashes Soft Wispy Handmade Faux Mink Lashes 10 Pairs Pack","FANXITON","$9.59","...","...","...","07/30/2022","$5.9","42","4.3","$3.69","9596","...","B0B6TMFJ7B","https://www.amazon.com/dp/B0B6TMFJ7B"
"","","180","Lashes Fluffy Curly Faux Mink Eyelashes Pack Wispy 3D Natural Volume False Eye Lash Look like Extensions 10 Pairs","Yawamica","$8.29","510","17","$4228","01/14/2022","$4.71","304","3.7","$3.58","32998","Beauty & Personal Care","B09P9Q383C","https://www.amazon.com/dp/B09P9Q383C"
"","","181","EMILYSTORES Eyelash Extensions 0.20mm Thickness D Curl Length 12mm Silk Mink Fake Eye Lashes In One Tray","EMILYSTORES","$12.98","240","7","$3115","08/10/2015","$7.49","301","4.4","$5.49","55322","Beauty & Personal Care","B00YL9D63O","https://www.amazon.com/dp/B00YL9D63O"
"","","182","AMSDCN 14/16 Pairs Fluffy mix Lashes 10-25mm 3D Mink Lashes Long Thick Natural False Eyelashes Wholesale Lashes (SD-04)","AMSDCN","$12.66","...","...","...","04/15/2022","$7.84","64","4","$4.82","8217","...","B09WK8QTL7","https://www.amazon.com/dp/B09WK8QTL7"
"","","183","Ardell 3D Faux Mink Lashes 858 4 Pairs","Ardell","$15.99","...","...","...","03/11/2022","$10.67","9","5","$5.32","48619","...","B09HLB6YHX","https://www.amazon.com/dp/B09HLB6YHX"
"","","184","Derun 5 Pairs False Eyelashes Pack 3D Faux Mink Lashes Cross Fluffy Natural Look False Lash 18MM Thick Volume Long Faux Eyelash Soft Reusable Lashes (5Pairs1Style(6D04))","Derun","$3.99","60","2","$239","12/24/2021","","38","4.5","","121085","Beauty & Personal Care","B09MQHG55P","https://www.amazon.com/dp/B09MQHG55P"
"","","185","Ruairie Lashes False Eyelashes Volume Fluffy 20MM Lashes 3D Faux Mink Lashes Pack Dramatic Thick Full Fake Eyelashes 12 Pairs","Ruairie","$9.99","294","9","$2937","07/10/2021","$6.27","615","4.4","$3.72","41009","Beauty & Personal Care","B097YF5Q4S","https://www.amazon.com/dp/B097YF5Q4S"
"","","186","EYERIYO False Natural Faux Mink Eyelashes10 Pairs Soft Reusable Light Volume Eyelashes Fluffy Wispy Extensions Lashes Pack (C Curl 0.07 mm Style 2)","EYERIYO","$9.99","30","1","$300","03/05/2022","$5.65","8","4.4","$4.34","142564","Beauty & Personal Care","B09P5CYVFV","https://www.amazon.com/dp/B09P5CYVFV"
"","","187","AUPALADA False lashes Natural Look 6 Pairs Short Fullfy Wispy Faux Mink Lashes Clear Band Cat Eye lashes Sets","aupalada","$8.99","...","...","...","06/12/2022","$5.35","20","4.5","$3.64","32130","...","B0B6F4N6DL","https://www.amazon.com/dp/B0B6F4N6DL"
"","","188","JIMIRE Faux Mink Eyelashes Russian Strip D Curl Lashes Cat-Eye Crossed Volume False Eyelashes Wispy Fluffy 3D Luxury Natural Look 14 Pairs","JIMIRE","$8.78","...","...","...","05/21/2022","$5.16","1955","4.4","$3.62","12215","...","B0B12CSTRN","https://www.amazon.com/dp/B0B12CSTRN"
"","","189","Opswiheny 3D Faux Mink Lashes HandmadeBlack Nature Fluffy False Eyelashes Long Soft Reusable False Eyelashes 5 Pairs (3D-52 18mm)","Opswiheny","$7.99","69","2","$551","07/10/2021","$4.43","56","4.2","$3.56","110834","Beauty & Personal Care","B0972L55NT","https://www.amazon.com/dp/B0972L55NT"
"","","190","JIMIRE Flare Mink Lashes Fluffy Wispy False Lashes Pack Fluttery 10D Multi-dimensional Volume False Eyelashes 5 Pairs","JIMIRE","$7.99","1005","33","$8030","08/02/2021","$4.43","1589","4.3","$3.56","20611","Beauty & Personal Care","B098PTDMFN","https://www.amazon.com/dp/B098PTDMFN"
"","","191","GGOKOK False Eyelashes 3D Faux Mink Eyelashes Handmade Luxurious Volume Fluffy Natural False Eyelashes Fluffy Long Soft Reusable Eyes Lashes Dramatic Eyelashes 5 Pairs","GGOKOK","$4.59","737","24","$3383","12/20/2019","$0.68","5700","4.4","$3.91","23275","Beauty & Personal Care","B07ZKG2HCN","https://www.amazon.com/dp/B07ZKG2HCN"
"","","192","ALICROWN Eyelashes 6D Faux Mink Lashes Fluffy False Eyelashes 7 Pairs False Eyelashes Wispy 17mm Natural Lashes Soft Reusable Fake Eyelashes","ALICROWN HAIR","$8.58","450","15","$3861","04/28/2019","$4.97","3665","4.3","$3.61","31376","Beauty & Personal Care","B09FSY59NN","https://www.amazon.com/dp/B09FSY59NN"
"","","193","HBZGTLAD Wholesale Eyelashes 10/20/30/40/50/100 Pairs Faux 3D Mink Lashes Natural False Eyelashes Makeup Cilios Thick Mink Eyelashes In (mix 10pair)","HBZGTLAD","$8.98","968","32","$8693","08/22/2020","$4.72","2993","4.6","$4.26","20972","Beauty & Personal Care","B08B4G8H6L","https://www.amazon.com/dp/B08B4G8H6L"
"","","194","Lansteen False Eyelashes10 Pairs 3D Natural Look Wispy Volume Short Lashes-Reusable Faux Mink Cat Eye Style Black Band Lashes-with Eyelash Applicator","Lansteen","$8.48","76","2","$644","06/17/2021","$4.88","149","4.2","$3.60","110321","Beauty & Personal Care","B09645NDKT","https://www.amazon.com/dp/B09645NDKT"
"","","195","Magnetic Eyelashes with Tweezers and Waterproof Eyeliner 10 Pairs Reusable 3D 5D Magnetic Eyelashes Natural Look Magnetic Lashes Kit with 10 Styles Dramatic Long Eyelashes Faux Mink Lashes No Glue","Consmos","$13.99","270","9","$3777","11/02/2021","$8.97","182","3.9","$5.02","62734","Beauty & Personal Care","B09GFLH31T","https://www.amazon.com/dp/B09GFLH31T"
"","","196","12 Pairs 12 Styles False Eyelashes Reusable Faux Mink Lashes Natural Look 3D Eyelashes Handmade Soft Fake Eyelashes with Portable Boxes Lash Brushes and Organza Bags","Blueyelashes","$7.99","30","1","$240","03/08/2022","$3.81","30","4.5","$4.18","302569","Beauty & Personal Care","B09Q2RMVSR","https://www.amazon.com/dp/B09Q2RMVSR"
"","","197","DYSILK 3 Pairs 6D Eyelashes Faux Mink False Eyelashes Natural Look Wispy Extension Fake Eyelashes Makeup Long Handmade EyeLashes Fluffy Soft Reusable Lashes Black","DYSILK","$4.99","369","12","$1841","04/30/2019","$1.67","1790","4.3","$3.32","31196","Beauty & Personal Care","B07QQNP3BF","https://www.amazon.com/dp/B07QQNP3BF"
"","","198","Fluffy False Eyelashes 3D Natural Look Faux Mink Lashes 7 Pairs Cat Eye Lashes Volume Soft EyeLashes Multipack","calphdiar","$7.99","999","33","$7982","08/11/2021","$4.43","341","4.4","$3.56","15381","Beauty & Personal Care","B09BC3CGVT","https://www.amazon.com/dp/B09BC3CGVT"
"","","199","False Eyelashes Natural Look 3D Wispy Faux Mink Lashes with Transparent Band Soft Handmade 10 Pairs Strip Eye Lashes Pack by Kiromiro","Kiromiro","$8.99","2774","92","$24938","11/04/2021","$5.35","979","4","$3.64","5751","Beauty & Personal Care","B09HZG7MWZ","https://www.amazon.com/dp/B09HZG7MWZ"
"","","200","Cat Eye Lashes Natural Look False Eyelashes 14 Pairs Faux Mink Wispy Short Lashes Fluffy 3D Thick Strip Reusable Fake Eyelashes by HeyAlice","HeyAlice","$9.98","156","3","$1557","09/16/2020","$6.26","614","4.2","$3.72","93473","Beauty & Personal Care","B08JFZ3VYZ","https://www.amazon.com/dp/B08JFZ3VYZ"
"","","201","Mink Lashes False Eyelashes 10 Pairs 6D Wispy Fluffy Fake Eyelashes Pack Long Thick Volume Strip Fluffy Dramatic Lashes Mink by Canvalite","CANVALITE","$8.98","510","24","$4580","07/10/2022","$5.34","621","4.2","$3.64","22028","Beauty & Personal Care","B0B2ZGKGST","https://www.amazon.com/dp/B0B2ZGKGST"
"","","202","wiwoseo False Eyelashes Half Lashes Strip Natural Wispy Fluffy Faux Mink Lashes 14MM Eyelashes 10 Pairs Pack","wiwoseo","$8.99","...","...","...","01/16/2022","$5.35","37","4.4","$3.64","36329","...","B09YCKY2QR","https://www.amazon.com/dp/B09YCKY2QR"
"","","203","False Lashes 10 Pairs 10 Styles Mixed Mink Lashes Pack Fluffy Volume Natural Look Wispy Medium Eyelashes Soft Handmade Reusable 10 Portable Boxes Fake Eyelashes","zanlufly","$9.19","568","18","$5220","10/19/2020","$5.53","3453","4.4","$3.66","31317","Beauty & Personal Care","B08PBHTTMX","https://www.amazon.com/dp/B08PBHTTMX"
"","","204","Half Lashes 10 Pairs Wispy Short Lashes Natural Look Cat Eye Corner Lashes 12MM 3D Volume False Eyelashes Fluffy Faux Mink Lashes Pack by Kmilro (S64)","kmilro","$7.69","60","2","$461","06/13/2022","","6","4.1","","112549","Beauty & Personal Care","B0B1ZCP6C4","https://www.amazon.com/dp/B0B1ZCP6C4"
"","","205","FARRED Wholesale Faux Mink Lashes Bulk 50 Boxes 10 Styles Eyelashes Volume Lashes 10 Portable Individual Boxes 10-20mm Mixed Natural Look Lash 3D False Eyelashes","FARRED","$33.49","784","26","$26256","01/04/2021","$23.33","581","4.7","$10.16","21619","Beauty & Personal Care","B08PF1ZT64","https://www.amazon.com/dp/B08PF1ZT64"
"","","206","Cuckoo False Eyelashes Faux Mink Lashes Natural Look Wispy Fake EyelashesFluffy Volume Long Thick Lashes Pack 4 Styles Mixed (Cuckoo 20 Pairs-003)","Cuckoo","$9.99","...","...","...","12/23/2021","$6.27","61","4.3","$3.72","67351","...","B09P7TTR1X","https://www.amazon.com/dp/B09P7TTR1X"
"","","207","DAODER 25mm Lashes False Eyelashes Long Faux Mink Dramatic Look Fluffy Wispy 6D 8D Fake Lashes Pack for Eye Makeup 7 Pairs (8D 25mm Lashes)","DAODER","$8.39","1892","63","$15874","10/13/2019","$4.8","10389","4.3","$3.59","8416","Beauty & Personal Care","B07WNCL9QB","https://www.amazon.com/dp/B07WNCL9QB"
"","","208","HBZGTLAD 10 Pairs Fluffy False Eyelashes Natural Faux Mink Strip 3D Lashes Pack Make Up Beauty Tools (3D103)","HBZGTLAD","$7.55","90","2","$680","12/14/2021","$3.41","38","4.2","$4.14","125145","Beauty & Personal Care","B09GN1CL88","https://www.amazon.com/dp/B09GN1CL88"
"","","209","KOUSEI Lashes False Eyelashes Cat Eyes Wispy Natural Faux Mink Lashes 6 Pairs Pack Light Volume Short Fake Eye Lashes Multi-Pack","KOUSEI","$7.19","1791","59","$12877","11/12/2021","$3.69","409","4.3","$3.50","8240","Beauty & Personal Care","B09DSJ7KXQ","https://www.amazon.com/dp/B09DSJ7KXQ"
"","","210","HBZGTLAD 20 Pairs 25 mm 3d Mink Lashes Bulk Faux with Custom Box Wispy Natural Mink Lashes Pack Short Wholesales Natural False EyelashesF063","HBZGTLAD","$12.98","1739","57","$22572","06/23/2020","$8.11","4953","4.5","$4.87","9301","Beauty & Personal Care","B083JVZL9H","https://www.amazon.com/dp/B083JVZL9H"
"","","211","FARRED Wholesale 25mm Faux Mink Lashes 50 Pairs 10 Styles Bulk Long Dramatic 6D Fake Eyelashes Strip Volume Lashes Synthetic False Eyelashes","FARRED","$38.99","255","8","$9942","02/17/2021","$27.35","265","4.4","$11.64","58102","Beauty & Personal Care","B08VN9PTDT","https://www.amazon.com/dp/B08VN9PTDT"
"","","212","AMSDCN new 5 Pairs mixed 8-25 mm 3d Mink Lashes Bulk Faux with Custom Natural Mink Lashes Pack Wholesales Natural False Eyelashes (9D01)","AMSDCN","$7.98","...","...","...","04/07/2022","$4.42","24","4.3","$3.56","76078","...","B09TGYWBG6","https://www.amazon.com/dp/B09TGYWBG6"
"","","213","wiwoseo Eyelashes Manga Lashes Japanese Styles Spiky Lashes Lashes Natural Wispy Fluffy 3D Effect Cosplay Faux Mink Lashes Pack 16MM 15MM 16MM Crossing Fake Eyelashes 5 Styles Mixed 10 Pairs","wiwoseo","$8.99","...","...","...","05/16/2022","$5.35","31","4.3","$3.64","21487","...","B0B3GL6SXD","https://www.amazon.com/dp/B0B3GL6SXD"
"","","214","outopen Russian Strip Lashes DD Curl Volume Lash Strips Wispy Fluffy False Eyelashes Curly Mix Styles Faux Mink Lashes Extension Natural Look 10 Pairs","outopen","$7.99","...","...","...","05/19/2019","$4.43","7964","4.1","$3.56","7589","...","B0B2LFGTL1","https://www.amazon.com/dp/B0B2LFGTL1"
"","","215","Fake Eyelashes Natural Look False Lashes 14 Pairs Fluffy Natural Lashes Pack Onlyall 12MM 3D Faux Mink Lashes A06","Onlyall","$8.59","45","1","$387","02/25/2022","","48","4.3","","161312","Beauty & Personal Care","B09Q5B142P","https://www.amazon.com/dp/B09Q5B142P"
"","","216","15mm Mink Lashes Wispy Fluffy False Eyelashes Natural Look Eye Lashes Pack 5D Clear Band Geeneiya Fake Eyelashes 7 Pairs","Geeneiya","$7.99","...","...","...","04/22/2022","$4.43","45","4","$3.56","18954","...","B09XQ53R1R","https://www.amazon.com/dp/B09XQ53R1R"
"","","217","D Curl Russian Strip Lashes Natural Look False Eyelashes Fluffy Faux Mink Lashes 30 Pairs 6 Styles Wispy Fake Eyelashes 3D Effect 13-18mm Volume Cat Eye Lashes Pack","zenotti","$12.99","30","1","$390","04/13/2022","$8.12","13","4.6","$4.87","155963","Beauty & Personal Care","B09WYHFP5Q","https://www.amazon.com/dp/B09WYHFP5Q"
"","","218","Kiss Looks So Natural Multi Pack 01","KISS","$7.99","8339","277","$66629","06/22/2018","...","8130","4.4","","1187","Beauty & Personal Care","B079B8BFR3","https://www.amazon.com/dp/B079B8BFR3"
"","","219","Dedila 16Pairs Fluffy 3D Volume Eye Lashes Extensions Natural Faux Mink False Eyelashes Makeup Daily Long Stripe Eyelashes Reusable Dramatic Look (X05)","Dedila","$11.80","60","2","$708","09/24/2020","$6.49","20","3.8","$5.31","131164","Beauty & Personal Care","B086M54RPR","https://www.amazon.com/dp/B086M54RPR"
"","","220","Mink Lashes False Eyelashes Fluffy Wispy zanlufly Faux Mink Eyelashes 6D Dramatic 25MM Luxury Volume Lashes Multipack","zanlufly","$9.39","1290","43","$12113","09/16/2020","$5.72","2817","4.4","$3.67","19471","Beauty & Personal Care","B09BVSBH8Y","https://www.amazon.com/dp/B09BVSBH8Y"
"","","221","Cocohoney 3D Faux False Mink Eyelashes (5 pairs) - LOVELY LOOK | 100% Hand Made | Cruelty Free | Reusable | Ultralight | Durable | Comfortable to Wear | Easy Application (3D006)","COCO-HONEY","$8.99","30","1","$270","","","61","4.2","","174887","Beauty & Personal Care","B08DJDPRS3","https://www.amazon.com/dp/B08DJDPRS3"
"","","222","Pooplunch False Eyelashes Cat Eye Lashes Wispy Natural Eyelash Fluffy Short Thin Faux Mink Lashes 5 Pairs Pack","Pooplunch","$6.99","660","9","$4613","05/16/2022","","58","3.9","","46364","Beauty & Personal Care","B09YY29GTT","https://www.amazon.com/dp/B09YY29GTT"
"","","223","False Eyelashes 8D Faux Mink Lashes Cat Eye Fluffy Dramatic 18mm 19mm Full Thick Lashes Pack 5Pairs Fake Eyelashes by Pawotence","Pawotence","$7.79","492","16","$3833","11/21/2021","$4.25","168","4.3","$3.54","26839","Beauty & Personal Care","B09LRQPQNN","https://www.amazon.com/dp/B09LRQPQNN"
"","","224","Volt Faux Mink Lashes 5 Pair (Wispy)","Feel Foxy","$8.00","120","4","$960","07/23/2021","","32","4.5","","73274","Beauty & Personal Care","B09B1BD8CQ","https://www.amazon.com/dp/B09B1BD8CQ"
"","","225","BEPHOLAN False Eyelashes Fake Eyelashes Natural Look 5D Multi-layered Faux Mink Lashes Fluffy Volume Lashes 3D Layered Effect Reusable Handmade And Cruelty-Free Easy to Apply XMZ92","BEPHOLAN","$7.59","2032","67","$15423","04/05/2018","$4.06","5185","4.3","$3.53","8153","Beauty & Personal Care","B07D4DCHW2","https://www.amazon.com/dp/B07D4DCHW2"
"","","226","HeyAlice False Lashes Faux Mink Eyelashes 30 Pairs 10 Styles Wholesale Eye Lashes Pack 3D Volume Natural Look Wispy Fluffy Fake Eyelashes Bulk","HeyAlice","$19.99","240","8","$4798","02/09/2021","$14.07","403","4.5","$5.92","51229","Beauty & Personal Care","B08V8DB2X6","https://www.amazon.com/dp/B08V8DB2X6"
"","","227","Colored Eyelashes Fluffy False Lashes Wispy Red Eyelashes Faux Mink Lashes with Color Lashes Strips (Red)","Kiromiro","$6.99","1800","60","$12582","04/02/2022","","631","4.5","","9331","Beauty & Personal Care","B09V4DBDSH","https://www.amazon.com/dp/B09V4DBDSH"
"","","228","BEPHOLAN 3 Pairs False Eyelashes Eyelashes Natural Look Faux Mink Lashes Synthetic Fiber Material Strip Fake Eyelashes Natural Look Lashes Reusable100% Handmade XMZ24","BEPHOLAN","$6.99","1295","43","$9052","04/05/2018","$2.89","7775","4.2","$4.10","14237","Beauty & Personal Care","B0788C3YVC","https://www.amazon.com/dp/B0788C3YVC"
"","","229","MAGEFY Fake Eyelashes 30 Pairs 5 Styles Natural Fluffy False LashesFaux Mink Lashes Wholesale with Portable Travel Makeup Bag (Pink)","MAGEFY","$23.99","57","1","$1367","04/28/2019","$16.62","506","4.7","$7.37","165937","Beauty & Personal Care","B07QKS9TQ7","https://www.amazon.com/dp/B07QKS9TQ7"
"","","230","ALICROWN False Eyelashes Natural Look 10 Pairs Wispy Lashes with Clear Band 3D Faux Mink Lashes Pack 13mm","ALICROWN HAIR","$9.48","...","...","...","05/26/2022","$5.8","23","4.8","$3.68","13479","...","B0B1LC3G84","https://www.amazon.com/dp/B0B1LC3G84"
"","","231","25mm Lashes Faux Mink Long Dramatic Lashes Synthetic False Eyelashes 30 Pairs 10 Styles","calphdiar","$25.99","84","2","$2183","09/15/2020","$16.95","459","4.4","$9.04","107870","Beauty & Personal Care","B08KXTVKTB","https://www.amazon.com/dp/B08KXTVKTB"
"","","232","Pooplunch False Eyelashes Fluffy 8D Faux Mink Lashes Cat-Eye Wispy Lashes 7 Pairs Pack Dramatic Long Thick Volume Fake Eye Lashes","Pooplunch","$16.99","15","0","$255","11/13/2021","","7","4.2","","343391","Beauty & Personal Care","B09LQBLCSZ","https://www.amazon.com/dp/B09LQBLCSZ"
"","","233","Manga Lashes Clusters Natural Eyelashes Wispy Faux Mink Lashes Fluffy Strip Lashes False Eyelashes Pack That Look Like Cluster Lashes Extensions by Lanflower","LANFLOWER","$8.99","90","1","$809","07/18/2022","$5.35","5","5","$3.64","182358","Beauty & Personal Care","B0B6F5H739","https://www.amazon.com/dp/B0B6F5H739"
"","","234","KOUSEI 10 Pairs False Eyelashes Natural Look Dramatic Lashes Pack Faux Mink Russian Mesh Lashes Cat Eye Style(Russian-A)","KOUSEI","$8.99","...","...","...","05/04/2022","$5.35","32","4.4","$3.64","61386","...","B09YQ3Z67R","https://www.amazon.com/dp/B09YQ3Z67R"
"","","235","8PCS Dual Magnetic Eyelashes Realistic Faux Mink eyelashes NO Glue or Eyeliner Needed - Soft 3D Reusable Faux Mink Lashes Extension Natural Look Eyelashes Set with Applicator","AURUZA","$9.99","...","...","...","05/25/2022","$6.27","19","2.5","$3.72","242596","...","B09X19Y7VC","https://www.amazon.com/dp/B09X19Y7VC"
"","","236","outopen 14 Pairs False Eyelashes Russian Strip Lashes D Curl Faux Mink Eyelashes 3D Effect Fluffy Wispy Volume Eyelash Pack","outopen","$8.99","30","1","$270","03/04/2020","$5.35","194","4.4","$3.64","192913","Beauty & Personal Care","B0B2LK6W4C","https://www.amazon.com/dp/B0B2LK6W4C"
"","","237","Russian D Curl Strip Lashes Fluffy False Eyelashes Natural Lashes 15-20mm Fake Lashes Pack Volume Eye Lashes 10 Pairs Faux mink lash Multipack","Ninglash","$7.99","60","2","$479","07/29/2022","","0","","","108051","Beauty & Personal Care","B0B5V79NVP","https://www.amazon.com/dp/B0B5V79NVP"
"","","238","AMSDCN 5/7 Pairs 25 mm 3d Mink Lashes Bulk Faux with Custom Box Wispy Natural Mink Lashes Pack Short Wholesales Natural False Eyelashes (FC-1)","AMSDCN","$8.26","...","...","...","04/25/2022","...","51","3.7","","80573","...","B0B31GLK3G","https://www.amazon.com/dp/B0B31GLK3G"
"","","239","Ardel Faux Mink Lashes 814","Ardell","$4.97","36","1","$179","02/25/2020","$1.65","24","4.6","$3.32","126835","Beauty & Personal Care","B07PTMYZD7","https://www.amazon.com/dp/B07PTMYZD7"
"","","240","ZYIGYI False Eyelashes Russian Strip Lashes Natural Faux Mink Lashes Wispy Fluffy 11 MM Fake Eyelashes 5 Pairs Pack","ZYIGYI","$3.59","...","...","...","06/14/2022","$0.37","1","2","$3.22","133915","...","B09WYY6YS5","https://www.amazon.com/dp/B09WYY6YS5"
"","","241","Fake Eyelashes Natural Look 6D Curly Faux Mink Lashes Fluffy 7 Styles Flutter Wispy False Eyelashes Volume Strip Lashes by zenotti","zenotti","$5.47","42","1","$230","10/28/2021","$2.11","87","4.3","$3.36","131831","Beauty & Personal Care","B09JNYLZMV","https://www.amazon.com/dp/B09JNYLZMV"
"","","242","Losha Lashes Russian Lashes Curly Strip Lightweight Faux Mink Lashes Cosplay False Eyelashes Natural Look (D04)","Losha","$8.49","480","15","$4075","04/05/2022","$4.89","73","4.1","$3.60","31430","Beauty & Personal Care","B09W5PHTKV","https://www.amazon.com/dp/B09W5PHTKV"
"","","243","False Eyelashes Natural Faux Mink Lashes Wispy Fluffy 13MM 3D Effect Fake Eyelashes 10 Pairs Pack by Wiwoseo","wiwoseo","$5.99","...","...","...","05/08/2022","$2.59","48","4.2","$3.40","38377","...","B09TNKSFQV","https://www.amazon.com/dp/B09TNKSFQV"
"","","244","Colored Lashes False Eyelashes with Color Faux Mink Lashes Wispy Fluffy Eyelashes Natural Look 5 Pairs (Pink)","HUIXIN","$12.99","30","1","$390","06/12/2022","$8.12","0","","$4.87","205174","Beauty & Personal Care","B09W35RLHQ","https://www.amazon.com/dp/B09W35RLHQ"
"","","245","Kmilro 10 Pack 6D Russian Strip Lashes that Look Like Extensions D Curl Lash Strips 15mm Wispy Fluffy Volume False Eyelashes Natural Look Faux Mink Lashes 10 Pairs","kmilro","$6.99","...","...","...","03/24/2022","$3.51","13","2.4","$3.48","198452","...","B09VP5DMDT","https://www.amazon.com/dp/B09VP5DMDT"
"","","246","Russian D Curl Lashes Strip Cat Eye Lashes False Eyelashes Wispy Short Faux Mink Lashes Look Like Lashes Extension 14 Pairs Multipack","Focipeysa","$9.57","...","...","...","04/12/2022","$5.88","1171","4","$3.69","2776","...","B09WR82GX4","https://www.amazon.com/dp/B09WR82GX4"
"","","247","Eyelashes 16mm Lashes Thick Dramatic Lashes Faux Mink Eyelashes Fluffy D Curl Cat Eye Lashes Like Eyelashes Extension Reusable False Eyelashes Wispy Lashes 8 Pairs Volume Fake Lashes Pack","zenotti","$7.76","...","...","...","06/17/2022","$4.22","4","5","$3.54","120804","...","B0B2VSNQ71","https://www.amazon.com/dp/B0B2VSNQ71"
"","","248","MAGEFY False Eyelashes 30 Pairs 5 Styles Faux Mink Eyelashes 16mm-20mm Lashes Natural Look to Dramatic Fluffy Lashes Pack Handmade Reusable Fake Eyelashes with Portable Boxes","MAGEFY","$19.99","...","...","...","03/23/2022","$13.22","4","3.7","$6.77","137576","...","B09VGN6LKX","https://www.amazon.com/dp/B09VGN6LKX"
"","","249","Mink Lashes Fluffy Dramatic Eyelashes Natural Look Lashes Wispy Full Curl 8D Fluffy Faux Mink Eyelashes 5 Pairs Pack by Calphdiar","calphdiar","$7.99","...","...","...","11/05/2020","$4.43","1429","4.4","$3.56","19580","...","B0B299CRX5","https://www.amazon.com/dp/B0B299CRX5"
"","","250","Magnetic Eyelashes with Eyeliner Kit - Natural Look and Mink Magnetic Lashes with Applicator 3D Reusable False lashe(10 Pairs)","Sikkis","$15.99","1090","36","$17429","05/13/2021","$10.67","3812","4","$5.32","21113","Beauty & Personal Care","B0922MKPYB","https://www.amazon.com/dp/B0922MKPYB"
"","","251","AMSDCN NEW 18pair Fluffy Lashes Mink Hair False Eyelashes 20mm-25mm 3d Lashes Dramatic Long Messy Natural Lashes Makeup Mink Eyelashes (MA03)","AMSDCN","$9.99","750","25","$7493","06/17/2021","$5.65","219","4","$4.34","19324","Beauty & Personal Care","B0923GZN6L","https://www.amazon.com/dp/B0923GZN6L"
"","","252","DAODER Half Lashes Natural Look False Eyelashes Wispy Cat Eye Flared Fake Eye Lashes Extension Thin Band Light Volume 3D Effect Faux Mink Lashes for Everyday Wear 5 Pairs (Half Lashes 04)","DAODER","$7.99","...","...","...","04/04/2022","$3.81","31","4.2","$4.18","60191","...","B09WF658ZZ","https://www.amazon.com/dp/B09WF658ZZ"
"","","253","Eyelash Extension J Curl Easy Fan Volume Lashes 0.03-0.10mm Faux Mink Lash Extension Matte Self Fanning Blooming Lashes 8-30mm Supplies 0.05-J 15-20mm Mixed Tray)","FADLASH","$9.99","14451","498","$144365","07/04/2018","","7500","4.4","","412","Beauty & Personal Care","B09STZZ5RX","https://www.amazon.com/dp/B09STZZ5RX"
"","","254","False Eye Lashes Natural Look 10 Pairs 3D False Eyelashes Fluffy Natural Volume Eye Lashes 10 Styles Mixed Faux Mink Eyelashes Bulk Wispies Short Soft Reusable Eye Lash Transparent Band Eyelash Bulk(1 Pack 10 Styles)","SHIDISHANGPIN","$8.89","36","1","$320","08/16/2021","$5.26","95","4.3","$3.63","208564","Beauty & Personal Care","B099Z627YQ","https://www.amazon.com/dp/B099Z627YQ"
"","","255","Newcally False Eyelashes 20MM Dramatic Faux Mink Lashes Pack Wispy Long Fake Eyelashes Thick Volume Fluffy Strip Eye Lashes 12 Pairs Multipack","Newcally","$9.99","1180","39","$11788","01/06/2020","$6.27","2898","4.3","$3.72","15277","Beauty & Personal Care","B0831313RZ","https://www.amazon.com/dp/B0831313RZ"
"","","256","DAODER Eyelashes Short False Lashes Natural Look Thick Faux Mink Fake Eye Lashes Pack Full10mm Small Simple Lashes 20 Pairs 4 Styles Mixed for Women Natural Makeup","DAODER","$11.99","360","12","$4316","05/25/2021","$6.65","296","4.3","$5.34","33024","Beauty & Personal Care","B094XX87CQ","https://www.amazon.com/dp/B094XX87CQ"
"","","257","False Eyelashes Wispy Natural Look Manga Lashes 3D Faux Mink Little Devil Lashes Clusters Eyelashes 8 Pairs by Winifred","Winifred","$8.47","570","19","$4828","07/14/2022","","23","4.4","","26775","Beauty & Personal Care","B0B4V8TMXY","https://www.amazon.com/dp/B0B4V8TMXY"
"","","258","Ellazzle 20 Pairs Faux Mink Eyelashes Wholesale Lashes Pack Lashes Natural Look 16mm-20mm False Eyelashes Pink","Ellazzle","$17.99","180","6","$3238","01/21/2022","$11.75","35","4.7","$6.24","63440","Beauty & Personal Care","B09JGRNPWX","https://www.amazon.com/dp/B09JGRNPWX"
"","","259","Vayator 200pcs Cluster 10/12mm Mixed 12/14mm Mixed 14/16mm Mixed Mink Eyelashes Extension Natural Russian Volume Faux Eyelashes Individual 20D Cluster Lashes Makeup Tools (18-20mm Mixed)","Vayator","$12.00","210","5","$2520","09/19/2020","$7.28","177","4.3","$4.72","65192","Beauty & Personal Care","B09368J1N8","https://www.amazon.com/dp/B09368J1N8"
"","","260","Dedila 10Packs/box Beauty Natural Long 3D Faux Mink False Eyelashes Fluffy Cross Black Soft and Light Reusable Stripe Eyelashes Handmade Wholeasle (J205)","Dedila","$13.80","30","1","$414","02/12/2021","$8.19","2","4","$5.61","201465","Beauty & Personal Care","B08SBRS82T","https://www.amazon.com/dp/B08SBRS82T"
"","","261","Magnetic Eyeliner with Eyelashes Kit 3D and 8D Reusable Faux Mink False Lashes SiouKoai 2021 latest ultra-thin 10 magnet piecesSingle eyelashNatural Look Lightweight Wispy Waterproof Easy to Wear","Sioukoai","$9.99","19","0","$190","07/05/2021","$5.65","35","3.6","$4.34","327415","Beauty & Personal Care","B09736PJXB","https://www.amazon.com/dp/B09736PJXB"
"","","262","BPZZ False Eyelashes Russian Volume Strip Lashes D Curl 5 Styles Mixed Fake Eyelashes Faux Mink Lashes Wispy Fluffy Russian Lashes 3D Effect 13-18MM Cat eyes look like extension 10 Pairs Pack","BPZZ","$7.89","...","...","...","06/06/2022","$4.34","17","5","$3.55","27161","...","B09XXXZT1N","https://www.amazon.com/dp/B09XXXZT1N"
"","","263","GMAGICTOBO Natural Half Lashes Short False Eyelashes Wispy Lashes Pack Cat Eye 3D Faux Mink Lashes 7 Pairs Multipack","Gmagictobo","$8.29","2513","103","$20833","05/20/2022","$4.71","107","4","$3.58","5162","Beauty & Personal Care","B09ZL2P4ZN","https://www.amazon.com/dp/B09ZL2P4ZN"
"","","264","Cocohoney 3D Faux False Mink Eyelashes (5 pairs) - OFFICE LOOK | 100% Hand Made | Cruelty Free | Reusable | Ultralight | Durable","COCO-HONEY","$9.99","0","0","$0","09/28/2020","$5.65","34","3.8","$4.34","325455","Beauty & Personal Care","B08DJCB747","https://www.amazon.com/dp/B08DJCB747"
"","","265","Derun 20 Pairs 4 Styles Mixed False Lashes Packs 3D Faux Mink Lashes Wholesale Criss-cross Fluffy Wispy Natural Look Fake Eyelash 18MM Thick Volume Faux Eyelash Soft Reusable Lashes (20Pairs4Styles(3D001))","Derun","$12.48","...","...","...","04/25/2022","$7.69","69","4.3","$4.79","66276","...","B09W58MP2P","https://www.amazon.com/dp/B09W58MP2P"
"","","266","HBZGTLAD 2020 New 3 pairs natural false eyelashes fake lashes long makeup 3d mink lashes eyelash extension mink eyelashes for beauty (SD-21)","HBZGTLAD","$7.63","30","1","$229","02/13/2021","$4.1","176","4.1","$3.53","236935","Beauty & Personal Care","B08F2DYYR6","https://www.amazon.com/dp/B08F2DYYR6"
"","","267","Eylure PROMAGNETIC Magnetic Eyeliner and False Lashes Kit Faux Mink Dramatic 1 Pair Reusable Eyelashes No Glue Needed","Eylure","$14.24","10","1","$142","03/05/2021","$-0.64","11","3.6","$14.88","235311","Beauty & Personal Care","B08XXL54ZB","https://www.amazon.com/dp/B08XXL54ZB"
"","","268","5 Pairs 18mm 3D Long Mink Eyelash Pack Fluffy False Eyelashes Extension Handmade Reusable Natural Criss-cross Dramatic Lash With Eyelash Tweezers (5 Pairs 1 Style(037))","Derun","$17.99","262","8","$4713","12/26/2020","$11.75","205","4.4","$6.24","44421","Beauty & Personal Care","B08QD3FS2P","https://www.amazon.com/dp/B08QD3FS2P"
"","","269","Kisslily 5 Pairs 20mm 3D Long Mink Eyelash Pack Fluffy False Eyelashes Extension Multi Pack Handmade Reusable Criss-cross Dramatic Thick Lash PackIM188","Kisslily","$15.58","612","20","$9535","03/30/2021","$9.7","513","4.2","$5.88","22699","Beauty & Personal Care","B08Z745V8L","https://www.amazon.com/dp/B08Z745V8L"
"","","270","ALPHONSE Wispy Lashes Spiky Manga Eyelashes 5D Doll Cat Eye Faux Mink Lash Strip Natural Asian Japanese Fake Lashes 9 Pairs Pack","alphonse","$9.99","...","...","...","07/14/2022","$6.27","23","4.4","$3.72","6202","...","B0B4PMSL76","https://www.amazon.com/dp/B0B4PMSL76"
"","","271","Ruairie Faux Mink Lashes Pack Natural Lashes Bulk False Eyelashes Fluffy 3D Fake Eyelashes 5 Pairs","Ruairie","$6.99","150","5","$1049","03/22/2021","$3.51","285","3.9","$3.48","52152","Beauty & Personal Care","B08Y5J5VBT","https://www.amazon.com/dp/B08Y5J5VBT"
"","","272","Dual Magnetic Eyelashes Realistic Faux Mink eyelashes NO Glue or Eyeliner Needed - Soft 3D Reusable Faux Mink Lashes Extension with Tweezers Natural Look Eyelashes Set with 8 Pieces / 2 Pairs","UT Ubittek","$19.90","...","...","...","04/22/2022","$13.37","90","3","$6.53","61157","...","B09XSBMRD9","https://www.amazon.com/dp/B09XSBMRD9"
"","","273","EXTENIFY Russian Clear Band Lashes Natural Strip Cat Eye Lashes Knot-Free Lash Band False Eyelashes Fluffy Faux Mink Lashes Reusable Soft Eyelashes Natural Look 10 Pairs (Fluffy-01)","EXTENIFY","$12.99","...","...","...","07/06/2022","$8.12","8","4","$4.87","255627","...","B0B3MKHV8Z","https://www.amazon.com/dp/B0B3MKHV8Z"
"","","274","Dual Magnetic Eyelashes2 Pairs Realistic Faux Mink eyelashes NO Glue or Eyeliner Needed - Soft 3D Reusable Faux Mink Lashes Extension with Tweezers Natural Look Eyelashes Set with 8 Pieces / 2 Pairs","Neenoxtub","$16.90","...","...","...","06/15/2022","$10.83","14","3.5","$6.07","112398","...","B0B3FZG66V","https://www.amazon.com/dp/B0B3FZG66V"
"","","275","False Eyelashes Wispy Fuax Mink Lashes D Curl Fluffy Natural Lashes Human Silk Russian Strip Lashes Pack by Kiromiro","Kiromiro","$12.99","...","...","...","01/16/2022","$8.12","91","4.2","$4.87","44028","...","B09PMPZVWS","https://www.amazon.com/dp/B09PMPZVWS"
"","","276","Goddvenus False Lashes Pack 20MM Long Thick Faux Mink Eyelashes Fluffy 3D Volume Dramatic Strip Eye Lashes 2 Designs 12 Pairs Fake Eyelashes","Goddvenus","$8.69","48","1","$417","08/14/2021","$5.07","173","4.2","$3.62","185595","Beauty & Personal Care","B099Z8QBQZ","https://www.amazon.com/dp/B099Z8QBQZ"
"","","277","False Eyelashes with Clear Band 15mm Wispy Lashes Natural Look Faux Mink Lashes Cat Eye D Curl Fluffy Short Soft Fake Eyelashes 5 Pairs Pack","Pawotence","$8.19","180","5","$1474","02/14/2022","$4.61","91","3.9","$3.58","73013","Beauty & Personal Care","B09Q83MMHG","https://www.amazon.com/dp/B09Q83MMHG"
"","","278","Manami 3D False Eyelashes - 5 Pairs Reusable High Volume Faux Mink Eyelashes | Eyelashes with Glue | Eyelash Pack | Wispy Lashes | Faux Mink Lashes with Long Lasting Curl | Fluffy Lashes","n/","$8.99","20","0","$180","08/22/2020","$4.73","180","3.9","$4.26","298177","Beauty & Personal Care","B086R5DJ8M","https://www.amazon.com/dp/B086R5DJ8M"
"","","279","Wispy Mink Eyelashes Fluffy 18mm Natural Lashes Dramatic 5D Thick Faux Mink Eye Lashes Pack FANXITON 5 Pairs Strip Volume False Eyelashes Multipack","FANXITON","$8.59","186","6","$1598","10/27/2021","$4.98","130","4.4","$3.61","59718","Beauty & Personal Care","B09LRQL3P6","https://www.amazon.com/dp/B09LRQL3P6"
"","","280","12 Styles False Eyelashes Fluffy Volume Faux Mink Lashes Pack Boahankuke 3D Fake Eyelashes Natural Dramatic Wispy 18-20MM False Lashes Bulk","Boahankuke","$6.49","120","4","$779","07/07/2021","$3.05","162","4.4","$3.44","61244","Beauty & Personal Care","B0987FBPHV","https://www.amazon.com/dp/B0987FBPHV"
"","","281","Eyelash Extension Supplies D Curl 0.07 16mm Faux Mink Self Fan Lash Extensions Semi Permanent Volume Lashes Extension Supplies (0.07-D 16mm)","FADLASH","$9.87","6285","209","$62033","12/04/2017","$6.16","4317","4.4","$3.71","1845","Beauty & Personal Care","B07Y4Z4894","https://www.amazon.com/dp/B07Y4Z4894"
"","","282","3D False Eyelash FARRED Lashes Bulk 10 Pairs Mixed 10 Styles 12-18mm Small Faux Mink Lashes Wholesale Eyelashes Fluffy Natural Lash Pack Glitter Portable Boxes (10 Styles/10 Pairs)","FARRED","$8.99","...","...","...","07/08/2022","...","0","","","130749","...","B0B2R46ZYH","https://www.amazon.com/dp/B0B2R46ZYH"
"","","283","Himirell False Eyelashes Wispy Cat Eye Lashes Clear Band Natural Short Faux Mink Lashes Fake Eyelashes 5 Pairs Pack","Himirell","$6.99","90","3","$629","04/10/2022","$3.51","47","4.2","$3.48","93795","Beauty & Personal Care","B09R1SHC8S","https://www.amazon.com/dp/B09R1SHC8S"
"","","284","SY SHUYING 25mm Lashes 3D Faux Mink Lashes Fluffy Dramatic False Eyelashes 6D Wispy Long Handmade Fake Lashes Cruelty-Free & Reusable Thick Full Strip Eye Lashes Pack 4Pairs","SY SHUYING","$7.99","85","2","$679","12/20/2020","$3.81","596","4.4","$4.18","120176","Beauty & Personal Care","B08PKXFWFW","https://www.amazon.com/dp/B08PKXFWFW"
"","","285","Newcally Lashes False Eyelashes Natural 3D Faux Mink Lashes 10 Pairs 10 Styles Fluffy Wispy Fake Eyelashes Dramatic Handmade Reusable Lashes Pack with 10 Portable Eyelash Boxes","Newcally","$8.98","187","6","$1679","03/22/2021","$5.34","1510","4.6","$3.64","75433","Beauty & Personal Care","B08YD86H29","https://www.amazon.com/dp/B08YD86H29"
"","","286","Ardell Faux Mink Strip Lashes 817 Black","Ardell","$4.89","31","1","$152","03/30/2018","$1.58","83","4.5","$3.31","109344","Beauty & Personal Care","B076PPYNH7","https://www.amazon.com/dp/B076PPYNH7"
"","","287","3D Cat-Eye Lashes with Clear Band Natural Fluffy False Eyelashes Wispy 14mm Short Volume Faux Mink Strip Lashes 14 Pairs 2 Styles Mixed Pack by Heracks (VG99+A19)","Heracks","$9.99","...","...","...","07/31/2022","$6.27","7","5","$3.72","124661","...","B0B687SV9Q","https://www.amazon.com/dp/B0B687SV9Q"
"","","288","Lilly Lashes 3D Mykonos in Faux Mink | False Eyelashes | Dramatic Look and Feel | Reusable | Non-Magnetic | 100% Handmade Vegan | Silk Like Luxury Fibers","Lilly Lashes","$25.50","90","3","$2295","10/20/2021","$18.13","23","4.4","$7.37","122352","Beauty & Personal Care","B09HN5NWVZ","https://www.amazon.com/dp/B09HN5NWVZ"
"","","289","14 Pairs Russian Strip Lashes D Curl False Eyeashes Fluffy Natural Lashes Pack Strip Faux Mink Lashes Soft Thick 5D Fluffy False Eyelashes","YiSDeeh","$8.99","...","...","...","07/31/2022","$5.35","0","","$3.64","79020","...","B0B586MDRY","https://www.amazon.com/dp/B0B586MDRY"
"","","290","Mink Lashes Natural Look Wispy False Eyelashes Clear Band Cat Eye Fluffy Lash Zanlufly 3D Curled Volume Eyelash Faux Mink Fake Eye Lashes Light Soft 7 Pairs Eyelashes","zanlufly","$8.98","...","...","...","06/27/2022","...","3","5","","52419","...","B0B4BX932X","https://www.amazon.com/dp/B0B4BX932X"
"","","291","Fake Eyelashes 3D Natural Look Lashes Mink Faux Volume False Eyelashes Eye Lashes Sets Pack (3D/15)","Ahrikiss","$5.99","96","3","$575","05/20/2019","$2.59","241","4.4","$3.40","106796","Beauty & Personal Care","B07JKGGGB7","https://www.amazon.com/dp/B07JKGGGB7"
"","","292","HBZGTLAD 2021 New 25mm 3D Faux Mink Hair Cross False Eyelashes 5 Pairs Long Eye Lashes Handmade Thick Makeup Beauty Extension Tools (WX-01)","HBZGTLAD","$8.98","54","1","$485","01/08/2022","$5.34","42","3.6","$3.64","163530","Beauty & Personal Care","B09JYT526X","https://www.amazon.com/dp/B09JYT526X"
"","","293","Happy Heartbeat 5D Faux Mink Lashes - Handmade Luxurious Thick Volume Fluffy Natural Dramatic False Eyelashes 7 Pairs (MIX)","Happy Heartbeat","$8.99","0","0","$0","03/11/2021","$5.35","144","4.4","$3.64","368951","Beauty & Personal Care","B08GR1CV26","https://www.amazon.com/dp/B08GR1CV26"
"","","294","outopen Colored Lashes False Eyelashes with Color Fluffy D Curl Volume Curly Faux Mink Eyelashes 10 Pairs Cosplay Makeup Lashes","outopen","$9.99","270","9","$2697","06/29/2022","$6.27","1","5","$3.72","46248","Beauty & Personal Care","B0B2RGRRDS","https://www.amazon.com/dp/B0B2RGRRDS"
"","","295","Lilly Lashes Everyday Bare It All Faux Mink Lashes False Eyelashes Natural Look Faux Cat Eye Lashes Mink Fake Eyelashes To Be Worn With Eye Glasses Natural lashes 13 mm Reusable Up to 20 Times","Lilly Lashes","$24.00","330","11","$7920","05/01/2022","","37","4.4","","39540","Beauty & Personal Care","B09W323RHB","https://www.amazon.com/dp/B09W323RHB"
"","","296","FLuffy Lashes Natural Look False Eyelashes Wispy Mink Lashes Eyelashes 19mm Light Volume Faux Mink Lashes Messy Crossed Lashes Pack 5 Pairs Multipack by Eefofnn","Eefofnn","$4.99","...","...","...","06/19/2022","$1.67","20","3.8","$3.32","62646","...","B0B2NPZBKQ","https://www.amazon.com/dp/B0B2NPZBKQ"
"","","297","HBZGTLAD 20 Pairs 25 mm 3d Mink Lashes Bulk Faux with Custom Box Wispy Natural Mink Lashes Pack Short Wholesales Natural False Eyelashes (F20-1)","HBZGTLAD","$12.50","30","1","$375","11/04/2021","","68","3.8","","202248","Beauty & Personal Care","B09FPQM2MH","https://www.amazon.com/dp/B09FPQM2MH"
"","","298","Ardell 3D Faux Mink Lashes 863 1 pair","Ardell","$6.49","0","0","$0","01/30/2022","$3.05","6","4.3","$3.44","307378","Beauty & Personal Care","B09C9NGZSS","https://www.amazon.com/dp/B09C9NGZSS"
"","","299","outopen 5 Pairs Colored Lashes 3D Faux Mink Gradient Color Eyelashes 15-20MM Long Dramatic colorful False Eyelashes","outopen","$7.21","...","...","...","07/26/2020","$3.71","934","4.3","$3.50","17422","...","B0B1CWL2W1","https://www.amazon.com/dp/B0B1CWL2W1"
"","","300","Glamnetic Magnetic Eyelashes - Bella | Medium Magnetic Lashes 60 Wears Reusable Faux Mink Lashes Wispy Flared - 1 Pair","Glamnetic","$29.99","4041","134","$121190","10/25/2020","...","3464","3.8","","4060","Beauty & Personal Care","B091Y1ZSQL","https://www.amazon.com/dp/B091Y1ZSQL"
"","","301","NiArt Faux Mink Eyelashes Multipack 20 Pairs 5 Styles Reusable Natural Look Fake Eyelashes Dramatic 3D False Lashes Value Pack Soft Lightweight Comfortable Fluffy Natural-Looking Cruelty-Free","NiArt","$8.99","30","1","$270","04/14/2022","$5.35","1","5","$3.64","179643","Beauty & Personal Care","B09TS4NVXY","https://www.amazon.com/dp/B09TS4NVXY"
"","","302","Lash Clusters Extensions 40 Roots Individual Lash Clusters 0.07 D Curl 12mm Thickness DIY Eyelash Extensions Natural Look Reusable Faux Mink Lash Clusters(40D-0.07-D-12mm)","GEMERRY","$6.89","1230","41","$8475","04/14/2022","","2025","4.3","","13708","Beauty & Personal Care","B09W2965XL","https://www.amazon.com/dp/B09W2965XL"
"","","303","ALPHONSE Colored Lashes Russian Strip False Lashes with Color D Curl Fluffy Volume Curly Faux Mink Lash Pack 10 Pairs","alphonse","$13.19","...","...","...","04/14/2022","$8.29","104","4.3","$4.90","8704","...","B09WZTW7K7","https://www.amazon.com/dp/B09WZTW7K7"
"","","304","3D False Eyelashes - Natural Full Eyelash for Women Reusable Long Thick Natural Volume Faux Mink Lashes 16 Pair(5D02/ 2 Styles)","FANDIQ","$4.99","90","3","$449","12/14/2021","","22","4.7","","88731","Beauty & Personal Care","B09HC2R1WM","https://www.amazon.com/dp/B09HC2R1WM"
"","","305","Wleec Beauty 3D Faux Mink Dramatic False Lashes - Handmade Reusable Lightweight - Long Thick Eyelashes Pack Set 3D/F18 (15 Pairs/3 Pack)","Wleec Beauty","$14.98","1053","35","$15774","07/29/2017","$9.19","3559","4.4","$5.79","16146","Beauty & Personal Care","B07M616914","https://www.amazon.com/dp/B07M616914"