"Export time: 8/6/2022, 7:36:41 PM","","#","Product Name","Brand","Price","Mo. Sales","D. Sales","Mo. Revenue","Date First Available","Net","Rating Number","Rating","Fees","Rank","Category","ASIN","Link"
"Search Term: makeup applicators","","1","Eyeshadow Applicators MORGLES 50pcs Eyeshadow Applicator Double Sided Eye Makeup Applicators Short Sponge Eyeshadow Applicator for Women Girls (Black)","MORGLES","$5.99","4641","154","$27800","08/25/2019","$2.59","5921","4.5","$3.40","2548","Beauty & Personal Care","B07T481RY9","https://www.amazon.com/dp/B07T481RY9"
"Average Sales: 1,106","","2","Cuttte 120PCS Disposable Dual Sides Eye Shadow Sponge Applicators with Container 4 Colors Eyeshadow Brushes Makeup Applicator","Cuttte","$6.29","1579","52","$9932","01/07/2019","$2.25","6009","4.6","$4.04","10504","Beauty & Personal Care","B07L6FQQVS","https://www.amazon.com/dp/B07L6FQQVS"
"Average Sales Rank: 101,936","","3","Artist's Choice Makeup Sponge Mini Applicator Wedges For Foundation Blush Eye Shadow Crisp Edges for Control Effortless Blending and Smoothing Sanitary Single-Use Option Latex Free Pack of 100","Artist's Choice","$9.99","918","30","$9171","02/10/2013","$5.42","4999","4.6","$4.57","1469","Beauty & Personal Care","B00FBRNONW","https://www.amazon.com/dp/B00FBRNONW"
"Average Price: $8.70","","4","500PCS Lip Wands Applicators Disposable - Vaincre Lip Brush Lipstick Brush Lip Gloss Applicator Wands Makeup Applicator Beauty Tool Kits Black","Vaincre","$8.99","...","...","...","06/18/2022","$4.5","29","4.7","$4.49","6393","...","B0B1Q9KY95","https://www.amazon.com/dp/B0B1Q9KY95"
"Average Rating Number: 1,777","","5","200 Disposable Lip Brushes Make Up Brush Lipstick Lip Gloss Wands Applicator Tool Makeup Beauty Tool Kits","GoWorth","$6.99","5754","191","$40220","02/17/2017","$3.51","9478","4.8","$3.48","2669","Beauty & Personal Care","B01NAV6TFT","https://www.amazon.com/dp/B01NAV6TFT"
"","","6","Cuttte 120PCS Disposable Dual Sides Eye Shadow Sponge Applicators with Container 2.44' Length Eyeshadow Brushes Makeup Applicator","Cuttte","$6.59","1894","63","$12481","04/29/2019","$2.52","2624","4.6","$4.07","7355","Beauty & Personal Care","B07NY6QCFL","https://www.amazon.com/dp/B07NY6QCFL"
"","","7","Fran Wilson EYE TEES COTTON TIPS 80 Count (3 PACK) - Precision Makeup Applicator Double-sided Swabs with Pointed and Rounded Ends for Perfect Blending Effective Cleaning and Precise Touch-ups","Fran Wilson","$11.10","108","3","$1199","10/19/2013","$5.67","850","4.8","$5.43","21950","Beauty & Personal Care","B00BSE3IJW","https://www.amazon.com/dp/B00BSE3IJW"
"","","8","263 Pieces Makeup Applicators Tools Kit Include 50 Disposable Eyeliner Brushes 112 Mascara Wands Eyelash Brush 100 Lipstick Applicators Lip Wands with Plastic Organizer Box","Maitys","$13.40","548","18","$7343","01/17/2021","$7.62","680","4.8","$5.78","34362","Beauty & Personal Care","B08RB3C7HV","https://www.amazon.com/dp/B08RB3C7HV"
"","","9","Disposable Makeup Applicators Kit Shynek Makeup Mixing Palette with Spatula and Disposable Makeup Brushes Tools Mascara Wands Lip Goss Applicators Makeup Hair Clips with Organizer Box","shynek","$14.99","1058","35","$15859","10/09/2020","$8.22","565","4.8","$6.77","14993","Beauty & Personal Care","B095JQZZ7Q","https://www.amazon.com/dp/B095JQZZ7Q"
"","","10","ZYIGYI 200 PCS Disposable Eyeshadow Brushes Sponge Makeup Applicators Dual Sides","ZYIGYI","$5.79","186","6","$1077","11/02/2021","$1.79","152","4.5","$4.00","47852","Beauty & Personal Care","B09FY9KX1Y","https://www.amazon.com/dp/B09FY9KX1Y"
"","","11","10 Pieces Powder Puff for Face Powder Sponge Makeup Puffs for Powder Velour Puff for Loose Powder Pure Cotton Powder Applicator with Ribbon for Foundation","AMMON","$5.49","...","...","...","07/11/2022","$1.51","4","5","$3.98","37805","...","B0B2P6DK6C","https://www.amazon.com/dp/B0B2P6DK6C"
"","","12","150 Eye Shadow Applicator Disposable Foam Makeup Brush Sponge Tipped Oval Eyeshadow Applicators Dual Sides with A Box","Tbestmax","$7.99","231","7","$1846","10/21/2019","$3.81","502","4.5","$4.18","43541","Beauty & Personal Care","B07T5XBDQQ","https://www.amazon.com/dp/B07T5XBDQQ"
"","","13","48 Pieces Makeup Sponge Blender For Face Curve Blending Teenitor Latex Free Small Wedge Shaped Smooth Apply Beauty Sponge Applicator For Liquid Cream Foundation Halloween Costume Festival Makeup","Teenitor","$8.99","1234","41","$11094","09/01/2019","$4.73","1138","4.3","$4.26","14995","Beauty & Personal Care","B07THCH5JV","https://www.amazon.com/dp/B07THCH5JV"
"","","14","25 Pcs Women's Round Soft Makeup Beauty Eye Face Foundation Blender Facial Smooth Powder Puff Cosmetics Blush Applicators Sponges Use for Dry and Wet","Kukiwhy","$6.99","1238","41","$8654","01/05/2020","$3.51","877","4.4","$3.48","12597","Beauty & Personal Care","B07XMJ29LY","https://www.amazon.com/dp/B07XMJ29LY"
"","","15","BEAKEY 12 Pcs Round Makeup Sponges with Air Cushion Powder Puff Latex-free Blending Sponge and Makeup Puff for Liquid Foundation Cream Powder Concealer (6 Sponges+6 Puffs)","BEAKEY","$7.99","2252","75","$17993","10/24/2018","$3.81","2089","4.3","$4.18","8153","Beauty & Personal Care","B07G4S2YDP","https://www.amazon.com/dp/B07G4S2YDP"
"","","16","Swisspers Premium Cosmetic Applicators - 80 ct - 2 pk","Swisspers","$8.09","61","2","$493","10/05/2016","$3.9","698","4.8","$4.19","26136","Beauty & Personal Care","B00JQ8ZQYM","https://www.amazon.com/dp/B00JQ8ZQYM"
"","","17","Makeup Mixing Palette with Spatula and 250PCS Disposable Makeup Applicators Tools Kit (Disposable Mascara Wands Lipstick Applicators Eyeliner Brushes)","shynek","$11.99","728","24","$8729","02/23/2020","$6.42","2240","4.8","$5.57","24154","Beauty & Personal Care","B07Z96RBKZ","https://www.amazon.com/dp/B07Z96RBKZ"
"","","18","InnoGear Makeup Sponge 10 Pcs Makeup Sponges Blender Set Beauty Cosmetic Foundation Blending Applicator Puff Flawless for Liquid Cream Powder (Multi colored)","InnoGear","$9.99","3548","118","$35445","10/23/2019","$5.65","10708","4.6","$4.34","6341","Beauty & Personal Care","B07VVNVQY2","https://www.amazon.com/dp/B07VVNVQY2"
"","","19","Makeup Brushes Set for Women ProfessionalUorPoto 10Pcs Sponge Eyeshadow Brush Sets Applicator Double Sided reusable","UorPoto","$6.99","1267","42","$8856","11/12/2021","$3.51","373","4.5","$3.48","11968","Beauty & Personal Care","B09GW5FM7T","https://www.amazon.com/dp/B09GW5FM7T"
"","","20","WINhouse 50pcs Disposable Double-sided Eye Shadow Brush Applicator Double-headed Oval Sponge Makeup Brush tool Double-color Eye Applicator","WINhouse","$4.99","326","10","$1627","04/16/2021","$1.05","128","4.4","$3.94","36802","Beauty & Personal Care","B08Y5MVMF5","https://www.amazon.com/dp/B08Y5MVMF5"
"","","21","270 PCS Disposable Makeup Applicators Tools Kit 70 Disposable Eyeliner Brushes 100 Mascara Wands Eyelash Brush 100 Lipstick Applicators with Organizer Box","BESARME","$9.99","...","...","...","07/22/2022","$4.05","1","5","$5.94","49755","...","B0B4DPK1TM","https://www.amazon.com/dp/B0B4DPK1TM"
"","","22","BEAKEY 5 Pcs Makeup Sponge Set Foundation Blending Beauty Sponge Flawless for Liquid Cream and Powder Multi-colored Makeup Sponges","BEAKEY","$9.99","24319","810","$242947","09/18/2018","$5.65","79554","4.7","$4.34","162","Beauty & Personal Care","B01F36JEXE","https://www.amazon.com/dp/B01F36JEXE"
"","","23","2pcs Eyeliner Stencils Wing Tips Reusable Eyebrow Pencil Stencil Eyeshadow Applicators Eye Makeup Tool Kit Quick Makeup Stencil Lipstick Wearing Aid Eyeliner Molds Eyeliner Stencil Pads","DogieLyn","$11.99","55","1","$659","05/21/2022","$7.27","6","3","$4.72","149548","Beauty & Personal Care","B0B1Z44BSF","https://www.amazon.com/dp/B0B1Z44BSF"
"","","24","Disposable Mascara Wands Makeup Applicators - Mascara Brushes Lipstick Applicators Eyeliner Brushes BTArtbox 300PCS Makeup Applicators Brushes Tools Kit","BTArtbox","$9.97","408","13","$4068","12/29/2017","$5.4","2768","4.8","$4.57","37197","Beauty & Personal Care","B076TTS1MR","https://www.amazon.com/dp/B076TTS1MR"
"","","25","300PCS Disposable Makeup Applicators Tools Kit Include 100 Disposable Lip Brushes Lip Wands 100 Mascara Brushes Wands Applicator 50 Eyeliner Brushes 50 Eyeshadow Brushes for Eyes and Lips Makeup","LIONVISON","$12.99","113","3","$1468","11/06/2021","$7.5","50","4.7","$5.49","61378","Beauty & Personal Care","B09CLWJQX7","https://www.amazon.com/dp/B09CLWJQX7"
"","","26","600 Pcs Disposable Lip wands Lint Free Applicators Teenitor Lipstick Testers Applicators for Makeup Lip Brushes Wands Makeup Beauty Tool","Teenitor","$16.99","236","7","$4010","10/26/2019","$9.92","177","4.7","$7.07","54726","Beauty & Personal Care","B07XNN24WT","https://www.amazon.com/dp/B07XNN24WT"
"","","27","Erinde Mascara Eyelash Shield Applicator Guard Tool 3 in 1 Eyelash Eyeshadow Eyeliner Auxiliary Guard Tool Pads Silicone Reusable Eyelash Guide Prevents Smudged Eye Makeup Suitable for Beginners","Erinde","$5.99","...","...","...","06/05/2022","$2.59","14","3.6","$3.40","55345","...","B09ZV699D9","https://www.amazon.com/dp/B09ZV699D9"
"","","28","JASSINS 50 Pack Eyeshadow Applicators Disposable Eyeshadow Sponge Brush Double-Sided Eye Makeup Sponge Applicators","JASSINS","$3.99","1376","45","$5490","07/06/2019","$0.13","720","4.6","$3.86","11651","Beauty & Personal Care","B089CS8RWR","https://www.amazon.com/dp/B089CS8RWR"
"","","29","Bearals Disposable Makeup Applicators Disposable Makeup Wands Mascara Wands Eyeliner Brushes Lipstick Applicators Eyeshadow Brushes 200 Pcs Makeup Tool Kits","B BEARALS","$10.99","109","3","$1198","07/06/2019","$5.57","505","4.7","$5.42","93569","Beauty & Personal Care","B07Q4SB57R","https://www.amazon.com/dp/B07Q4SB57R"
"","","30","Amariver 200 Pack Disposable Eyeshadow Brush Sponge Tipped Oval Makeup Tool Dual Sides Eyeshadow Brush Comestic Applicator for Girls Lady Women Daily Beauty(Black)","Amariver","$9.49","187","6","$1775","05/14/2018","$5.19","924","4.7","$4.30","71905","Beauty & Personal Care","B07BW38ZMM","https://www.amazon.com/dp/B07BW38ZMM"
"","","31","Yoseng Oval Foundation Brush Large Toothbrush makeup brushes Fast Flawless Application Liquid Cream Powder Foundation","Yoseng","$6.98","847","28","$5912","05/18/2016","$2.88","4976","4.5","$4.10","3014","Beauty & Personal Care","B01F5KUBCG","https://www.amazon.com/dp/B01F5KUBCG"
"","","32","ForPro Beauty Wedges Latex Free Foam Sponges Makeup Blenders for Powder and Liquid Makeup 100-Count","ForPro Professional Collection","$11.99","443","14","$5312","12/13/2003","$6.65","505","4.7","$5.34","3555","Beauty & Personal Care","B00011JTI2","https://www.amazon.com/dp/B00011JTI2"
"","","33","310 Pcs Disposable Makeup Applicators Tools KitMakeup Brushes Tools SetInclude Eyeliner BrushesMascara WandsLip Goss ApplicatorsMakeup Mixing Palette with Spatula and Makeup Hair Clips","Muiyaneq","$12.79","...","...","...","04/18/2022","$7.1","16","4.7","$5.69","82214","...","B09V4XZ5LN","https://www.amazon.com/dp/B09V4XZ5LN"
"","","34","50Pcs/Set Lip Brushes Disposable Lip Brush Lip Gloss Makeup Brush Lipstick Gloss Wands Applicator Cosmetic Tool KitsBlack","asika","$5.99","130","4","$779","06/17/2021","$1.97","95","4","$4.02","82071","Beauty & Personal Care","B09698G3H2","https://www.amazon.com/dp/B09698G3H2"
"","","35","Eyeshadow ApplicatorsMORGLES 200PCS Disposable Dual Sides Eye Shadow Sponge Applicators Disposable Eyeshadow Applicator Brushes Tipped Oval Makeup Tool-Multicolor","MORGLES","$8.99","480","16","$4315","07/22/2019","$4.73","700","4.7","$4.26","26023","Beauty & Personal Care","B07T6DJSBK","https://www.amazon.com/dp/B07T6DJSBK"
"","","36","BinaryABC Foundation Sponge Powder BrushMakeup Puff Makeup Brush Sponge Applicator Concealer Brush3Pcs (Pink)","BinaryABC","$9.56","...","...","...","05/03/2022","$5.88","10","4.9","$3.68","28466","...","B09XF3JJ7L","https://www.amazon.com/dp/B09XF3JJ7L"
"","","37","NYX PROFESSIONAL MAKEUP Plump Right Back Silicone Applicator Sponge for Face Primer","NYX PROFESSIONAL MAKEUP","$8.97","...","...","...","12/25/2021","...","703","4.4","","163281","...","B09JRWZ46X","https://www.amazon.com/dp/B09JRWZ46X"
"","","38","CHEFBEE 80pcs Eyeshadow Applicators with Container Disposable Dual Sides Eyeshadow Brushes Eyeshadow Sponge Applicator Makeup Applicators(Black)","CHEFBEE","$4.99","656","21","$3273","12/21/2020","$1.05","1439","4.6","$3.94","23559","Beauty & Personal Care","B08PFMHW7J","https://www.amazon.com/dp/B08PFMHW7J"
"","","39","COVERGIRL Makeup Masters Powder Puffs 3 ct White","COVERGIRL","$2.94","665","22","$1955","08/05/2012","$-0.28","3298","4.5","$3.22","2173","Beauty & Personal Care","B002NXW7US","https://www.amazon.com/dp/B002NXW7US"
"","","40","UorPoto Eyeshadow Applicators Sponge Double Sided Reusable 5Pcs Professional Blendable Organic Foam Tip Makeup Eye Shadow Applicator Brush Set Washable","UorPoto","$4.99","...","...","...","06/08/2022","$1.67","12","4.1","$3.32","44930","...","B09ZQTFQY6","https://www.amazon.com/dp/B09ZQTFQY6"
"","","41","Silicone Makeup Sponge Clear Applicator & Blender Cosmetic Puff BB Pad for all Liquid Foundation or Cream Cosmetic Beauty Tools Blender 3 Pcs","EVERMARKET","$4.81","337","11","$1621","10/24/2019","$1.51","471","3.8","$3.30","26656","Beauty & Personal Care","B07WWMYCS7","https://www.amazon.com/dp/B07WWMYCS7"
"","","42","50 Packs Double Head Eyeshadow Brushes Double-End Eyeshadow Brushes Dual Sides Eyeshadow Sponge Makeup Applicators","Jolbndcv","$7.99","100","3","$799","03/06/2020","$4.43","181","4.5","$3.56","78940","Beauty & Personal Care","B081RLCTZW","https://www.amazon.com/dp/B081RLCTZW"
"","","43","100PCS Disposable Eyeliner Makeup Brushes Applicator Cosmetic Eye Wands (Black)","G2PLUS","$6.99","74","2","$517","10/03/2014","$3.51","978","4.6","$3.48","23448","Beauty & Personal Care","B00NBT0J26","https://www.amazon.com/dp/B00NBT0J26"
"","","44","8 PCS Pure Cotton Powder Puff Face Triangle Sponge Ultra Soft Makeup Puffs Reusable Washable Face Powder Sponges Puff Cosmetic Foundation Sponge With Strap For Loose Pressed Body Powder Under Eye","Waybas","$6.99","347","11","$2426","05/30/2021","$2.89","137","4.8","$4.10","28293","Beauty & Personal Care","B0948W5WSW","https://www.amazon.com/dp/B0948W5WSW"
"","","45","RUITASA 25Pcs Makeup Sponge Cosmetic Puff Use for Dry and Wet Cosmetics Blush Applicators Round Sponges Foundation","RUITASA","$6.99","133","4","$930","05/15/2021","$2.89","63","4.3","$4.10","89406","Beauty & Personal Care","B092LQ6YGH","https://www.amazon.com/dp/B092LQ6YGH"
"","","46","Akstore 200PCS Disposable Dual Sides Eye Shadow Sponge Applicator Eyeshadow Brushes Makeup Brush (Multicolors)","Akstore","$5.98","291","9","$1740","05/30/2019","$1.96","870","4.6","$4.02","41201","Beauty & Personal Care","B07PBB8Y5B","https://www.amazon.com/dp/B07PBB8Y5B"
"","","47","TygoMall Professional Double Head Eyeshadow Brushes Cosmetic Tool 50 Pcs Disposable Dual Sides Eyeshadow Sponge Brushes Makeup Applicator (Size: 2.44 inch Color: Black)","TygoMall","$7.99","184","6","$1470","12/21/2017","$3.81","171","4.5","$4.18","62829","Beauty & Personal Care","B0768RHWGT","https://www.amazon.com/dp/B0768RHWGT"
"","","48","Tbestmax 200 Disposable Mascara Wand Spoolies and Lip Brushes Lipstick Lipgloss Applicator for Eyebrow Eyelash Extension Makeup Kits","Tbestmax","$5.99","1070","35","$6409","05/25/2020","$2.59","1948","4.8","$3.40","18509","Beauty & Personal Care","B0819HK8VN","https://www.amazon.com/dp/B0819HK8VN"
"","","49","Foonbe Makeup Sponge for Foundation Blender Beauty Soft Face Sponge Beauty Sponges for Powder Liquid Cream Application 3 Pcs Green","Foonbe","$5.59","...","...","...","04/08/2021","$1.6","4970","4.7","$3.99","2213","...","B09SZ9F5BX","https://www.amazon.com/dp/B09SZ9F5BX"
"","","50","600PCS Disposable Makeup Applicators Brushes Tools Kit -200pcs Lip Applicators200pcs Mascara Wands200pcs Eyeliner Brushes (BLUE YELLOW)","N\A","$11.86","39","1","$463","01/01/2021","$5.56","84","4.5","$6.30","139366","Beauty & Personal Care","B096BJFX4D","https://www.amazon.com/dp/B096BJFX4D"
"","","51","SHANY 'Woke Up Like This' Makeup Kit - Eye Shadows Blushes Mascara and Applicators","SHANY","$16.00","156","5","$2496","12/14/2015","$9.83","2610","4.4","$6.17","66181","Beauty & Personal Care","B017WQWEDU","https://www.amazon.com/dp/B017WQWEDU"
"","","52","Vodisa Metal Eyelash Comb Curler 2 Pcs Mascara Separator Set Lash Extensions Applicator Professional Beauty Makeup Tool for Eyelashes","Vodisa","$9.09","0","0","$0","06/06/2020","$5.44","117","4.1","$3.65","277989","Beauty & Personal Care","B089NV14F8","https://www.amazon.com/dp/B089NV14F8"
"","","53","AOA Studio Collection Makeup Sponge Set Makeup Blender Latex Free and High-definition Set of 6 Makeup Blender For Powder Cream and Liquid Super Soft Wonder Blender Beauty Cosmetic","AOA STUDIO","$9.95","13848","461","$137788","12/17/2020","$5.61","4563","4.7","$4.34","483","Beauty & Personal Care","B08GSTPT8Y","https://www.amazon.com/dp/B08GSTPT8Y"
"","","54","Kirecoo 200PCS Lip Applicators Disposable - Glitter Crystal Lip Wands Lip Brush Lip Gloss Wands Lipstick Applicator Wands Makeup Applicator Beauty Tool Kits (Black+Pink)","Kirecoo","$5.99","...","...","...","06/19/2022","$2.59","22","4.8","$3.40","20261","...","B0B1MMLRD1","https://www.amazon.com/dp/B0B1MMLRD1"
"","","55","Thick Cotton Swabs with Precision and Flattened Tip 375pcs Pointed&Flattened Tip Cosmetic Applicators XL Size","Quanzhou Chenchenchen E-Commerce Co.Ltd","$11.99","3260","108","$39087","01/06/2021","$6.42","3045","4.6","$5.57","3927","Beauty & Personal Care","B07NWC9M8Z","https://www.amazon.com/dp/B07NWC9M8Z"
"","","56","All Pure Cosmetic Applicators - 80 ct - Dual Tipped One Pointed Tip & One Flattened tip","All Pure","$3.91","162","5","$633","09/13/2021","$0.68","44","4.7","$3.23","68674","Beauty & Personal Care","B093G1SZ6H","https://www.amazon.com/dp/B093G1SZ6H"
"","","57","400PCS Disposable Lip Brushes Lip Gloss Applicators Make Up Brush Lipstick Lip Gloss Wands Makeup Applicators Brushes Applicator Tool Makeup Beauty Tool Kits Disposable Lip Brushes Tool Kits Black","Mooerca","$8.49","665","22","$5646","07/09/2020","$4.04","716","4.7","$4.45","15032","Beauty & Personal Care","B088CXX3TL","https://www.amazon.com/dp/B088CXX3TL"
"","","58","2 Pack Silicone Makeup Sponge [Washable] Premium Quality - Gel Foundation Makeup and Puff BB - Best Silisponge Cosmetic Beauty Tools Blender [Clear]","Nylea","$5.99","385","12","$2306","02/20/2017","$2.59","3390","3.8","$3.40","39207","Beauty & Personal Care","B01N4P37JT","https://www.amazon.com/dp/B01N4P37JT"
"","","59","283 Pieces Makeup tools with storage box Makeup Applicators Tool Kit Includes Plastic Organizer Box Hair Clips Eyeliner Brushes Mascara Wands and Lipstick Applicators Lip Wands (283A)","Rolybag","$13.99","845","28","$11822","05/07/2021","$8.12","460","4.8","$5.87","21649","Beauty & Personal Care","B0936YVCBS","https://www.amazon.com/dp/B0936YVCBS"
"","","60","COVERGIRL Makeup Masters Eye Shadow Applicators 3 Count (packaging may vary)","COVERGIRL","$2.94","50","1","$147","04/07/2015","$-0.28","210","4.6","$3.22","31274","Beauty & Personal Care","B00VTU1DYC","https://www.amazon.com/dp/B00VTU1DYC"
"","","61","300pcs Disposable Lip Brushes Make Up Brush Lip Gloss Applicators Lipstick Wands Tool Kits Lip gloss Applicators Tester Wands (black) (300)","Obinhere","$6.99","1751","58","$12239","07/01/2020","$3.36","908","4.8","$3.63","7952","Beauty & Personal Care","B08C796QBM","https://www.amazon.com/dp/B08C796QBM"
"","","62","AUEAR 50 Pack Disposable Eyeshadow Brushes Eye Shadow Applicators Sponge Oval Tipped Dual Sides Brush Makeup Tool Black","AUEAR","$8.79","84","2","$738","09/28/2021","$5.17","19","4.5","$3.62","99019","Beauty & Personal Care","B097Z5NJCK","https://www.amazon.com/dp/B097Z5NJCK"
"","","63","263 Pieces Makeup Applicators Tools Kit Includes 50 Disposable Eyeliner Brushes 100 Lipstick Applicators Lip Wands 112 Mascara Wands Eyelash Brush with Plastic Organizer Box","Maitys","$12.99","133","4","$1728","04/23/2021","$7.27","101","4.7","$5.72","122442","Beauty & Personal Care","B091TSLHYL","https://www.amazon.com/dp/B091TSLHYL"
"","","64","Mooerca 640PCS Disposable Lip Brushes Make Up Brush Lipstick Applicators Wands Makeup Applicators Brushes Lip gloss Applicators Tester Wands Tool Kits Makeup Beauty Tool Kits Black","Mooerca","$14.49","962","32","$13939","08/13/2019","$8.55","772","4.7","$5.94","16774","Beauty & Personal Care","B07V5L5K2J","https://www.amazon.com/dp/B07V5L5K2J"
"","","65","Charm Arbre Makeup Blender Sponge SetCosmetics toolMulti-functional Beauty Blender for Powder Liquid and Cream Blending Applicators for FoundationsLight Red and Beige 4Pcs Set.","Charm Arbre","$7.99","148","4","$1183","01/11/2021","$3.81","586","4.6","$4.18","144889","Beauty & Personal Care","B08QGLTBVS","https://www.amazon.com/dp/B08QGLTBVS"
"","","66","Dual-Tipped Foam Eyeshadow Applicators Disposable Makeup Applicator Sticks with 2 Storage Cases 2 Colors (240 Pieces)","Glamlily","$11.99","47","1","$564","01/28/2022","$6.42","33","4.7","$5.57","210485","Beauty & Personal Care","B099Z7QG3L","https://www.amazon.com/dp/B099Z7QG3L"
"","","67","200 Pieces Glitter Crystal Lip Brush Disposable Lip Brushes Lipstick Gloss Wands Applicator Make Up Applicators Perfect Makeup Tool Eyelash Extensions Beauty Cosmetic Kits (Multi-colored)","yuntop","$5.99","...","...","...","06/22/2022","$2.44","0","","$3.55","93810","...","B0B3HZZYKZ","https://www.amazon.com/dp/B0B3HZZYKZ"
"","","68","Pimoys Lip Brushes 200Pcs/Set Disposable Lip Brushes Make Up Brush Lipstick Lip Gloss Wands Applicator Tool Makeup Beauty Tool Kits","Pimoys","$4.99","585","19","$2919","01/24/2021","$1.05","610","4.8","$3.94","20242","Beauty & Personal Care","B08SHY1RZD","https://www.amazon.com/dp/B08SHY1RZD"
"","","69","Mystic Orchard 100PCS Disposable Dual Sides Eye Shadow Sponge Applicators with Container 3 inch Length Eyeshadow Brushes Makeup Applicator","Mystic Orchard","$7.59","228","7","$1731","05/11/2021","...","85","4.5","","41322","Beauty & Personal Care","B094G47T6G","https://www.amazon.com/dp/B094G47T6G"
"","","70","Fran Wilson EYE TEES COTTON TIPS 80 Count (2 PACK) - Precision Makeup Applicator Double-sided Swabs with Pointed and Rounded Ends for Perfect Blending Effective Cleaning and Precise Touch-ups","Fran Wilson","$9.00","80","2","$720","01/31/2015","$4.74","793","4.7","$4.26","22323","Beauty & Personal Care","B00M24IYF0","https://www.amazon.com/dp/B00M24IYF0"
"","","71","Cuttte 60PCS Disposable Dual Sides Eye Shadow Sponge Applicators 3 Colors Eyeshadow Brushes Makeup Applicator (Pink Purple Blue)","Cuttte","$4.29","163","5","$699","06/26/2020","$0.41","875","4.5","$3.88","63836","Beauty & Personal Care","B0863VVXPN","https://www.amazon.com/dp/B0863VVXPN"
"","","72","Ponpon 100Pcs Eyeshadow Applicators Dual Sides Eye Sponge Applicators Disposable Eyeshadow Brush for Girls Lady Women Makeup","Ponpon","$7.99","259","8","$2069","07/13/2021","$3.81","242","4.5","$4.18","59383","Beauty & Personal Care","B096XHFBZ1","https://www.amazon.com/dp/B096XHFBZ1"
"","","73","JIULORY 302PCS Disposable Makeup ApplicatorsMascara Wands & Lipstick Applicators & Disposable Eyeliner Applicators & No bend Random Color Hair Clips for WomenMakeup Applicators Tool Kits","Jiulory","$12.99","54","1","$701","07/02/2018","$7.27","726","4.8","$5.72","189940","Beauty & Personal Care","B07BP7YQG9","https://www.amazon.com/dp/B07BP7YQG9"
"","","74","Molain Round Sponge Puff Set 12 Pieces 2.2 Inch White Facial Powder Blender Puffs Foam Sponges Applicator For Liquid Foundation Makeup Cosmetic Facial Cleanser","Molain","$5.69","203","6","$1155","03/25/2022","$2.31","106","4.3","$3.38","64852","Beauty & Personal Care","B09V1BZBQ7","https://www.amazon.com/dp/B09V1BZBQ7"
"","","75","12 Pieces Professional Makeup Sponge SetLatex Free Flawless Soft Setting Face PuffsMulticolor Beauty Blender Cosmetic Applicator for PowderLiquidFacial Makeup Tools","Scartink","$8.59","...","...","...","05/08/2022","$4.36","41","4.4","$4.23","17119","...","B09VKP2T7Z","https://www.amazon.com/dp/B09VKP2T7Z"
"","","76","Foundation Makeup Brush Flat Top Kabuki Hexagon Face Blush Liquid Powder Foundation Brush for Blending Liquid Cream or Flawless Powder Cosmetics with Bonus Protective Case (Black)","Daubigny","$9.99","17669","588","$176513","03/28/2019","$5.65","26944","4.5","$4.34","459","Beauty & Personal Care","B07LBNV469","https://www.amazon.com/dp/B07LBNV469"
"","","77","200PCS Disposable Mascara Wands Eyelash Brush and Micro Applicator Brush  Makeup Applicators Brushes Tools Kit for Eyelash Extension Pink","Tecbeauty","$5.99","...","...","...","06/16/2022","$1.97","0","","$4.02","96601","...","B09YNHZ39J","https://www.amazon.com/dp/B09YNHZ39J"
"","","78","Professional Double Head Eyeshadow Brushes Cosmetic Tool 30 Pcs Disposable Dual Sides Eyeshadow Sponge Brushes Makeup Applicator with 12 cm Long Handle Black","MosBug","$8.59","18","0","$155","12/21/2017","$4.98","1287","4.5","$3.61","69989","Beauty & Personal Care","B075ZQHP2J","https://www.amazon.com/dp/B075ZQHP2J"
"","","79","500PCS Disposable Micro Applicators Brush for Makeup and Personal Care (Head Diameter: 2.0mm)- 5 X 100 PCS","G2PLUS","$6.99","564","18","$3942","03/19/2018","$2.66","4345","4.7","$4.33","3672","Beauty & Personal Care","B074KVWRVL","https://www.amazon.com/dp/B074KVWRVL"
"","","80","SINEN 50 Pcs Disposable Dual Sided Eyeshadow Brush Double Ended Sponge Applicator Oval Tipped Eyeliner Brush Makeup Brush Tool with a Storage Box","SINEN","$4.29","190","6","$815","02/17/2021","$0.41","267","4.4","$3.88","73308","Beauty & Personal Care","B08R7NCBR5","https://www.amazon.com/dp/B08R7NCBR5"
"","","81","BinaryABC Silicone Lip Brush Anti lost CoversLipstick Applicator Brushes CoversMakeup Brushes Protector10Pcs(Transparent Red)","BinaryABC","$9.88","...","...","...","06/09/2022","$6.17","3","2.5","$3.71","112198","...","B0B1J26H2B","https://www.amazon.com/dp/B0B1J26H2B"
"","","82","Makeup Sponges Larbois 3-Pack Blender Beauty Foundation Blending Sponge Professional Beauty Makeup Set for Dry & Wet Use (Red+Black+Purple)","Larbois","$4.29","8087","269","$34693","05/08/2020","$0.18","13142","4.6","$4.11","2042","Beauty & Personal Care","B0858WSTBY","https://www.amazon.com/dp/B0858WSTBY"
"","","83","VIUJUH 30 PCS Professional Double-End Eyeshadow Brushes Cosmetic Tool Disposable Dual Sides Eyeshadow Sponge Brushes Makeup Applicator 12 CM Black","Viujuh","$5.99","161","5","$964","11/28/2019","$2.59","720","4.4","$3.40","57459","Beauty & Personal Care","B07Z1WK6ZZ","https://www.amazon.com/dp/B07Z1WK6ZZ"
"","","84","Swisspers Premium Pro Cosmetic Wedges Latex-Free Makeup Wedge Jumbo Size 16 Count Bag","Swisspers","$7.66","521","17","$3991","01/09/2013","$3.28","6630","4.3","$4.38","4976","Beauty & Personal Care","B005JIXZ64","https://www.amazon.com/dp/B005JIXZ64"
"","","85","Aesthetica Cosmetics Beauty Sponge Blender - Latex Free and Vegan Makeup Sponge Blender - For Powder Cream or Liquid Application - One Piece Make Up Sponge","Aesthetica","$4.97","8037","267","$39944","12/21/2015","$1.03","39709","4.6","$3.94","1472","Beauty & Personal Care","B013XJUWC0","https://www.amazon.com/dp/B013XJUWC0"
"","","86","UorPoto Eyeliner Smudge Brush Stick Set5Pcs Professional Sponge Blending Makeup Tool for Eyeshadow and Eyebrow reusable Applicator","UorPoto","$5.99","...","...","...","07/01/2022","$2.59","2","3","$3.40","62989","...","B0B2K3KYJT","https://www.amazon.com/dp/B0B2K3KYJT"
"","","87","Professional Foundation Brush; Flower Child by Roopali Beauty - Soft Silicone Pointed Applicator - Compatible with Liquid Cream or High-end MUA Cosmetics- Travel Safe and Easy to Clean","Roopali Beauty","$5.87","30","1","$176","12/28/2019","$1.86","26","3.4","$4.01","106559","Beauty & Personal Care","B07HPHBP2K","https://www.amazon.com/dp/B07HPHBP2K"
"","","88","300PCS Glitter Crystal Lip Brush Disposable Crystal Lip Brushes Tool Kits Lip Gloss Applicators Make Up Brush Lipstick Gloss Wands Makeup Applicators Brushes Applicator tool Makeup Beauty Tool Kits","Mooerca","$8.49","589","19","$5001","05/19/2021","$4.04","228","4.9","$4.45","32561","Beauty & Personal Care","B092DL39MQ","https://www.amazon.com/dp/B092DL39MQ"
"","","89","Disposable Lip Wands and Mascara Wands 200pcs Teenitor Lip Applicators Mascara Makeup Applicator Lipgloss Lip Brush Lipstick Tester Wands Eyelash Brushes","Teenitor","$6.99","675","22","$4718","05/26/2019","$3.51","1417","4.8","$3.48","24169","Beauty & Personal Care","B07Q6RMHX7","https://www.amazon.com/dp/B07Q6RMHX7"
"","","90","Marvolia 600Pcs Disposable Lip Brushes Make Up Brush Lipstick Lip Gloss Applicators Makeup Beauty Wands Tool Kits","Marvolia","$11.99","132","4","$1583","10/05/2021","$6.42","113","4.9","$5.57","64681","Beauty & Personal Care","B098CWJ7GG","https://www.amazon.com/dp/B098CWJ7GG"
"","","91","eBoot 100 Pack Disposable Eyeliner Brush Applicator Cosmetic Eye Wands Makeup Tool","EBOOT","$7.89","1200","40","$9468","04/18/2017","$4.34","1757","4.4","$3.55","14072","Beauty & Personal Care","B06VWWX1W6","https://www.amazon.com/dp/B06VWWX1W6"
"","","92","KOOBA 2pcs Round Makeup Sponges with 1 Travel Case Beauty Face Primer Compact Powder Puff Blender Sponge Replacement for Cosmetic Flawless Foundation Sensitive and All Skin Types","KOOBA","$5.99","221","7","$1324","12/28/2016","$2.59","1685","4.4","$3.40","9729","Beauty & Personal Care","B01LYUCORC","https://www.amazon.com/dp/B01LYUCORC"
"","","93","268 Pieces Disposable Makeup Tools Kit Includes Eyeliner Brushes Makeup Short Waterproof Cape Stainless Steel Palette Mascara Wands Lipstick Applicators Plastic Organizer Box Bag Armband Cleaner","Maitys","$28.99","75","2","$2174","07/08/2021","$19.5","60","4.7","$9.49","136926","Beauty & Personal Care","B0962P4XDW","https://www.amazon.com/dp/B0962P4XDW"
"","","94","5/10Pcs Finger Puff Mini Makeup Puff Super Soft Blending Sponge Makeup Tools Suitable For Loose Powder Foundation Concealer Repair Cream Eye Shadow","Fujiuia","$2.49","...","...","...","07/30/2022","...","0","","","210244","...","B0B824726H","https://www.amazon.com/dp/B0B824726H"
"","","95","VNDEFUL 100 Pcs Disposable Double Sided Sponge Tipped Cosmetic Makeup Eyeshadow Applicator Brush","VNDEFUL","$7.39","60","2","$443","10/02/2019","$3.88","130","4.3","$3.51","96245","Beauty & Personal Care","B0728JZP7L","https://www.amazon.com/dp/B0728JZP7L"
"","","96","PAGOW 6pcs Sponge Makeup Beauty Sponge Make Up Brushes Soft Mushroom Head Design Cotton Makeup Brush for Women Girls","Pagow","$9.95","...","...","...","06/10/2022","$6.23","1","5","$3.72","55339","...","B0B2DBJGC2","https://www.amazon.com/dp/B0B2DBJGC2"
"","","97","Deksias Disposable Dual Sided Eye Shadow Sponge Applicator Oval Tipped Eyeshadow Brushes Makeup Applicators (50PCS black)","Deksias","$6.69","15","0","$100","11/20/2017","$2.61","391","4.5","$4.08","63860","Beauty & Personal Care","B0771BBDKT","https://www.amazon.com/dp/B0771BBDKT"
"","","98","COVERGIRL Makeup Masters Eye Shadow Applicators 3 Count (Packaging May Vary)","COVERGIRL","$2.94","3581","119","$10528","03/12/2015","$-0.28","7033","4.4","$3.22","3902","Beauty & Personal Care","B00ON1GRKE","https://www.amazon.com/dp/B00ON1GRKE"
"","","99","Akstore 30PCS Disposable Dual Sides Eye Shadow Sponge Applicator Eyeshadow Brushes Makeup Brush (Black)","Akstore","$3.98","...","...","...","05/21/2022","$0.74","4","5","$3.24","254310","...","B09ZJ3GWZM","https://www.amazon.com/dp/B09ZJ3GWZM"
"","","100","LORMAY Silicone 10 Pcs Lip Brushes and 1 Pcs Dirt-proof Boot / Anti Lost Cover. Applicators for Lipsticks Lip Gloss Lip Balm and Other Cream Makeup Products (2.0 inches / 5.0 cm)","LORMAY","$6.99","...","...","...","03/28/2022","$3.51","45","4.1","$3.48","27194","...","B09SXMZGTC","https://www.amazon.com/dp/B09SXMZGTC"
"","","101","Face Mask Applicator Brushes Mini Makeup Spatula Portable Beauty Tools Set for Facial Mud Cosmetic Mask Facial Clay Eye Mask Body Lotion Body Butter Serum Cream. 3PCS Soft Silicone Brush Suit","leuapl","$6.99","241","8","$1685","12/24/2021","$3.51","70","4.6","$3.48","65052","Beauty & Personal Care","B09MQ8YXTS","https://www.amazon.com/dp/B09MQ8YXTS"
"","","102","Ira Pollitt 40 PCS Round Makeup Sponge Facial Beauty Makeup Foundation Powder Puff Cosmetics Blush Applicators Sponges Use for Dry and WetWhite","Ira Pollitt","$13.99","120","4","$1679","01/22/2021","$8.35","104","4.3","$5.64","68594","Beauty & Personal Care","B08Q3YZ79L","https://www.amazon.com/dp/B08Q3YZ79L"
"","","103","EKYSSO 300 PCS Disposable Lip Applicators Lipstick Brush Lip Gloss Wands for Makeup Lash Shampoo Brush for Cleansing Eyelash Cleansing Brush for Lash Extensions","ekysso","$7.19","...","...","...","04/17/2022","$2.84","3","5","$4.35","125049","...","B09Y64TGJB","https://www.amazon.com/dp/B09Y64TGJB"
"","","104","Eyeliner Stencils Wing Tips Silicone Eyeliner Aid Marscara Drawing Aid Lipstick Wearing Aid Face Cream/Mask Applicator Easy Makeup Tool Resusable Silicone Eyeliner Tool Eyeliner Applicator Tool","LLWEIMIXW","$7.99","...","...","...","05/06/2022","$4.43","4","3.4","$3.56","96038","...","B09YMBF18C","https://www.amazon.com/dp/B09YMBF18C"
"","","105","Eyeshadow Applicator Eyeshadow Sponge Eyeshadow Sponge Applicators Dual Sides Eye Shadow Sponge Applicators Long Handle Eyeshadow Brushes Makeup Applicator for Women 10Pieces","YRAMHWE","$5.99","...","...","...","03/18/2022","$2.59","17","4","$3.40","215032","...","B09S2WHM84","https://www.amazon.com/dp/B09S2WHM84"
"","","106","Real Techniques Miracle Complexion Sponge Makeup Blender for Liquid and Cream Foundation Full Coverage Streak-Free Professional Makeup Tool Cruelty Free Vegan Latex Free 4 Count","Real Techniques","$14.26","15290","509","$218035","02/24/2017","$8.58","14459","4.8","$5.68","1596","Beauty & Personal Care","B01JINOV5E","https://www.amazon.com/dp/B01JINOV5E"
"","","107","KOOBA 20 pcs Makeup Powder Round Sponges Latex Free Disposable Beauty Blender Foam Cosmetic Applicator Facial Puffs for Flawless Foundation Sensitive and All Skin Types","OWLFAVO","$6.99","...","...","...","03/11/2022","$2.89","75","4.4","$4.10","48199","...","B09MJBF2H3","https://www.amazon.com/dp/B09MJBF2H3"
"","","108","VNDEFUL 20Pcs Makeup Sponge Facial Powder Puff Wet and Dry Dual Use Cosmetics Blush Applicators Round Sponges Foundation White","VNDEFUL","$7.29","773","25","$5635","09/19/2019","$3.79","615","4.3","$3.50","23776","Beauty & Personal Care","B07JF56KN7","https://www.amazon.com/dp/B07JF56KN7"
"","","109","100 Pieces Disposable Lip Gloss Applicators Lipstick Wands Makeup Applicator Lip Brushes Doe Foot Applicator","BTYMS","$5.99","1153","38","$6906","10/09/2016","$2.59","3729","4.8","$3.40","18396","Beauty & Personal Care","B01LWXCJ8Y","https://www.amazon.com/dp/B01LWXCJ8Y"
"","","110","Cuttte 4pcs Silicone Face Mask Brushes Flexible Facial Mud Mask Applicator Brush Hairless Moisturizers Applicator Tools Soft Face Mask Applicator for Mud Clay Charcoal Mixed Mask","Cuttte","$3.99","2552","85","$10182","10/16/2018","$0.75","16244","4.7","$3.24","6756","Beauty & Personal Care","B07GVDYCGD","https://www.amazon.com/dp/B07GVDYCGD"
"","","111","Disposable Eyelash Mascara Brushes Wands Applicator Makeup Kits 100 Pack (Blue)","G2PLUS","$5.99","...","...","...","12/02/2014","$2.59","21343","4.7","$3.40","1016","...","B09WD1DF1M","https://www.amazon.com/dp/B09WD1DF1M"
"","","112","480 Pieces Disposable Eyeshadow Applicator Sticks Double Sided Eye Makeup Applicators with 4 Storage Cases 5 Colors","Glamlily","$16.99","...","...","...","02/26/2022","$9.3","6","5","$7.69","161792","...","B099Z4CDNP","https://www.amazon.com/dp/B099Z4CDNP"
"","","113","4PCS Face Mask Applicator Brushes Philbinden Soft Silicone Face Mask Brush Portable Makeup Spatula for Cosmetic Mask Mud Clay Mask Eye Mask Body Lotion","Philbinden","$6.99","...","...","...","05/07/2022","$3.51","4","5","$3.48","158616","...","B09YGZT656","https://www.amazon.com/dp/B09YGZT656"
"","","114","e.l.f. Putty Primer Brush and Applicator Dual-Ended Makeup Tool & Face Brush Scoop & Blend for Flawless Sanitary Application","e.l.f.","$4.99","1360","45","$6786","03/22/2021","...","106","4.5","","9932","Beauty & Personal Care","B08T7D5VR8","https://www.amazon.com/dp/B08T7D5VR8"
"","","115","5 PCS Mascara Shield Eyelash Applicator Guard Tool Eyeshadow Shield Tools Eyeliner Guide Tool 3 in 1 Reusable Silicone Eye Makeup Auxiliary Tools with Handle","CAMTOVGCA","$7.99","...","...","...","06/28/2022","$4.43","0","","$3.56","154906","...","B0B4C9QKW9","https://www.amazon.com/dp/B0B4C9QKW9"
"","","116","PÜR BHOLDER Dual-Action Complexion Applicator - Makeup Brush For Full Coverage Foundation - Silicone Makeup Applicator For Liquid Cream And Powder Blending Makeup Brush","PÜR MINERALS","$28.00","175","5","$4900","09/26/2019","$20.26","64","3.9","$7.74","65825","Beauty & Personal Care","B07WBYDZ9V","https://www.amazon.com/dp/B07WBYDZ9V"
"","","117","Disposable Lip Brushes Lipstick Applicator Lip Wands Makeup Applicator Lip Gloss Applicators Tool Kit 200 pcs (Crystal Pink)","SeTaun","$6.65","...","...","...","03/30/2022","$3.05","12","4.5","$3.60","180295","...","B09PZ9SRLM","https://www.amazon.com/dp/B09PZ9SRLM"
"","","118","Fran Wilson EYE TEES COTTON TIPS 80 Count - Precision Makeup Applicator Double-sided Swabs with Pointed and Rounded Ends for Perfect Blending Effective Cleaning and Precise Touch-ups","Fran Wilson","$5.95","45","1","$268","11/08/2006","$1.93","502","4.7","$4.02","37049","Beauty & Personal Care","B000142MGA","https://www.amazon.com/dp/B000142MGA"
"","","119","6pcs Mini Makeup Puff Finger Puff Soft Water Drop Makeup Sponges for Foundation Concealer Cosmetic Foundation Sponge Mineral Powder Wet Dry Makeup Tool","Generic","$7.99","...","...","...","06/21/2022","$3.81","0","","$4.18","93109","...","B0B1WCFFKS","https://www.amazon.com/dp/B0B1WCFFKS"
"","","120","Luxxii (20 Pack) Eyeshadow Applicator Brush Sponge Tipped Makeup Tool Dual Sides Eyeshadow Applicator Brush Comestic for Lady Women Beauty","Luxxii","$4.40","60","2","$264","05/06/2019","$1.13","105","4.5","$3.27","134460","Beauty & Personal Care","B07PGBM6SM","https://www.amazon.com/dp/B07PGBM6SM"
"","","121","4 Pcs Mascara Eyelash Shield Applicator Double Head Guard Tool Eyelash Eyeshadow Auxiliary Guard Tool Pads Silicone Reusable Eyelash Guide Prevent Eyeliner Tool Mascara Guard for Eye Makeup","Jeyiour","$7.99","...","...","...","07/15/2022","$3.81","0","","$4.18","173198","...","B0B4V5BVFZ","https://www.amazon.com/dp/B0B4V5BVFZ"
"","","122","14 Pieces Fan Brushes Facial Applicator Brush Soft Fan Brushes Acid Applicator Brush Cosmetic Makeup Applicator Tools for Mud Cream (5.82 Inches White Pink)","Patelai","$11.99","...","...","...","09/14/2020","$7.27","481","4.6","$4.72","39175","...","B09V2P7S85","https://www.amazon.com/dp/B09V2P7S85"
"","","123","Onwon Makeup Applicator 300 Pcs 6 Style Eyelash Brushes Mascara Wands & Lip Brushes & Eyeliner Brush Makeup Tools Daily Makeup Brushes Sets Kits","Onwon","$7.98","0","0","$0","04/06/2019","$3.57","6","4.6","$4.41","297545","Beauty & Personal Care","B07GQP34T6","https://www.amazon.com/dp/B07GQP34T6"
"","","124","Eyelash Brush Tool2pcs 3 in 1 Makeup Cosmetic Eyelash Tool Upper Lower Eye Lash Mascara Guard Applicator For Women Girls (Pink+blue)","QIWYGPYQ","$5.69","...","...","...","05/22/2022","$2.31","5","2.6","$3.38","125805","...","B09P3HRDGG","https://www.amazon.com/dp/B09P3HRDGG"
"","","125","20 Pcs Eyeshadow Brush Eyeshadow Sponge Applicators Dual Color Eyeshadow Brushes Long Wooden Handle Eyeshadow Applicators for Women Girls Cosmetic Beginner Blending Eyeliner Lip Tool 4 Colors","Nuenen","$7.99","90","3","$719","02/07/2022","$4.43","37","4.7","$3.56","99732","Beauty & Personal Care","B09QKV86DF","https://www.amazon.com/dp/B09QKV86DF"
"","","126","400PCS Disposable Lip Brushes Lip Gloss Applicators Make Up Brush Lipstick Lip Gloss Wands Makeup Applicators Brushes Applicator Tool Makeup Beauty Tool Kits Disposable Lip Brushes Tool Kits Pink","Mooerca","$8.99","898","29","$8073","02/05/2020","$4.5","952","4.8","$4.49","20514","Beauty & Personal Care","B083R2BTM8","https://www.amazon.com/dp/B083R2BTM8"
"","","127","Real Techniques Mini Miracle Complexion Sponge Makeup Blender Beauty Sponge For Touch Ups Professional Makeup Tool Cruelty Free Latex Free Perfect For Travel or On The Go 4 Count","Real Techniques","$6.79","9729","324","$66060","12/06/2017","$2.71","15063","4.3","$4.08","1101","Beauty & Personal Care","B01N1A00VH","https://www.amazon.com/dp/B01N1A00VH"
"","","128","50PCS Eyeshadow Applicators Disposable Dual Sides Eyeshadow Brush Tipped Oval Eyeshadow Sponge Brush Eye Makeup Applicator Blue/Pink/Purple (A)","Jutoe","$4.69","0","0","$0","03/10/2020","$0.77","82","4.3","$3.92","251026","Beauty & Personal Care","B0854GW2W5","https://www.amazon.com/dp/B0854GW2W5"
"","","129","SALOCY Silicone Lip Brush with Lid9 Pcs Silicone Lip Applicator with CapLipstick Applicator Brushes Silicone Eyeshadow Brushes and Lip Mask Makeup Brushes","SALOCY","$7.88","...","...","...","06/23/2022","$3.71","1","4","$4.17","158055","...","B0B1MGDMN9","https://www.amazon.com/dp/B0B1MGDMN9"
"","","130","50 Pieces False Eyelash Applicator Tool Stainless Steel Eyelash Extension Tweezers Remover Clip Tweezers Nipper Eyelash Makeup Tools for Eyelash Application and Removal Supplies (Coffee)","Honoson","$22.99","25","0","$575","09/13/2020","$14.4","93","4.7","$8.59","234046","Beauty & Personal Care","B08F219H6L","https://www.amazon.com/dp/B08F219H6L"
"","","131","tifanso 300 PCS Lip Brush Disposable Makeup Applicators Lip Gloss Brush Lipstick Applicator Wands Multicolor Makeup Tool Kits Beauty Lipstick Cosmetic","tifanso","$7.99","596","19","$4762","01/16/2019","$3.58","762","4.8","$4.41","32174","Beauty & Personal Care","B07P211XQG","https://www.amazon.com/dp/B07P211XQG"
"","","132","Lurrose Sponge Eyeshadow Brushes Professional Eye Makeup Applicators Dual Color Smudge Eye Brushes Set for Women 10pcs","Lurrose","$9.69","72","2","$698","02/15/2020","$5.99","129","4.2","$3.70","107858","Beauty & Personal Care","B07ZKXCVX4","https://www.amazon.com/dp/B07ZKXCVX4"
"","","133","Lurrose 3Pcs Foundation Sponge Powder Puff Mushroom Head Dry and Wet Makeup Puff Makeup Brush Sponge Applicator Concealer Brush Sponge for Women Girls","Lurrose","$9.99","...","...","...","02/27/2022","$5.65","19","4.3","$4.34","112905","...","B09SCSYXWG","https://www.amazon.com/dp/B09SCSYXWG"
"","","134","Eyeshadow ApplicatorsMORGLES 15Pcs Disposable Eyeshadow Brushes Dual Sides Eye Shadow Sponge Applicators (PinkPurpleBlue)","MORGLES","$3.99","523","17","$2087","02/01/2020","$0.75","1114","4.5","$3.24","24411","Beauty & Personal Care","B0824DXQF6","https://www.amazon.com/dp/B0824DXQF6"
"","","135","Unaikoo 4pcs Lip Brushes Silicone Tool Lip Silicone Brush with Cap Makeup Beauty Brushes Lipstick Applicator Brushes for Applying Cream or Liquid Lip Mask and Eyeshadow","Unaikoo","$8.99","184","6","$1654","03/31/2022","$5.35","22","4.1","$3.64","40049","Beauty & Personal Care","B09W5NFY98","https://www.amazon.com/dp/B09W5NFY98"
"","","136","10pcs Silicone Lip Brushes Makeup Lipstick Brush Wands Applicator Cosmetic Eyebrow Brushes Set Wands Fit Lip Mask Oil","通用","$6.99","98","3","$685","09/15/2021","$3.51","38","4.6","$3.48","82779","Beauty & Personal Care","B098TNTDDZ","https://www.amazon.com/dp/B098TNTDDZ"
"","","137","Spove 12pcs Silicone Lip Brush Makeup Eyebrow Lipstick Brushes Applicator Cosmetic Brush Set Silicone Brushes Wands Fit Balm Mask Oil","SPOVE","$7.99","288","9","$2301","03/16/2021","$4.43","192","4.6","$3.56","35647","Beauty & Personal Care","B08Y7PZ3VB","https://www.amazon.com/dp/B08Y7PZ3VB"
"","","138","ACKLLR 100 Pieces Makeup Applicators Kit Mascara Wands + Lipstick Applicators + Eyeliner Brushes 4 Styles Makeup Brushes Tools KitColorful","ACKLLR","$6.99","30","1","$210","10/05/2020","$2.89","50","4.5","$4.10","142047","Beauty & Personal Care","B08DFHSW24","https://www.amazon.com/dp/B08DFHSW24"
"","","139","2 PCS Mascara Eyelash Shield Applicator Guard Tool Eyelash Eyeshadow Auxiliary Guard Tool Pads Silicone Reusable Eyelash Guide Prevent Makeup Residue for Eye Makeup (Purple)","QrBxa","$8.99","...","...","...","06/01/2022","$5.35","43","4.3","$3.64","34318","...","B0B1THG19Q","https://www.amazon.com/dp/B0B1THG19Q"
"","","140","Dming 200PCS Micro Applicators Brushes Mini Cotton Swabs Remove Grafted Eyelash Glue Dedicated Brush Disposable Microswabs for Eyelash Extensions Make up and Lash Clean and Personal Care (Black 1)","Dming","$6.99","392","13","$2740","12/13/2019","$2.89","331","4.7","$4.10","55068","Beauty & Personal Care","B07YLGTVTF","https://www.amazon.com/dp/B07YLGTVTF"
"","","141","EcoTools Beauty Makeup Blender Sponge For Liquid Foundation and Concealer.80 Ounce","EcoTools","$8.45","122","4","$1031","07/30/2016","$4.23","2149","4.3","$4.22","32577","Beauty & Personal Care","B00AEM0W3E","https://www.amazon.com/dp/B00AEM0W3E"
"","","142","EVERMARKET(TM) 500 Pieces Disposable Lip Brushes Lipstick Gloss Wands Applicator Makeup Tool Kits Black","EVERMARKET","$9.61","36","1","$346","03/14/2017","$5.07","342","4.8","$4.54","49841","Beauty & Personal Care","B01NAB231Q","https://www.amazon.com/dp/B01NAB231Q"
"","","143","Tbestmax 200 Disposable Mascara Wand and Lipstick Applicator Wands Crystal Lip Gloss Brush Lash Spoolies for Eyelash Extensions (Pink)","Tbestmax","$6.99","940","31","$6571","11/02/2020","$3.36","869","4.8","$3.63","18227","Beauty & Personal Care","B08H4ZJFBS","https://www.amazon.com/dp/B08H4ZJFBS"
"","","144","650PCS Disposable Lip Brushes Lip Gloss Applicators Make Up Brush Lipstick Lip Gloss Wands Makeup Applicators Brushes Applicator Tool Makeup Beauty Tool Kits Disposable Lip Brushes Tool Kits Pink","Mooerca","$13.99","744","24","$10409","07/06/2020","$8.12","766","4.7","$5.87","20378","Beauty & Personal Care","B088T329M3","https://www.amazon.com/dp/B088T329M3"
"","","145","260 Pieces Disposable Makeup Tools Kit Eyeliner Brushes Mascara Wands Lipstick Applicators Plastic Organizer Box Short Waterproof Cape Stainless Steel Makeup Palette Spatula (Black) (Black)","Maitys","$19.99","71","2","$1419","04/26/2021","$11.85","110","4.7","$8.14","86507","Beauty & Personal Care","B09125H1JL","https://www.amazon.com/dp/B09125H1JL"
"","","146","24 Pcs Makeup Sponge SetEgg/Oblique Olive/Gourd Shapes Foundation Blending Beauty SpongeProfessional Makeup Applicators Blender with Sponge HolderFlawless for Liquid Cream PowderMulti-colored Makeup Sponges","Xanllaxa","$10.99","...","...","...","02/05/2022","$5.57","52","4.6","$5.42","92054","...","B09MDZLP3L","https://www.amazon.com/dp/B09MDZLP3L"
"","","147","KOOBA 20 pcs Makeup Powder Sponges Round and Square Latex Free Disposable Beauty Blender Foam Cosmetic Applicator Facial Puffs for Flawless Foundation Sensitive and All Skin Types","Nuonove","$6.99","92","3","$643","11/13/2016","$2.89","269","4.4","$4.10","113673","Beauty & Personal Care","B01M05A9YU","https://www.amazon.com/dp/B01M05A9YU"
"","","148","SAVITA 6pcs 7cm/2.76Inch Powder Puff Powder Sponge Applicator Makeup Puffs Triangle Powder Puff Foundation Cosmetic Makeup Tools for Loose Powder Wet Dry Makeup(Pink)","SAVITA","$6.69","...","...","...","07/26/2022","$2.61","0","","$4.08","138084","...","B0B5X24LGH","https://www.amazon.com/dp/B0B5X24LGH"
"","","149","LORMAY 13 Pcs Silicone Brush Set. Perfect Applicators for Epoxy Resin Crafting Facial Mask Mascara Shield and Eyeshadow Shield.and Cream Beauty Products (Purple)","LORMAY","$13.99","306","10","$4281","11/16/2019","$8.97","66","4.1","$5.02","41010","Beauty & Personal Care","B07B5VB642","https://www.amazon.com/dp/B07B5VB642"
"","","150","3 Pack Silicone Makeup Sponge [Washable] Premium Quality - Clear Silisponge Cosmetic Puff Pad - Liquid/Gel Foundation Highlighter Make Up Concealer Primer & BB Cream Applicator","Mydio","$6.79","40","1","$272","06/30/2019","$3.33","134","4.1","$3.46","73696","Beauty & Personal Care","B07GGN6NDV","https://www.amazon.com/dp/B07GGN6NDV"
"","","151","Makeup Sponges Wedges Disposable Makeup Applicator Cosmetic Wedges Sponges for Foundation Latex Free Medium Size","WSYUB","$9.99","...","...","...","05/04/2022","$6.27","53","4.4","$3.72","31041","...","B0B1J12PX8","https://www.amazon.com/dp/B0B1J12PX8"
"","","152","2 PCS Silicone Face Mask BrushMask Beauty Tool Soft Silicone Facial Mud Mask Applicator Brush Hairless Body Lotion And Body Butter Applicator Tools","Opiqcey","$4.39","7672","255","$33680","11/03/2017","$1.12","74643","4.6","$3.27","1675","Beauty & Personal Care","B075K72NRW","https://www.amazon.com/dp/B075K72NRW"
"","","153","200 PCS Disposable Makeup Applicators Eyelash Brushes Lip Brushes Mascara Wands","GoWorth","$9.99","82","2","$819","07/06/2019","$6.27","832","4.8","$3.72","171334","Beauty & Personal Care","B07PQRG1XX","https://www.amazon.com/dp/B07PQRG1XX"
"","","154","50 Pieces Lip Brushes Pro Multifunctional Makeup Brush Lipstick Gloss Wands Applicator Cosmetic Tool Kits Black","UTENEW","$8.99","23","0","$207","07/30/2018","$4.73","533","4.3","$4.26","69737","Beauty & Personal Care","B075SC5WN9","https://www.amazon.com/dp/B075SC5WN9"
"","","155","100 PCS Disposable Lip Brushes Mascara Wands Cosmetic Lipstick Wands Makeup Applicators Eyelash Brushes Tool Kits","Lifextol","$5.99","0","0","$0","12/28/2020","$1.97","129","4.7","$4.02","296852","Beauty & Personal Care","B08P6Q6SHF","https://www.amazon.com/dp/B08P6Q6SHF"
"","","156","50-Count Compressed Facial Sponges for Daily Cleansing and Gentle Exfoliating 100% Natural Cellulose Spa Sponge Perfect for Removing Dead Skin Dirt and Makeup","SILUKER","$9.95","4580","152","$45571","02/18/2021","$6.23","1672","4.6","$3.72","2016","Beauty & Personal Care","B09GMZN55N","https://www.amazon.com/dp/B09GMZN55N"
"","","157","CHEFBEE 100PCS Disposable Eyelash Brush Mascara Wands Makeup Brushes Applicators Kits for Eyelash Extensions and Eyebrow Brush with Container (Green)","CHEFBEE","$5.99","6220","207","$37258","10/13/2020","$1.97","4544","4.8","$4.02","1729","Beauty & Personal Care","B08R8F6FGJ","https://www.amazon.com/dp/B08R8F6FGJ"
"","","158","100 Pcs Bamboo Mascara Wand and Lip BrushEyelash Brush Eyebrow Extension Lipstick Tattoo Applicator Makeup Brush Tool","myaokue-up","$9.99","48","1","$480","08/27/2021","$6.27","10","4.4","$3.72","132349","Beauty & Personal Care","B0995KX6JN","https://www.amazon.com/dp/B0995KX6JN"
"","","159","100 Pcs Disposable Makeup Lip Brushes Lipstick gloss brush Lip Gloss Applicators with Soft Brush Head Cosmetic Lip Brush Wands PYO Cookie Paint Brushes (Black)","NEGEMEL","$11.99","478","15","$5731","12/21/2020","$7.27","329","4.8","$4.72","34224","Beauty & Personal Care","B08CZYXZQJ","https://www.amazon.com/dp/B08CZYXZQJ"
"","","160","Disposable eyeliner brush set 100 Pack Disposable Eyeliner Brushes Applicator Makeup Eye Liner Wands","NEGEMEL","$7.99","126","4","$1007","04/03/2021","$4.43","70","4.4","$3.56","132920","Beauty & Personal Care","B08ZM2CLY2","https://www.amazon.com/dp/B08ZM2CLY2"
"","","161","YEASHINE 100 Pack Disposable Eyeliner Brushes Applicator Makeup Eye Liner Wands","YEASHINE","$7.68","60","2","$461","04/30/2020","$4.15","44","3.7","$3.53","180770","Beauty & Personal Care","B07VWG291B","https://www.amazon.com/dp/B07VWG291B"
"","","162","Bdellium Tools Professional Makeup Brush Maestro Series - Sponge Applicator 740","BDELLIUM TOOLS","$10.00","4","0","$40","10/19/2011","$6.28","128","4.4","$3.72","190270","Beauty & Personal Care","B003NYX6X8","https://www.amazon.com/dp/B003NYX6X8"
"","","163","Shintop Disposable MakeUp Lip Brush Lipstick Gloss Wands Applicator Perfect Make Up Tool (100pcs clear)","Shintop","$5.99","14","0","$84","09/27/2015","$1.97","389","4.7","$4.02","158301","Beauty & Personal Care","B00U28T3VC","https://www.amazon.com/dp/B00U28T3VC"
"","","164","50 Pcs Eyeshadow Brushes Sponge Eyeshadow Applicators Eye Makeup Applicators Eye Shadow Brush Double Sided Long Wooden Handle Applicators for Women Girls Cosmetic Beginner 5 Colors","Sieral","$12.99","...","...","...","07/31/2022","$7.97","0","","$5.02","406745","...","B0B2QPTHJY","https://www.amazon.com/dp/B0B2QPTHJY"
"","","165","Arqumi Silicone Lip Brush 6 PCS Makeup Brushes with Dirt-proof Caps for Protection Lipstick Applicator Brushes for Lip Gloss Lip Mask Eyeshadow Lip Cream Makeup Beauty Tool pink+purple","Arqumi","$9.99","...","...","...","04/09/2022","$5.65","29","4.5","$4.34","82739","...","B09WXQGSPL","https://www.amazon.com/dp/B09WXQGSPL"
"","","166","AaKode 50PCS Disposable Double Head Eyeshadow Sponge Brushes Cosmetic Tool Professional Dual Sides Eyeshadow Brushes Makeup Applicator(Size: 2.44 inch Color: Black)","Generic","$7.99","...","...","...","...","...","0","","","183703","...","B0B5G5NHJ7","https://www.amazon.com/dp/B0B5G5NHJ7"
"","","167","100pcs 4.8'' Square Rectangle Cleaning Swab Sticks for Cleaning Printer Inkjet Guns Optical Lens Camera and Electronics","Quanzhou Chenchenchen E-Commerce Co.Ltd","$8.99","...","...","...","04/03/2022","...","13","3.8","","232","...","B09X61M96T","https://www.amazon.com/dp/B09X61M96T"
"","","168","100 Pack Disposable Eyeshadow Brush KINGMAS Double Ended Sponge Eye Shadow Applicator Makeup Brushes - Black","KINGMAS","$4.99","72","2","$359","04/05/2017","$1.05","585","4.5","$3.94","135020","Beauty & Personal Care","B07C3T4CJK","https://www.amazon.com/dp/B07C3T4CJK"
"","","169","Xinfenglai 3 Pcs Silicone Face Mask Brushes And 1 Pcs Headband  Flexible Facial Mud Mask Applicator Brush Hairless Moisturizers Applicator Tools Soft Face Mask Applicator for Mud Clay Charcoal Mixed Mask (Brush and headband)","Xinfenglai","$7.99","2649","88","$21166","12/10/2020","$4.43","572","4.4","$3.56","64013","Beauty & Personal Care","B08MZRCGSM","https://www.amazon.com/dp/B08MZRCGSM"
"","","170","Cosmetic Applicators - 80 ct (2 PACK) Dual Tipped One Pointed Tip & One Flattened tip","All Pure","$6.99","...","...","...","04/29/2022","$3.51","3","4.6","$3.48","370489","...","B09X1XZ2ZM","https://www.amazon.com/dp/B09X1XZ2ZM"
"","","171","FERCAISH 8 Pcs Mushroom Powder Puff Makeup Sponge with Handle Powder Puff Beauty Tool for Foundation Concealer and Powder Wet and Dry Dual-use Makeup Puff","FERCAISH","$12.99","...","...","...","03/12/2022","$7.27","6","4","$5.72","105727","...","B09MQCGMK5","https://www.amazon.com/dp/B09MQCGMK5"
"","","172","Kingbridal 8 Pcs Makeup Sponges Set Blender Beauty Foundation Blending Sponge Flawless for Liquid Cream and Powder Multi-colored Cosmetic Applicator Puff for Dry/Wet Use (Pink)","Kingbridal","$11.99","43","1","$516","03/12/2021","$6.65","117","4.5","$5.34","183696","Beauty & Personal Care","B08XW9Q8QW","https://www.amazon.com/dp/B08XW9Q8QW"
"","","173","263 Pieces Makeup Applicators Tools Kit Include 50 Disposable Eyeliner Brushes 112 Mascara Wands Eyelash Brush 100 Lipstick Applicators Lip Wands with Plastic Organizer Box Pink","Maitys","$17.99","30","1","$540","06/06/2021","$11.52","53","4.6","$6.47","240799","Beauty & Personal Care","B091TRZV1R","https://www.amazon.com/dp/B091TRZV1R"
"","","174","Makeup Sponge Blender Beauty Sponge Set 12pcs and Beauty Foundation Sponge Blender Holder 1PCSBlending Sponges Cosmetic Puff Flawless for Cream Liquid Foundation & PowderGift for Women","S SUSANN","$11.99","1159","38","$13896","11/06/2020","$6.65","960","4.6","$5.34","11239","Beauty & Personal Care","B08FFPHCL6","https://www.amazon.com/dp/B08FFPHCL6"
"","","175","BEAKEY 4+1Pcs Makeup Sponges with Powder Brush Foundation Blending Sponge for Liquid Cream and Powder Professional Beauty Sponge Blender & Kabuki Brush","BEAKEY","$7.99","113","3","$903","02/07/2018","$3.81","7050","4.6","$4.18","16146","Beauty & Personal Care","B075CHYM3K","https://www.amazon.com/dp/B075CHYM3K"
"","","176","Aysekone Rectangle Women Lady Beauty Makeup Foundation Powder Puff Facial Face Soft Sponge Cosmetic Puff (WHITE COLOR)","Aysekone","$6.99","15","0","$105","06/12/2019","$2.89","55","4.2","$4.10","161978","Beauty & Personal Care","B07C949RX1","https://www.amazon.com/dp/B07C949RX1"
"","","177","Stelone 400 Disposable Lip Brushes Lipstick & Lip Gloss Applicators Lint Free Lip Wands for Makeup","Stelone","$9.49","...","...","...","05/12/2022","...","8","5","","24021","...","B09TTCCPFK","https://www.amazon.com/dp/B09TTCCPFK"
"","","178","4 Pcs Fan Brushes for Facials Soft Makeup Mask Applicator Brushes Tools for Glycolic Acid Peel Mask Cosmetic Cream","SUMAJU","$6.99","1235","41","$8633","10/16/2020","$3.51","1675","4.5","$3.48","15477","Beauty & Personal Care","B092216JVV","https://www.amazon.com/dp/B092216JVV"
"","","179","I'm Meme Tool - Lip Smudge Brush | With Cap Reusable Multi-purpose Makeup Blending Applicator Travel Size Versatile 1 Count","I'M MEME","$9.00","304","10","$2736","09/18/2021","$5.36","115","4.4","$3.64","51382","Beauty & Personal Care","B09BTLFZ7Q","https://www.amazon.com/dp/B09BTLFZ7Q"
"","","180","Cuttte 500 PCS Disposable Microbrush Applicators Microfiber Wands for Eyelashes Extensions and Makeup Application (Head Diameter: 2.0mm)","Cuttte","$6.59","1370","45","$9028","10/29/2018","$2.29","3012","4.7","$4.30","16694","Beauty & Personal Care","B07GVBMLWL","https://www.amazon.com/dp/B07GVBMLWL"
"","","181","Disposable Lip Brushes 200 PCS - Lip Applicators Disposable Pink & Black - Disposable Lip Wands for Lipstick Lip Gloss Lip Balm - Disposable Makeup Applicator","Bcowos","$7.49","75","2","$562","01/11/2021","$3.97","35","4.6","$3.52","107877","Beauty & Personal Care","B08NB4FRY3","https://www.amazon.com/dp/B08NB4FRY3"
"","","182","Teenitor 200 Pcs Disposable Lip Wands and Mascara Wands Mascara Spoolie Lip Makeup Applicators Disposable Wands Lip gloss Mascara Tester Eyelash Wands Lip EyeLash Brushes Wands","Teenitor","$7.49","158","5","$1183","07/04/2019","$3.97","563","4.8","$3.52","85268","Beauty & Personal Care","B07T34PRMD","https://www.amazon.com/dp/B07T34PRMD"
"","","183","Makeup Sponge Wedge Shaped Blender Professional Applicators Latex Free Foam For Cosmetic Blending Foundation 48 pieces Bulk Pack by HOYOLS","HOYOLS","$6.99","154","5","$1076","03/15/2020","$2.89","121","4.3","$4.10","97791","Beauty & Personal Care","B081GSBT8B","https://www.amazon.com/dp/B081GSBT8B"
"","","184","500Pcs Disposable Crystal Eyelash SwabsDisposable Makeup Applicators Micro Brush Applicators Lash micro swabs Microswabs micro brushes","XUFAN","$9.99","20","0","$200","10/22/2021","$5.42","7","4.4","$4.57","142055","Beauty & Personal Care","B09GVDQS2V","https://www.amazon.com/dp/B09GVDQS2V"
"","","185","GreenLife 50 pcs Multicolor Crystal Disposable Eyelash Brush Mascara Wands Applicator Eyebrow Wands Makeup Brush Kits Eyelash Extension Tools (Green)","GreenLife","$3.58","...","...","...","04/22/2022","...","34","4.8","","37187","...","B09X87VFX7","https://www.amazon.com/dp/B09X87VFX7"
"","","186","Elisel 100 Pcs Disposable Crystal Lip Brushes with Container Make Up Lip Brushes Lipstick Lip Gloss Wands Eyeshadow Brushes Applicator Tool Makeup Beauty Tool Kits (Multi-Colored)","Elisel","$3.99","210","7","$838","10/31/2021","$0.13","142","4.6","$3.86","53148","Beauty & Personal Care","B09JMV7WHF","https://www.amazon.com/dp/B09JMV7WHF"
"","","187","200 Pieces Disposable Lip Brushes Lipstick Applicator Wands Lip Applicators - Red","BTYMS","$7.99","70","2","$559","05/04/2017","$4.43","162","4.6","$3.56","101589","Beauty & Personal Care","B092V6YG3H","https://www.amazon.com/dp/B092V6YG3H"
"","","188","100 Pack Disposable Eyeliner Brush JASSINS Eye liner Applicator Cosmetic Eye Wands Makeup Tool","JASSINS","$7.65","23","0","$176","12/19/2017","$3.97","430","4.5","$3.68","86745","Beauty & Personal Care","B074SFJSNF","https://www.amazon.com/dp/B074SFJSNF"
"","","189","FOMIYES Make Up Kit 8Pcs Mushroom Foundation Powder Puff Makeup Cosmetic Sponges Blender Puff Applicator Girl Makeup Tools","FOMIYES","$10.45","...","...","...","07/28/2022","$5.34","0","","$5.11","229176","...","B0B17FBT8L","https://www.amazon.com/dp/B0B17FBT8L"
"","","190","300PCS Disposable Makeup Applicators Brushes Tools Kit -100pcs Lip Applicators100pcs Mascara Wands100pcs Eyeliner Brushes (Rose Red)","N\A","$9.95","30","1","$299","09/24/2020","$6.08","84","4.5","$3.87","139366","Beauty & Personal Care","B08BPHQLC2","https://www.amazon.com/dp/B08BPHQLC2"
"","","191","20 Pcs Mini Eye Shadow Applicator Double Sided Disposable Eyeshadow Sponge Brushs with Eyebrow Brushes Portable Eye Makeup Applicators Cosmetic Brush for Women Girls","YAFIYGI","$6.99","24","0","$168","03/24/2022","$2.89","6","2.8","$4.10","200703","Beauty & Personal Care","B09TDBTF3L","https://www.amazon.com/dp/B09TDBTF3L"
"","","192","102 Pcs Glitter Disposable Makeup ApplicatorsBlue Lash Shampoo BrushesDisposable Mascara WandEyelash Cleansing Brushes Disposable Lip Wand (Blue)","NEGEMEL","$12.99","90","3","$1169","05/06/2021","$8.12","139","4.8","$4.87","95649","Beauty & Personal Care","B092R5BGBD","https://www.amazon.com/dp/B092R5BGBD"
"","","193","100 Pieces Disposable Lip Brushes Multifunctional Beauty Makeup Brush Lipstick Gloss Eyeshadow Applicator Smudge Cosmetic Tool Set","HSJH","$14.59","113","3","$1649","12/07/2020","$9.48","104","4.3","$5.11","86547","Beauty & Personal Care","B08L36C9RR","https://www.amazon.com/dp/B08L36C9RR"
"","","194","100 Pieces Disposable Lip Brushes Lipstick Applicator Testing Wands with Crystal Handles Makeup Tool - Black","BTYMS","$5.99","30","1","$180","05/04/2017","$2.59","18","4.6","$3.40","196488","Beauty & Personal Care","B092V81Q6B","https://www.amazon.com/dp/B092V81Q6B"
"","","195","25 Pcs Women's Square Soft Makeup Beauty Eye Face Foundation Blender Facial Smooth Powder Puff Cosmetics Blush Applicators Sponges Use for Dry and Wet","Kukiwhy","$6.99","75","2","$524","03/17/2021","$3.51","84","4.2","$3.48","93559","Beauty & Personal Care","B08XB97R1J","https://www.amazon.com/dp/B08XB97R1J"
"","","196","DUcare Silicone Mask Brush Applicator Facial Cleansing Sponge and Soft Silicone Facial Mud Mask Brush Makeup Tool set","DUcare","$7.99","25","0","$200","12/14/2020","$4.43","74","4.5","$3.56","169939","Beauty & Personal Care","B08MKQJXVN","https://www.amazon.com/dp/B08MKQJXVN"
"","","197","ENERGY Concealer Makeup Brush Tapered Kabuki Foundation Brush Best Eye Brush for Under Eye Concealing Blending Liquid Cream Powder Make Up for Full Coverage Cosmetic Applicator Soft Dense Synthetic","ENERGY","$5.99","1096","36","$6565","07/18/2019","$1.97","3138","4.4","$4.02","14056","Beauty & Personal Care","B07XKZPTDD","https://www.amazon.com/dp/B07XKZPTDD"
"","","198","eBoot 50 Pack Disposable Dual Sides Eyeshadow Sponge Brushes Makeup Applicator with Long Handle 12 cm Black","EBOOT","$9.49","4","0","$38","04/14/2017","$5.19","597","4.5","$4.30","238775","Beauty & Personal Care","B06XHJ743Q","https://www.amazon.com/dp/B06XHJ743Q"
"","","199","10 Pcs Eyeliner Smudge Brush Soft Makeup Tools Eyeshadow Applicators Blending Brush for Makeup Sponge Brush Eye Pencil Brush for Women Blending Eye Shadow Liner 5.2 Inch","Ferraycle","$9.99","...","...","...","07/07/2022","$6.27","0","","$3.72","255603","...","B0B42M2D5D","https://www.amazon.com/dp/B0B42M2D5D"
"","","200","1000 Count 4 Inch and 3 Inch Microblading Cotton Swab 2 Sizes Precision Cotton Swabs Wood Sticks Tattoo Permanent Supplies Cotton Swabs Makeup Cosmetic Applicator","CKANDAY","$6.99","...","...","...","07/31/2022","$3.51","0","","$3.48","186508","...","B0B1T2SQPF","https://www.amazon.com/dp/B0B1T2SQPF"
"","","201","LORMAY 3 Pcs Silicone Eyeshadow and Lip Mask Makeup Brushes. Professional Tools for Applying Cream or Liquid Eye Shadows and Lip Colors","LORMAY","$6.99","227","7","$1587","08/12/2020","$3.51","648","4","$3.48","58788","Beauty & Personal Care","B087V7NLHF","https://www.amazon.com/dp/B087V7NLHF"
"","","202","5x Powder Puff Applicator Cotton Round Makeup Powder Sponge Air Cushion Puff with Ribbon Face Powder Puffs for Loose and Foundation3.15 inch (Orange)","JimKing","$7.99","30","1","$240","09/10/2019","$3.81","143","4.3","$4.18","221327","Beauty & Personal Care","B07TKRBZZS","https://www.amazon.com/dp/B07TKRBZZS"
"","","203","100 Disposable Lip Brushes Lipstick Applicator Lip Gloss Wands Pink Tbestmax","Tbestmax","$4.99","438","14","$2186","07/19/2020","$1.67","756","4.7","$3.32","38144","Beauty & Personal Care","B086P8RY4Y","https://www.amazon.com/dp/B086P8RY4Y"
"","","204","La Tartelette 500 Pieces Multicolored Disposable Mascara Wands Eyelash Brush Makeup Applicators Cosmetic Kit 10 Colors","La Tartelette","$13.99","0","0","$0","08/21/2018","$6.75","1","5","$7.24","320970","Beauty & Personal Care","B078HPS1HS","https://www.amazon.com/dp/B078HPS1HS"
"","","205","200 Pieces Disposable Lip Gloss Brushes Lipstick Wands Applicator Multi-functional Makeup Cosmetic Brush Flat Brush Tools for Women Girls","Shappy","$13.99","165","5","$2308","07/28/2020","$8.97","180","4.3","$5.02","80574","Beauty & Personal Care","B089QKPNGJ","https://www.amazon.com/dp/B089QKPNGJ"
"","","206","Nooni Beauty Tool - Smooth Silicone Face Mask Brush | Reusable Hygienic Lotion and Body Butter Applicator 1 Count","NOONI","$7.00","341","11","$2387","08/11/2021","$2.9","96","4.5","$4.10","47640","Beauty & Personal Care","B095W9SXH8","https://www.amazon.com/dp/B095W9SXH8"
"","","207","300PCS Crystal Eyelash Mascara Brushes Wands Applicator Makeup Kits (Pink + Black)","G2PLUS","$8.99","3178","105","$28570","07/07/2020","$5.35","2085","4.8","$3.64","4848","Beauty & Personal Care","B08BCJTJVF","https://www.amazon.com/dp/B08BCJTJVF"
"","","208","SALOCY Mushroom Powder Puff6 Pieces Foundation Sponge Powder Puff Sponge Make Up Brushes Concealer Brush Sponge for Women Girls","SALOCY","$9.88","...","...","...","07/21/2022","$5.55","0","","$4.33","191390","...","B0B5QD4DXX","https://www.amazon.com/dp/B0B5QD4DXX"
"","","209","300 Counts Lip Applicators Disposable Lip Brushes Crystal Lipstick Lip Gloss Wands Pink","Tbestmax","$9.99","372","12","$3716","04/16/2021","$5.42","206","4.8","$4.57","35753","Beauty & Personal Care","B08Z7K5F59","https://www.amazon.com/dp/B08Z7K5F59"
"","","210","319 Pieces Disposable Makeup Tools Kit - Lash Cleansing Brush Mascara Wands Lip Applicators Disposable Eyebrow Trimming Knife Hair Clips Hair Tie and Make Up Kit","WOBEVB","$13.99","30","1","$420","09/29/2021","$8.12","19","4.2","$5.87","233628","Beauty & Personal Care","B09B18VGDV","https://www.amazon.com/dp/B09B18VGDV"
"","","211","500Pcs/Set Disposable Lip Brushes Make Up Brush Lipstick Lip Gloss Wands Applicator Tool Makeup Beauty Tool Kits (Black)","GoWorth","$9.29","234","7","$2174","02/17/2017","$4.78","1003","4.8","$4.51","11357","Beauty & Personal Care","B06ZXSVZV3","https://www.amazon.com/dp/B06ZXSVZV3"
"","","212","Clear Silisponge Silicone Makeup Applicator Gel Foundation Makeup and Puff BB Cosmetic Beauty Tools Blender 5 Pcs","nononfish","$9.99","55","1","$549","10/03/2019","$5.65","298","4.1","$4.34","275536","Beauty & Personal Care","B07S5949WT","https://www.amazon.com/dp/B07S5949WT"
"","","213","Makeup Sponges Foonbe Foundation Blending Beauty Sponge Dry & Wet Use for Powder Cream or Liquid Application (3 Pcs Multi-colored )","Foonbe","$4.59","8341","278","$38285","04/08/2021","$0.68","4970","4.7","$3.91","2213","Beauty & Personal Care","B08X6BQNXP","https://www.amazon.com/dp/B08X6BQNXP"
"","","214","50PCS Disposable Lip Brushes Lipstick Applicator Lip Wands Makeup Beauty Tool Kits PYO Cookie Paint Brush (Pink)","GCQQ","$7.59","...","...","...","01/29/2022","...","37","4.5","","57426","...","B09NXH21P2","https://www.amazon.com/dp/B09NXH21P2"
"","","215","Two-color Rubber Cotton Eye Makeup Brushes - Sponge Applicator Oval Tipped Eyeliner Brush Eyeshadow Brush Makeup Brush Tool (10 PCS)","ievei","$5.57","45","1","$251","02/05/2021","$2.05","100","4.2","$3.52","179221","Beauty & Personal Care","B07W5PG3C6","https://www.amazon.com/dp/B07W5PG3C6"
"","","216","2 PCS Mascara Guard Eyelash Applicator Tool Multifunctional Eye Makeup Tool Eyelash Eyeshadow Auxiliary Guard Tool PadsSilicone Reusable(Blue)","MOFIT","$7.99","...","...","...","07/30/2022","...","0","","","450305","...","B0B6FZVFWN","https://www.amazon.com/dp/B0B6FZVFWN"
"","","217","JPNK Foundation Makeup Brush with 4 Makeup Sponges Latex-free for Blending Liquid Cream or Flawless Powder Cosmetics","JPNK","$7.99","1728","57","$13807","06/02/2019","$3.81","2026","4.4","$4.18","13809","Beauty & Personal Care","B07R1RZGLD","https://www.amazon.com/dp/B07R1RZGLD"
"","","218","BTYMS 200 Pieces Disposable Micro Brush Applicators Microswabs for Eyelash Extension Lint-free 2mm","BTYMS","$7.99","134","4","$1071","12/21/2017","$3.58","315","4.6","$4.41","53486","Beauty & Personal Care","B076H132LH","https://www.amazon.com/dp/B076H132LH"
"","","219","100 Pieces Round Makeup Sponges Beauty Face Primer Compact Powder Puff with Transparent Case Makeup Powder Puffs Makeup Applicator Sponge Makeup Blenders Sponges for Cosmetic Foundation","Patelai","$21.99","49","1","$1078","12/27/2021","$14.92","26","4.4","$7.07","194582","Beauty & Personal Care","B09N1DYG9X","https://www.amazon.com/dp/B09N1DYG9X"
"","","220","Limko Lip Brushes Disposable Make Up Brush Lipstick Lip Gloss Wands Applicator Tool Makeup Beauty Tool Kits (200PCS-Mixed)","Limko","$5.88","...","...","...","01/12/2022","$2.34","23","4.6","$3.54","160860","...","B09N9JZ3DV","https://www.amazon.com/dp/B09N9JZ3DV"
"","","221","TecUnite 100 Pieces Cosmetic Sponges Latex Makeup Foam Wedges Foundation Beauty Tools (5 Styles White and Skin)","TecUnite","$14.99","35","1","$525","12/24/2018","$8.97","133","4.2","$6.02","197935","Beauty & Personal Care","B07J9WMWDD","https://www.amazon.com/dp/B07J9WMWDD"
"","","222","Eyelash Curler with Built in Comb Eyelash Curler Comb Applicator with 2 Silicone Refill Pads n 1 Brush Premium Lash Curlers Makeup Tool Accessory Rose Gold","Veeliama","$6.99","...","...","...","03/28/2022","$2.89","17","4","$4.10","56226","...","B09WRY6FJ1","https://www.amazon.com/dp/B09WRY6FJ1"
"","","223","Elisel 5pcs Silicone Face Mask Brushes Flexible Facial Mud Mask Applicator Brush for Applying Facial MaskSleeping Mask clay maskBody Lotion Mask Beauty Tools Makeup Brushes Applicator (Style 1)","Elisel","$4.69","201","6","$943","01/24/2021","$1.39","488","4.6","$3.30","62640","Beauty & Personal Care","B08QYQM3LJ","https://www.amazon.com/dp/B08QYQM3LJ"
"","","224","12 Pcs Silicone Lip Brushes Lipstick Lip Gloss Applicator Makeup Beauty Tool 2 Inch Long","Teensery","$7.99","42","1","$336","11/02/2020","$3.81","92","4.7","$4.18","183047","Beauty & Personal Care","B08F26T3ZD","https://www.amazon.com/dp/B08F26T3ZD"
"","","225","4 Pcs Makeup Sponge Beauty Blender Set - Makeup Sponges For Foundation Blender with Egg Case and 1 Holder Flawless for Cream Powder and Liquid (4PCSPurple)","Blueness","$5.99","3840","128","$23002","10/05/2021","$1.97","1465","4.6","$4.02","10231","Beauty & Personal Care","B09GKG4QD5","https://www.amazon.com/dp/B09GKG4QD5"
"","","226","Disposable Makeup Applicators Kit with Triangle Makeup Puff Makeup Mixing Palette Makeup Artist Supplies Disposable Mascara Wands Lip Brushes Hair Clips Powder Puffs for Face with Storage Box","Audab","$15.59","...","...","...","07/16/2022","$9.48","268","4.8","$6.11","35762","...","B0B31B1N96","https://www.amazon.com/dp/B0B31B1N96"
"","","227","Aemygo 12pcs Applicator Brushes Mini Makeup Spatula Portable Beauty Tools Set","Aemygo","$9.99","...","...","...","...","...","0","","","480680","...","B09V4STQD6","https://www.amazon.com/dp/B09V4STQD6"
"","","228","12 Pack Mascara and Eyeshadow Eyeliner Applicator 3 in 1 Multifunction Eye Makeup Auxiliary Guard Tool Upper Lower Eyelash Grooming Comb Makeup Helper Tool Pad Mascara Guard for Beginners","Cunno","$15.99","...","...","...","07/01/2022","$10.05","0","","$5.94","244532","...","B0B396CTRF","https://www.amazon.com/dp/B0B396CTRF"
"","","229","Beaupretty 5Pcs Small Mushroom Head Sponge Powder Puff Makeup Brush Eye Shadow Applicators for Using","Beaupretty","$11.99","...","...","...","01/12/2022","$6.65","0","","$5.34","293214","...","B09MF6H7T3","https://www.amazon.com/dp/B09MF6H7T3"
"","","230","iminoo 100 PCS Disposable lip wands and mascara wands Disposable Mascara Lipstick Makeup Brushes Eyelash Lip Gloss Brushes Applicators Makeup Tool (100 White-Pink)","iminoo","$4.69","30","1","$141","10/29/2020","...","327","4.8","","195685","Beauty & Personal Care","B08K2GC6SC","https://www.amazon.com/dp/B08K2GC6SC"
"","","231","100 Pcs Disposable Lip Brushes Premium Lipstick Applicator Wands Bamboo Handle Makeup Tool Kits","Mekupeu","$10.99","15","0","$165","11/10/2020","$5.8","13","4.9","$5.19","241306","Beauty & Personal Care","B08CKCC142","https://www.amazon.com/dp/B08CKCC142"
"","","232","I Dew Care Multi-functional Applicator - Get The Scoop | Stainless Steel Spatula Beauty Tool for Cream Lip Balm Wash-Off Masks Mixing Depuffing","I DEW CARE","$10.00","1041","34","$10410","01/28/2021","$5.66","594","4.8","$4.34","17896","Beauty & Personal Care","B08R86VGY4","https://www.amazon.com/dp/B08R86VGY4"
"","","233","AKStore 200 Pcs Disposable Lip Brushes Make Up Brush Lipstick Lip Gloss Wands Applicator Tool Makeup Beauty Tool Kits","Akstore","$5.99","77","2","$461","12/04/2017","$2.59","2193","4.8","$3.40","27542","Beauty & Personal Care","B074W68YZ8","https://www.amazon.com/dp/B074W68YZ8"
"","","234","SALOCY Makeup SpongeDouble head Sponge Applicator with Eyebrow Eyelash Brushes Mascara BrushesBeauty Blender Sponge Makeup Brush for Women Girls6 PcsWhite and Pink","SALOCY","$7.88","...","...","...","07/16/2022","...","0","","","216245","...","B0B5QWCKNL","https://www.amazon.com/dp/B0B5QWCKNL"
"","","235","Molain Round Sponge Puff Set 24 Pieces 2.2 Inch Mini Facial Powder Blender Pads Applicator For Liquid Foundation Makeup Beauty Cosmetic Cleanser Washing (Skin Color)","Molain","$5.88","...","...","...","05/29/2022","$1.87","2","5","$4.01","201291","...","B09Y95PVPK","https://www.amazon.com/dp/B09Y95PVPK"
"","","236","Elisel 100 Pcs Disposable Crystal Lip Brushes Make Up Lip Brushes Lipstick Lip Gloss Wands Eyeshadow Brushes Applicator Tool Makeup Beauty Tool Kits (Rose)","Elisel","$4.68","300","10","$1404","09/29/2020","$1.39","704","4.8","$3.29","43268","Beauty & Personal Care","B08F35MZJD","https://www.amazon.com/dp/B08F35MZJD"
"","","237","Makeup brush set 3 PCS Silicone face Mask BrushSoft Silicone Mask Beauty Tool Facial Mud Mask Applicator Brush for skincare Hairless Body Lotion Applicator Tools (1*black header remover 2*brush)","nonbrand","$3.18","60","2","$191","08/31/2020","$-0.04","470","4.6","$3.22","180767","Beauty & Personal Care","B08D9NJY7V","https://www.amazon.com/dp/B08D9NJY7V"
"","","238","Lurrose 5pcs Eyeshadow Brushes Dual Color Rubber Sponge Makeup Brushes Eyeshadow Makeup Tool Applicator for Women and Girls","Lurrose","$9.89","0","0","$0","...","$6.18","36","4.4","$3.71","254848","Beauty & Personal Care","B07MTD7BLC","https://www.amazon.com/dp/B07MTD7BLC"
"","","239","Kalolary 120 Pcs Eye Shadow Shields Eyeshadow Pads Stencils Lint Free Under Eye Pads Eyeshadow Patches For Eyelash Extensions/Lip Makeup","Kalolary","$7.99","465","15","$3715","12/03/2018","$3.81","1167","4.1","$4.18","29864","Beauty & Personal Care","B07KLSB8MZ","https://www.amazon.com/dp/B07KLSB8MZ"
"","","240","16 Pcs Fan Brushes for Facials Fan Mask Brushes Soft Facial Mask Applicator Brushes for Peel Glycolic Acid Mask Makeup","Pimoys","$13.99","24","0","$336","07/13/2021","$8.97","15","4.8","$5.02","180174","Beauty & Personal Care","B097ZNS17W","https://www.amazon.com/dp/B097ZNS17W"
"","","241","Set of 150 Makeup Applicators (Mascara Wands Lipstick Applicators Eye Shadow Sponge) DaKuan 50 PCS Disposable Dual Sides Eye Shadow Sponge 50 PCS Lip Brush 50 PCS Eyelash Mascara Brush","DaKuan","$9.99","30","1","$300","05/05/2019","$5.65","103","4.7","$4.34","161775","Beauty & Personal Care","B07PG836VH","https://www.amazon.com/dp/B07PG836VH"
"","","242","RONRONS 20 Pieces Finger Size Powder Puff Triangle Shape Mini Makeup Sponges Puffs with Strap Soft Cosmetic Pressed Powder Pads for Contouring Foundation Concealer Under Eyes and Corners (Pink)","RONRONS","$10.99","135","4","$1484","11/02/2021","...","22","4.1","","75104","Beauty & Personal Care","B09H5PZ64Y","https://www.amazon.com/dp/B09H5PZ64Y"
"","","243","LORMAY 2 Pcs Premium Quality Silicone Face Mask Brush Applicator for Mud Clay Mask DIY Modeling Mask Body Lotion and BB CC Cream","LORMAY","$4.99","2221","74","$11083","11/28/2019","$1.67","6814","4.6","$3.32","8606","Beauty & Personal Care","B07V396KQT","https://www.amazon.com/dp/B07V396KQT"
"","","244","6 Inches Pointed Cotton Swabs with Storage Case Precision Tip Cotton Swabs with Wooden Sticks Cotton Tip Applicators for Makeup Gun Cleaning Electronic Jewelry Cleaning (500 Counts)","Garrelett","$9.99","...","...","...","06/05/2022","$5.42","2","5","$4.57","175732","...","B09YSJRQL4","https://www.amazon.com/dp/B09YSJRQL4"
"","","245","VNDEFUL 12 Pcs Assorted Color Plastic Handle Eye Eyeshadow Sponge Brushes Makeup Applicators","VNDEFUL","$6.29","2","0","$13","02/09/2018","$2.87","109","4","$3.42","249238","Beauty & Personal Care","B071HT1W4Q","https://www.amazon.com/dp/B071HT1W4Q"
"","","246","Opaz 6 Pcs Pink Makeup Sponge Blender Set Non-latex Beauty Foundation Blending Edgeless Flawless Liquid Cream and Powder applicator sponges Puff set case","OPAZ","$8.99","30","1","$270","08/30/2020","$4.73","230","4.5","$4.26","118082","Beauty & Personal Care","B08CWVZ9YK","https://www.amazon.com/dp/B08CWVZ9YK"
"","","247","RamPula Silicone Face Mask Brush Face Scrubber For Gentle Exfoliating & Hairless Moisturizers Applicator Tools for Apply Mud Clay Charcoal Mixed Mask Cream Lotion","RamPula","$6.99","215","7","$1503","01/02/2021","$2.89","306","4.5","$4.10","83496","Beauty & Personal Care","B08RXXFCC4","https://www.amazon.com/dp/B08RXXFCC4"
"","","248","G2PLUS 100 PCS Disposable Makeup Frosted Tip Spatula Cosmetic Spatula for Mixing and Sampling 3.2'' x 0.6'' Facial Stick","G2PLUS","$6.99","32","1","$224","03/11/2015","$2.89","690","4.8","$4.10","36460","Beauty & Personal Care","B00PRS5CC6","https://www.amazon.com/dp/B00PRS5CC6"
"","","249","Makeup Blender Sponge Makeup Sponge Set - Dry and Wet Face Sponge for Makeup - Flawless - Professional Makeup Applicator Sponge 3 Pcs for Blending Liquid Foundation Cream (Creamy White Pink Purple)","PEEPYPET","$9.98","5","0","$50","06/20/2021","$5.64","15","4.9","$4.34","444888","Beauty & Personal Care","B0972FS2CL","https://www.amazon.com/dp/B0972FS2CL"
"","","250","6 Pieces Clear Silicone Makeup Sponge Washable Silicone Makeup Applicator Cosmetic Silicone Make up Sponges Gel Foundation Applicator Silicone Cosmetic Sponge Puff Pad Cosmetic Beauty Tools Blender","Mimorou","$10.59","21","0","$222","10/06/2021","$6.08","25","4.1","$4.51","196611","Beauty & Personal Care","B09FG6YFHD","https://www.amazon.com/dp/B09FG6YFHD"
"","","251","ZYIGYI 200 Pcs Disposable Lip Brushes Lipstick Applicator Lip Gloss Wands 4 Color","ZYIGYI","$4.99","...","...","...","04/30/2022","$1.67","29","4.6","$3.32","74007","...","B09V1JXQJC","https://www.amazon.com/dp/B09V1JXQJC"
"","","252","TEONEI Foundation Sponge Powder BrushSponge Makeup BrushesPuff Makeup Brush Sponge Applicator Concealer BrushSoft Mushroom Head Design3Pcs","TEONEI","$9.18","...","...","...","07/31/2022","$5.53","0","","$3.65","173793","...","B0B6581133","https://www.amazon.com/dp/B0B6581133"
"","","253","300 Pack Disposable Makeup Brushes Sets Mascara Wand Lip Brushes Cotton Swab for Eyebrow Eyelash Extension Tattoo Lipstick Applicator (Pink)","myaokue-up","$8.99","210","7","$1888","07/06/2021","$4.73","14","5","$4.26","63292","Beauty & Personal Care","B097H7DT7T","https://www.amazon.com/dp/B097H7DT7T"
"","","254","tifanso 400PCS Micro Brushes Microswabs for Eyelash Extensions Disposable Microbrush Applicators Makeup Micro Applicator Brush with Crystal Wands(Head Diameter: 2.0mm) (Black and Pink)","tifanso","$5.59","...","...","...","02/28/2022","$2.22","112","4.7","$3.37","40895","...","B09QGPNSXH","https://www.amazon.com/dp/B09QGPNSXH"
"","","255","8 Pieces Triangle Powder Puff Triangle Makeup Puff Pure Cotton Powder Velour Soft Face Makeup Tool with Storage Box Washable Cosmetic Foundation Puffs (4Black + 4Nude)","ESOOEY","$6.99","...","...","...","02/05/2022","$2.89","101","4.6","$4.10","41610","...","B09QCXDFRV","https://www.amazon.com/dp/B09QCXDFRV"
"","","256","Lurrose 6PCS Portable Sponge Eye Shadow Brush Eyeshadow Applicators Eye Makeup Brushes Slim Handle Brush Beauty Makeup Tool Paint Brushes for Women Girls","Lurrose","$6.49","15","0","$97","08/14/2018","$3.05","68","3.9","$3.44","228409","Beauty & Personal Care","B07FMHHYP4","https://www.amazon.com/dp/B07FMHHYP4"
"","","257","ENERGY Under Concealer Brushes Set Premium Makeup Brush Kit Flat Top Concealer Brush Angled Precise Under Eye Primer Corrector Makeup Applicator for Liquid Cream Powder Eyeshadow Concealer Foundation Blending Stippling 270 272","ENERGY","$9.89","...","...","...","02/19/2022","$5.56","2","5","$4.33","294594","...","B09R7NX8YT","https://www.amazon.com/dp/B09R7NX8YT"
"","","258","10 Pieces Pure Powder Puff Face Triangle Soft Makeup Powder Puff for Loose Powder Mineral Powder Body Powder Makeup Tool","Maitys","$9.99","3199","106","$31958","10/23/2020","$5.65","2017","4.7","$4.34","7431","Beauty & Personal Care","B08JGL7ZRR","https://www.amazon.com/dp/B08JGL7ZRR"
"","","259","3 Packs Double-Ended Silicone Face Mask Brush Silicone Facial Mud Mask Applicator Brushes Cosmetic Makeup Brush Scoop Soft Silicone Beauty Brush Tools for Cream Lotion (Light Green Orange Pink)","Shappy","$7.59","36","1","$273","07/08/2020","$4.06","248","4.6","$3.53","177782","Beauty & Personal Care","B08DCCKB3B","https://www.amazon.com/dp/B08DCCKB3B"
"","","260","Kalevel Mushroom Makeup Sponge Cosmetic Puff Blender Latex Free Foundation Sponge Applicator with Case and Handle (3 Pack Skin Color)","Kalevel","$8.99","45","1","$405","04/03/2019","$5.35","122","4.1","$3.64","119704","Beauty & Personal Care","B07QB82D2V","https://www.amazon.com/dp/B07QB82D2V"
"","","261","105 Pieces USB Mini Portable Fan Rechargeable Air Conditioning Blower Lash Shampoo Brushes Nose Blackhead Facial Cleaning Brush Plastic Wash Bottle Eyelash Mascara Brushes Micro Brush Applicators(rose red)","kioooki","$14.99","...","...","...","07/30/2022","$8.97","1","5","$6.02","54695","...","B0B69CX7VR","https://www.amazon.com/dp/B0B69CX7VR"
"","","262","100PCS Disposable Crystal Eyelash Mascara Brushes Wands Applicator Makeup Kits for Eye Lash Extension Eyebrow and Makeup (Blue and Pink)","Thsinde","$5.99","...","...","...","...","...","0","","","244294","...","B0B7M8T29J","https://www.amazon.com/dp/B0B7M8T29J"
"","","263","Eyelash Curlers Kit 6Pcs - Eyebrow Tweezer for women - Eyelash Applicator tool with comb - Portable Eyebrow Grooming kit - Mini Eyebrow Scissor Set - Eye Brow Clippers Brush for Fake Lash Cosmetic","GELMAY","$8.00","0","0","$0","06/10/2022","$3.82","0","","$4.18","334061","Beauty & Personal Care","B0B11NLXC9","https://www.amazon.com/dp/B0B11NLXC9"
"","","264","20PCS Square Women's Soft Beauty Makeup Foam Sponge Blender Latex Free Eye Face Wedges Foundation Blender Facial Smooth Powder Puff Cosmetics Blush Applicators Sponges Use for Dry and Wet","Pormasbenzer","$7.59","42","1","$319","03/23/2020","$4.06","63","4.3","$3.53","122826","Beauty & Personal Care","B082Y16C8G","https://www.amazon.com/dp/B082Y16C8G"
"","","265","1200pcs Precision Tip Cotton Swabs for Makeup Bamboo Sticks and Double Pointed","Quanzhou Chenchenchen E-Commerce Co.Ltd","$11.99","891","29","$10683","02/20/2019","$6.42","1313","4.6","$5.57","19789","Beauty & Personal Care","B085TBDXC4","https://www.amazon.com/dp/B085TBDXC4"
"","","266","ZYIGYI 200 PCS Disposable Eyeliner Makeup Brushes Applicator Cosmetic Eye Wands Pink","ZYIGYI","$6.99","...","...","...","02/10/2022","$3.51","16","4.6","$3.48","217362","...","B09NYMZG2H","https://www.amazon.com/dp/B09NYMZG2H"
"","","267","50pcs Sponge Eyeshadow Brush Black Double Sided Eyeshadow Applicator Disposable Makeup Brush for Home and Salon","LEORX","$9.79","30","1","$294","...","$5.47","26","4.3","$4.32","169586","Beauty & Personal Care","B07YDCC76R","https://www.amazon.com/dp/B07YDCC76R"
"","","268","Lurrose Double Sided Eye Shadow Sponge Applicator Eye Brow Make Up Brush Portable Makeup Tool 20pcs (Black)","Lurrose","$6.99","45","1","$315","09/14/2019","$3.51","140","3.6","$3.48","89312","Beauty & Personal Care","B07MVWD48P","https://www.amazon.com/dp/B07MVWD48P"
"","","269","Pimoys 6 Pieces Powder Puff Makeup Puff Face Soft Triangle Powder Puffs for Loose Powder Mineral Powder Body Powder Velour Cosmetic Foundation Sponges Blender Beauty Makeup Tools(Nude)","Pimoys","$8.99","12296","409","$110541","11/20/2020","$5.35","2360","4.7","$3.64","633","Beauty & Personal Care","B09N94X549","https://www.amazon.com/dp/B09N94X549"
"","","270","200PCS Excellent Micro BrushesHigh-end Microswabs for Eyelash Extensions Micro Applicator Brush for Makeup and Personal Care (Black)","G2PLUS","$6.99","...","...","...","05/26/2022","$3.51","2","5","$3.48","113030","...","B09TZLGBC8","https://www.amazon.com/dp/B09TZLGBC8"
"","","271","20 Pieces Silicone Face Mask Brushes with Storage Box Silicon Epoxy Brushes Facial Mud Mask Applicator Brush for Foundation Cosmetic Mask Body Lotion and Body Butter Beauty Tools","Patelai","$14.99","80","2","$1199","03/31/2021","$8.97","47","4.6","$6.02","108799","Beauty & Personal Care","B08X75Q1Y5","https://www.amazon.com/dp/B08X75Q1Y5"
"","","272","LORMAY 7 Pcs Silicone Brush applicator kit for UV Resin Epoxy Art Crafting and Cream Makeup Products (Purple)","LORMAY","$8.99","109","3","$980","05/29/2018","$5.35","725","4.7","$3.64","19859","Beauty & Personal Care","B071NVN8NF","https://www.amazon.com/dp/B071NVN8NF"
"","","273","Round Makeup Powder Foundation Puffs: Fluffy Cosmetic Loose Powder Pad Women Girl Beauty Air Cushion Powder Puffs Makeup Tools 6pcs","FOMIYES","$11.29","...","...","...","...","...","0","","","267344","...","B09WHSF96H","https://www.amazon.com/dp/B09WHSF96H"
"","","274","6pcs Eye Makeup Auxiliary Guard ToolLash Mascara Applicator Guide Eyelash Comb Cosmetic Tool Artifact Painting Eyeliner Silicone Eyelashes for Eye Makeup (6pcs Colorful)","AGSIXZLAN","$7.99","...","...","...","07/10/2022","$4.43","0","","$3.56","352750","...","B0B3XQ9SVG","https://www.amazon.com/dp/B0B3XQ9SVG"
"","","275","Hisuper 102 Disposable Silicone Mascara Brush Mascara Wands Eyelash Makeup Brushes Applicators Kits for Eyelash Extensions and Eyebrow Brush","Hisuper","$10.99","...","...","...","07/13/2022","...","0","","","172047","...","B0B3X9JBCD","https://www.amazon.com/dp/B0B3X9JBCD"
"","","276","1PC Makeup Sponge Blender Latex Free Beauty Foundation Blending Sponge Make Up Applicator Sponges Immaculate for Liquid Cream Powder (Random) Professional and Attractive","U-K","$1.40","15","0","$21","05/18/2022","$-2.44","0","","$3.84","215410","Beauty & Personal Care","B0B1PPGTBM","https://www.amazon.com/dp/B0B1PPGTBM"
"","","277","Beauty Junkees Makeup Sponge Blender - Pink Egg Foundation Makeup Blender Sponge Liquid Cream Powder Contour Blending Sponges Make Up Applicator Cosmetic Blenders Wet Dry Beauty Sponge Latex Free","Beauty Junkees","$9.97","60","2","$598","06/12/2013","$5.63","610","4.4","$4.34","98997","Beauty & Personal Care","B06XNZ5KXP","https://www.amazon.com/dp/B06XNZ5KXP"
"","","278","50 Pieces Round Makeup Sponge with Travel Case Soft Mini Applicator for Foundation Compact Powder Sponge Small Applicator Sponges Puff Beauty Face Foundation Blender","Potchen","$9.46","20","0","$189","10/28/2021","$5.16","23","3.7","$4.30","279786","Beauty & Personal Care","B09HB8LLM5","https://www.amazon.com/dp/B09HB8LLM5"
"","","279","Swisspers Cotton Swabs 80 Count Cosmetic Applicators (3 Pack)","Swisspers","$9.89","102","3","$1009","05/01/2018","...","104","4.8","","59668","Beauty & Personal Care","B07CS9MS7T","https://www.amazon.com/dp/B07CS9MS7T"
"","","280","12 Pieces Cotton Powder Puff3.15 inch Round Portable Soft Sponge Cosmetic PuffsVelvet Powder Puff with Ribbon Band Handle for Loose Powder Body Powder Makeup Tool","Scartink","$7.59","...","...","...","04/22/2022","$3.44","7","3.5","$4.15","80314","...","B09V27VZM5","https://www.amazon.com/dp/B09V27VZM5"
"","","281","Unaone Disposable Lip Brushes 100 Pcs Lip Applicator Lip Gloss Brushes Lipstick Lip Wands Makeup Beauty Brushes for Lipstick Lip Gloss Lip Mask Eyeshadow Pink","Unaone","$10.99","...","...","...","05/02/2022","$5.8","3","4.3","$5.19","330881","...","B09VDGGM47","https://www.amazon.com/dp/B09VDGGM47"
"","","282","Bdellium Tools Professional Makeup Brush Studio Series - Sponge Applicator 740","BDELLIUM TOOLS","$8.00","5","0","$40","04/24/2012","$4.44","161","4.4","$3.56","140375","Beauty & Personal Care","B002UL5ZPW","https://www.amazon.com/dp/B002UL5ZPW"
"","","283","Yoseng Oval Foundation Brush Large Toothbrush makeup brushes Fast Flawless Application Liquid Cream Powder Foundation SunscreenAll Black","Yoseng","$5.66","390","13","$2207","05/10/2021","$1.67","51","4.6","$3.99","44665","Beauty & Personal Care","B092C97YGQ","https://www.amazon.com/dp/B092C97YGQ"
"","","284","100pcs Lip Gloss Wands Disposable Bamboo Handle Lip Brushes Lipstick Applicator Makeup Tool","myaokue-up","$10.99","56","1","$615","10/13/2020","$6.42","48","4.8","$4.57","133301","Beauty & Personal Care","B08CK1NXH1","https://www.amazon.com/dp/B08CK1NXH1"
"","","285","Molain 24 Pieces Mini Loose Powder Puff Makeup Sponge Beauty Blender Foundation Puffs For Face Make Up Blending Holder Pads Applicator Tools Accessories (White)","Molain","$5.49","...","...","...","06/05/2022","$1.51","1","5","$3.98","463951","...","B09YVGFQ2Z","https://www.amazon.com/dp/B09YVGFQ2Z"
"","","286","Shintop 300pcs Micro Applicator Brushes Disposable Eyelash Extension Brushes for Makeup Oral and Dental (Purple+Blue+Pink)","Shintop","$8.99","134","4","$1205","01/16/2019","$4.5","688","4.7","$4.49","99920","Beauty & Personal Care","B07BT7RGPK","https://www.amazon.com/dp/B07BT7RGPK"
"","","287","Jaciya 200Pcs Disposable Lip Brushes Eyelash Brushes Dual Sided Eyeshadow Brushes Eyeliner Brushes Makeup Brush Applicator Tool","Jaciya","$9.99","15","0","$150","11/05/2017","$6.27","317","4.6","$3.72","292785","Beauty & Personal Care","B074DQ9G9D","https://www.amazon.com/dp/B074DQ9G9D"
"","","288","Artist's Choice Disposable Single Ended Eye Makeup Applicators For Monochromatic Looks Soft Sponge Pad Tips Small Size Stores Easily Precise Application Sanitary Single-Use Option Pack of 100","Artist's Choice","$8.16","...","...","...","...","$3.97","9","3","$4.19","300969","...","B00FBRNW84","https://www.amazon.com/dp/B00FBRNW84"
"","","289","VVS 1pcs Professional Makeup Brush Set Premium Synthetic Foundation Brush Blending Powder Tapered Kabuki Liquid Foundation Makeup Brushes Cosmetics Applicator (Gold 1)","VVS","$5.29","188","6","$995","12/13/2019","$1.95","1137","4.5","$3.34","61990","Beauty & Personal Care","B07YHYZLHW","https://www.amazon.com/dp/B07YHYZLHW"
"","","290","Bysiter Disposable Eyeliner Brush Eye shadow Applicator Fine Point Eye Liner Pens Lip Liner brushs Cosmetic Wands Makeup Tool set200pcs (Black)","Bysiter","$8.98","4","0","$36","04/06/2018","$5.34","53","4.6","$3.64","141892","Beauty & Personal Care","B071FR8Q7D","https://www.amazon.com/dp/B071FR8Q7D"
"","","291","300Pcs Multicolor Disposable Lip Brushes Lip Gloss Applicators Make Up Brush Lipstick Applicator Tool Makeup Beauty Tool Kits Hollow Stick Best Belong (Multicolor)","Best Belong","$9.99","55","1","$549","03/13/2021","$5.42","33","4.6","$4.57","177914","Beauty & Personal Care","B08TTYRRDP","https://www.amazon.com/dp/B08TTYRRDP"
"","","292","6' Cotton Swabs Wooden Handles Cotton Tipped Applicator Wood Sticks with Single Tip for Gun Cleaning Wound Clean Makeup Removal Residue Tbestmax (500)","Tbestmax","$6.99","450","15","$3146","04/13/2019","$2.66","424","4.6","$4.33","27389","Beauty & Personal Care","B07P8PTDW2","https://www.amazon.com/dp/B07P8PTDW2"
"","","293","CoverGirl Makeup Masters Eyeshadow Applicators 3 ea (Pack of 6)","COVERGIRL","$17.74","0","0","$0","04/06/2019","...","3","4.4","","383845","Beauty & Personal Care","B01IAFEIR2","https://www.amazon.com/dp/B01IAFEIR2"
"","","294","Vsaidi Eyeshadow Brushes Makeup Brushes 10pcs Eyeshadow Sponge Dual Sides Eyeshadow Applicator Travel Eyeshadow Brush Concealer Brush","Vsaidi","$5.99","33","1","$198","02/26/2020","$2.59","47","4.4","$3.40","138920","Beauty & Personal Care","B0839L7NTV","https://www.amazon.com/dp/B0839L7NTV"
"","","295","Large Flat Top Kabuki Foundation Brush By Keshima - Premium Makeup Brush for Liquid Cream and Powder - Buffing Blending and Face Brush 1.6' Top Diameter","KESHIMA","$10.00","11397","379","$113970","10/07/2014","$5.66","31254","4.6","$4.34","878","Beauty & Personal Care","B0786Q4KMR","https://www.amazon.com/dp/B0786Q4KMR"
"","","296","6 Pieces Silicone Brush Set 2 Pieces Silicone Face Mask Brush Facial Mud Mask Applicator Brush 2 Pieces Double-Sided Silicone Exfoliating Lip Brush and 2 Pieces Silicone Facial Cleaning Brushes Pad","Patelai","$6.99","60","2","$419","...","$3.51","188","4.4","$3.48","107905","Beauty & Personal Care","B08D6DSX41","https://www.amazon.com/dp/B08D6DSX41"
"","","297","e.l.f. Camo Powder Sponges Made For The e.l.f. Cosmetics Camo Powder Foundation Blend & Bounce Latex Free Foam 2-Pack","e.l.f.","$3.00","...","...","...","05/19/2022","$-0.22","4","3.8","$3.22","56237","...","B09XMWWNKH","https://www.amazon.com/dp/B09XMWWNKH"
"","","298","BEAKEY 2 Pcs Makeup Sponge Set Foundation Blending Beauty Sponge Flawless for Liquid Cream Foundation & Powder Vertical Cut Makeup Sponges","BEAKEY","$9.99","1577","52","$15754","08/25/2021","$5.65","677","4.6","$4.34","36786","Beauty & Personal Care","B099ZPW1QT","https://www.amazon.com/dp/B099ZPW1QT"
"","","299","Metal Cosmetic Spatulas 3Pcs Makeup Spatula Mini Eye Cream Applicator Facial Cream Mask Scoop Tool Tiny Spatulas for Cosmetics Beauty Accessories","LOPURO","$7.99","0","0","$0","12/29/2021","$4.43","6","4.7","$3.56","278545","Beauty & Personal Care","B09MHQ7SSN","https://www.amazon.com/dp/B09MHQ7SSN"
"","","300","Face Mask BrushMask Beauty Tool Soft Silicone Facial Mud Mask Applicator Brush Hairless Body Lotion And Body Butter Applicator Tools Premium Quality Silicone Face Mask Brushes. Facial Mask Applicators for Mud Clay Charcoal Mixed Mask and Body Lotion (yellow-Flat)","Magitoch","$2.99","...","...","...","03/20/2022","$-0.85","33","4.3","$3.84","41404","...","B09SDW1NCK","https://www.amazon.com/dp/B09SDW1NCK"
"","","301","BS-MALL Makeup Brushes 21 pcs Makeup Tools Kit Premium Synthetic Powder Foundation Blush Contour Concealers Lip Brushes with Makeup Sponge & Eyeshadow Applicator Kit","BS-MALL","$16.99","...","...","...","07/28/2022","...","13","4.6","","113256","...","B0B38T2BG2","https://www.amazon.com/dp/B0B38T2BG2"
"","","302","Disposable Mascara Wands 500PCS Disposable Mascara Applicators Multicolored 10 colors ECBASKET Mascara Brushes Eyelash Eyebrow Brushes Cosmetic Brush Makeup Tools Kit","ECBASKET","$15.99","355","11","$5676","02/24/2018","$9.82","705","4.8","$6.17","54721","Beauty & Personal Care","B0775C3J8Z","https://www.amazon.com/dp/B0775C3J8Z"
"","","303","Sibba 2 Pieces Triangle Powder Puffs Face Cosmetic Powder Puff Washable Reusable Soft Plush Powder Sponge Makeup Foundation Sponge for Face Body Loose Powder Wet Dry Makeup Tool (2Pcs Black&White)","Sibba","$3.97","...","...","...","06/13/2022","...","10","4.6","","23545","...","B0B2DGPV1K","https://www.amazon.com/dp/B0B2DGPV1K"
"","","304","Pangda Swabs Tipped Applicator Double Tipped with Cardboard Handles 400 Pieces (Double-Pointed Tip)","Pangda","$7.99","90","3","$719","08/31/2018","$3.81","169","4.6","$4.18","104093","Beauty & Personal Care","B07G1258MM","https://www.amazon.com/dp/B07G1258MM"
"","","305","Hedume 300 Pack Disposable Eyeliner Brush Eyeliner Brush Applicator Eye Liner Wands for Makeup","Hedume","$15.99","39","1","$624","10/27/2020","$10.67","63","4.4","$5.32","234958","Beauty & Personal Care","B08JYQKWRZ","https://www.amazon.com/dp/B08JYQKWRZ"