"Export time: 8/6/2022, 12:04:18 AM","","#","Product Name","Brand","Price","Mo. Sales","D. Sales","Mo. Revenue","Date First Available","Net","Rating Number","Rating","Fees","Rank","Category","ASIN","Link"
"Search Term: makeup blender sponge","","1","Makeup Sponges Larbois 3-Pack Blender Beauty Foundation Blending Sponge Professional Beauty Makeup Set for Dry & Wet Use (Red+Black+Purple)","Larbois","$4.29","8168","272","$35041","05/08/2020","$0.18","13128","4.6","$4.11","2042","Beauty & Personal Care","B0858WSTBY","https://www.amazon.com/dp/B0858WSTBY"
"Average Sales: 1,142","","2","BEAKEY 5 Pcs Makeup Sponge Set Foundation Blending Beauty Sponge Flawless for Liquid Cream and Powder Multi-colored Makeup Sponges","BEAKEY","$9.99","24546","818","$245215","09/18/2018","$5.65","79507","4.7","$4.34","180","Beauty & Personal Care","B01F36JEXE","https://www.amazon.com/dp/B01F36JEXE"
"Average Sales Rank: 103,806","","3","Real Techniques Mini Miracle Complexion Sponge Makeup Blender Beauty Sponge For Touch Ups Professional Makeup Tool Cruelty Free Latex Free Perfect For Travel or On The Go 4 Count","Real Techniques","$6.79","9911","330","$67296","12/06/2017","$2.71","15043","4.3","$4.08","983","Beauty & Personal Care","B01N1A00VH","https://www.amazon.com/dp/B01N1A00VH"
"Average Price: $9.01","","4","Real Techniques Miracle Complexion Sponge Makeup Blender for Liquid and Cream Foundation Full Coverage Streak-Free Professional Makeup Tool Cruelty Free Vegan Latex Free 4 Count","Real Techniques","$14.26","15111","503","$215483","02/24/2017","$8.58","14434","4.8","$5.68","1543","Beauty & Personal Care","B01JINOV5E","https://www.amazon.com/dp/B01JINOV5E"
"Average Rating Number: 1,750","","5","Makeup Sponges Foonbe Foundation Blending Beauty Sponge Dry & Wet Use for Powder Cream or Liquid Application (3 Pcs Multi-colored )","Foonbe","$4.59","8485","282","$38946","04/08/2021","$0.68","4949","4.7","$3.91","2142","Beauty & Personal Care","B08X6BQNXP","https://www.amazon.com/dp/B08X6BQNXP"
"","","6","BS-MALL Makeup Sponge Set 7 Pcs blender sponge for Liquid Cream and Powder Multi-colored Makeup Sponges Pink","BS-MALL","$6.99","2593","86","$18125","06/01/2021","$2.89","616","4.6","$4.10","5095","Beauty & Personal Care","B08ZYKFNLK","https://www.amazon.com/dp/B08ZYKFNLK"
"","","7","5 Pcs Makeup Sponges Blender Set - 4 Pcs Professional Beauty Sponge Foundation Blending Blender with 1 Sponge Holder and Egg Case Flawless for Cream Powder and Liquid (Pink)","Leeshine","$6.99","4273","142","$29868","05/17/2021","$2.89","2216","4.6","$4.10","3270","Beauty & Personal Care","B091HYLM7B","https://www.amazon.com/dp/B091HYLM7B"
"","","8","AOA Studio Collection Makeup Sponge Set Makeup Blender Latex Free and High-definition Set of 6 Makeup Blender For Powder Cream and Liquid Super Soft Wonder Blender Beauty Cosmetic","AOA STUDIO","$9.95","13967","465","$138972","12/17/2020","$5.61","4544","4.7","$4.34","470","Beauty & Personal Care","B08GSTPT8Y","https://www.amazon.com/dp/B08GSTPT8Y"
"","","9","AJOKE 10 Pcs Perfect Makeup Sponge Set Blender Beauty Sponge Makeup Blender Flawless for LiquidMulti-colored Makeup Sponges","AJOKE","$9.98","3777","125","$37694","02/20/2020","$5.41","3630","4.7","$4.57","5461","Beauty & Personal Care","B083SDH4LQ","https://www.amazon.com/dp/B083SDH4LQ"
"","","10","Real Techniques Miracle Complexion Sponge Beauty Sponge For Makeup Blending & Foundation Application Full Coverage Streak-Free Professional Makeup Tool Cruelty Free Vegan Latex Free 2 Count","Real Techniques","$4.00","1053","35","$4212","03/09/2015","$0.14","21265","4.7","$3.86","129","Beauty & Personal Care","B00QPNVC0I","https://www.amazon.com/dp/B00QPNVC0I"
"","","11","3pcs Beauty Makeup Sponges set for Dry & Wet Use - Foundation Blending Sponge for Concealer Blush Powder Multi-color Blender Sponges (3pcs - Multi-colored A)","KNEEDARKYEAR","$3.99","1723","57","$6875","02/04/2021","$0.13","698","4.5","$3.86","8999","Beauty & Personal Care","B08NVHW7N7","https://www.amazon.com/dp/B08NVHW7N7"
"","","12","NYX PROFESSIONAL MAKEUP Jumbo Eye Pencil Eyeshadow & Eyeliner Pencil - Milk","NYX PROFESSIONAL MAKEUP","$4.50","30009","1000","$135041","07/13/2013","$1.22","43397","4.3","$3.28","19","Beauty & Personal Care","B001TK4LM8","https://www.amazon.com/dp/B001TK4LM8"
"","","13","Real Techniques Miracle Complexion Sponge Beauty Sponge For Makeup Blending & Foundation Application Streak Free Full Coverage Finish 1 Count","Real Techniques","$5.47","119","3","$651","12/05/2013","$1.49","11283","4.7","$3.98","20786","Beauty & Personal Care","B00EUBPHR6","https://www.amazon.com/dp/B00EUBPHR6"
"","","14","Foundation BrushDUcare Flat Top Kabuki Brush Synthetic Professional Makeup Brushes Liquid Blending Mineral Powder Buffing Stippling Makeup Tools Rose Golden/White","DUcare","$6.79","1150","38","$7809","11/13/2016","$2.71","18504","4.7","$4.08","795","Beauty & Personal Care","B01EFKBF4A","https://www.amazon.com/dp/B01EFKBF4A"
"","","15","Artist's Choice Makeup Sponge Mini Applicator Wedges For Foundation Blush Eye Shadow Crisp Edges for Control Effortless Blending and Smoothing Sanitary Single-Use Option Latex Free Pack of 100","Artist's Choice","$9.99","925","30","$9241","02/10/2013","$5.42","4990","4.6","$4.57","1625","Beauty & Personal Care","B00FBRNONW","https://www.amazon.com/dp/B00FBRNONW"
"","","16","Covergirl + Olay Simply Ageless 3-in-1 Liquid Foundation Creamy Natural","COVERGIRL","$11.84","18699","623","$221396","12/17/2013","$6.52","33556","4.5","$5.32","328","Beauty & Personal Care","B01ACPW2QC","https://www.amazon.com/dp/B01ACPW2QC"
"","","17","Hygea Beauty Makeup Sponge Blender Set of 5 - Non Latex Soft Multi-colored Foundation Blending Sponges for Cream Powder and Liquid (Teardrop - Multicolor)","HYGEA BEAUTY","$8.97","1102","36","$9885","10/21/2020","$4.71","3333","4.7","$4.26","18058","Beauty & Personal Care","B08DM8WFWW","https://www.amazon.com/dp/B08DM8WFWW"
"","","18","BEAKEY Makeup Sponge 10 Pcs Latex-free and Vegan Beauty Sponge Flawless for Cream Liquid Foundation & Powder Application","BEAKEY","$9.99","4414","147","$44096","08/09/2020","$5.65","5290","4.7","$4.34","7587","Beauty & Personal Care","B0897J4R1D","https://www.amazon.com/dp/B0897J4R1D"
"","","19","6 Pcs Makeup Blender Beauty Sponge Set - Foundation Blending Beauty Sponge Blender for Liquid Foundation Cream and Powder Super Soft Latex Free Makeup Sponges(Light Pink)","Leeshine","$7.99","1176","39","$9396","09/24/2021","$3.81","429","4.6","$4.18","13936","Beauty & Personal Care","B09TD2VBR1","https://www.amazon.com/dp/B09TD2VBR1"
"","","20","Aesthetica Cosmetics Beauty Sponge Blender - Latex Free and Vegan Makeup Sponge Blender - For Powder Cream or Liquid Application - One Piece Make Up Sponge","Aesthetica","$4.97","8167","272","$40590","12/21/2015","$1.03","39688","4.6","$3.94","1510","Beauty & Personal Care","B013XJUWC0","https://www.amazon.com/dp/B013XJUWC0"
"","","21","ForPro Beauty Wedges Latex Free Foam Sponges Makeup Blenders for Powder and Liquid Makeup 100-Count","ForPro Professional Collection","$11.99","441","14","$5288","12/13/2003","$6.65","504","4.7","$5.34","3731","Beauty & Personal Care","B00011JTI2","https://www.amazon.com/dp/B00011JTI2"
"","","22","The BEAUTYBLENDER Original Pink Blender Makeup Sponge for blending liquid Foundations Powders and Creams. Flawless Professional Streak Free Application Blend Vegan Cruelty Free and Made in the USA","beautyblender","$20.00","9106","303","$182120","01/30/2018","$13.46","18356","4.6","$6.54","1206","Beauty & Personal Care","B07VBNQ367","https://www.amazon.com/dp/B07VBNQ367"
"","","23","EcoTools Bioblender Duo Natural Makeup Blender Beauty Sponges for Liquid and Cream Foundation Set of 2","EcoTools","$8.30","1008","33","$8366","06/23/2017","$4.1","1083","4.6","$4.20","16437","Beauty & Personal Care","B08RQLJRJ3","https://www.amazon.com/dp/B08RQLJRJ3"
"","","24","4 Pcs Makeup Sponge Beauty Blender Set - Makeup Sponges For Foundation Blender with Egg Case and 1 Holder Flawless for Cream Powder and Liquid (4PCSPurple)","Blueness","$5.99","3871","129","$23187","10/05/2021","$1.97","1456","4.6","$4.02","8858","Beauty & Personal Care","B09GKG4QD5","https://www.amazon.com/dp/B09GKG4QD5"
"","","25","InnoGear Makeup Sponge 10 Pcs Makeup Sponges Blender Set Beauty Cosmetic Foundation Blending Applicator Puff Flawless for Liquid Cream Powder (Multi colored)","InnoGear","$9.99","3598","119","$35944","10/23/2019","$5.65","10701","4.6","$4.34","5640","Beauty & Personal Care","B07VVNVQY2","https://www.amazon.com/dp/B07VVNVQY2"
"","","26","BEAKEY 4+1Pcs Makeup Sponges with Powder Brush Foundation Blending Sponge for Liquid Cream and Powder Professional Beauty Sponge Blender & Kabuki Brush","BEAKEY","$7.99","113","3","$903","02/07/2018","$3.81","7050","4.6","$4.18","16243","Beauty & Personal Care","B075CHYM3K","https://www.amazon.com/dp/B075CHYM3K"
"","","27","Real Techniques Miracle Complexion Beauty Sponge Makeup Blender with Case Perfect For Travel Beauty Sponge For Foundation Application Streak-Free Makeup Tool Cruelty Free Latex Free 2 Piece Set","Real Techniques","$6.49","1711","57","$11104","09/08/2017","$2.43","9562","4.7","$4.06","8573","Beauty & Personal Care","B075S4K5R8","https://www.amazon.com/dp/B075S4K5R8"
"","","28","Real Techniques Airblend Sponge Beauty Makeup Sponge For Foundation Blends and Mattifies Blue 1 Count","Real Techniques","$5.18","1303","43","$6750","06/30/2021","$1.23","976","3.8","$3.95","12815","Beauty & Personal Care","B097WYJ9JP","https://www.amazon.com/dp/B097WYJ9JP"
"","","29","Makeup Sponge 18 Pcs Set-Beauty Sponge Foundation Blending Sponge with 2 Pcs Egg Sponge Blending Holder Stand Flawless for Liquid & Creams & Powers (Sponge stand color random)","XING-RUIYANG","$9.99","757","25","$7562","03/07/2020","$5.42","3235","4.7","$4.57","16049","Beauty & Personal Care","B083GTN3RZ","https://www.amazon.com/dp/B083GTN3RZ"
"","","30","8 Pcs Makeup Sponges Blender Set - Makeup Sponges For Foundation Blender with 1 Holder Flawless for Cream Powder and Liquid (8PCS Mix)","Blueness","$5.99","1722","57","$10315","11/26/2021","$1.97","226","4.6","$4.02","7562","Beauty & Personal Care","B09LQL2QWQ","https://www.amazon.com/dp/B09LQL2QWQ"
"","","31","Makeup Sponge Blender Beauty Sponge Set 12pcs and Beauty Foundation Sponge Blender Holder 1PCSBlending Sponges Cosmetic Puff Flawless for Cream Liquid Foundation & PowderGift for Women","S SUSANN","$11.99","1127","37","$13513","11/06/2020","$6.65","957","4.6","$5.34","13573","Beauty & Personal Care","B08FFPHCL6","https://www.amazon.com/dp/B08FFPHCL6"
"","","32","12 Pieces Professional Makeup Sponge SetLatex Free Flawless Soft Setting Face PuffsMulticolor Beauty Blender Cosmetic Applicator for PowderLiquidFacial Makeup Tools","Scartink","$8.59","...","...","...","05/08/2022","$4.36","40","4.3","$4.23","17119","...","B09VKP2T7Z","https://www.amazon.com/dp/B09VKP2T7Z"
"","","33","Premium 5PCS Makeup Sponges Latex Free Facial Sponge Blender Flawless for Powder Cream and Liquid Multi-Colored Facial Beauty Sponges","GUIGUDESN","$4.29","237","7","$1017","06/10/2021","$0.41","166","4.6","$3.88","20340","Beauty & Personal Care","B0933L3QYR","https://www.amazon.com/dp/B0933L3QYR"
"","","34","AOA Studio Collection Makeup Mochi Sponge Set Makeup Blender Latex Free and High-definition Set of 6 Makeup Blender For Powder Cream and Liquid Wonder Blender Beauty Cosmetic (6 Count)","AOA STUDIO","$9.95","...","...","...","01/08/2022","$5.61","266","4.7","$4.34","3756","...","B09MWK3KWS","https://www.amazon.com/dp/B09MWK3KWS"
"","","35","24 PCS Makeup SpongeBeauty Sponge Makeup BlenderFoundation Blending Beauty Sponge with 1 Holder for Liquid and Cream FoundationPowderDry and Wet Use8 Colors","Gddochn","$10.99","...","...","...","06/03/2022","$5.57","8","4.7","$5.42","67049","...","B09X2ZCFVB","https://www.amazon.com/dp/B09X2ZCFVB"
"","","36","FERYES Makeup Sponge Holder  Shatterproof Eco-Friendly Silicone Beauty Make Up Blender Case for Travel - Khaki","FERYES","$9.99","4971","165","$49660","09/30/2021","$5.65","381","4.7","$4.34","3690","Beauty & Personal Care","B09DYK5DWG","https://www.amazon.com/dp/B09DYK5DWG"
"","","37","COSTICA Makeup Sponge Set Blender Beauty Sponge Makeup Blender Flawless for Liquid - Multi Colored 4 pcs Rose Series","光之城 costica","$5.99","2300","76","$13777","03/20/2021","$1.74","1137","4.6","$4.25","5794","Beauty & Personal Care","B08Y5Z64XK","https://www.amazon.com/dp/B08Y5Z64XK"
"","","38","SINEN 4 Pcs Dry and Wet Use Makeup Sponge Set Blender Beauty Foundation Blending Sponge for Liquid Cream and Powder with Egg Sponge Blending Holder Box","SINEN","$4.99","683","22","$3408","03/12/2021","$0.82","972","4.6","$4.17","27671","Beauty & Personal Care","B08R93N2QJ","https://www.amazon.com/dp/B08R93N2QJ"
"","","39","25pcs Makeup Sponge Blender Set24 Pcs Foundation Blending Beauty Sponge with 1 HolderBeauty Cosmetic Foundation Blending Powder Puff for Liquid Cream Powder","Woozettn","$11.99","...","...","...","05/30/2022","$6.42","5","5","$5.57","93524","...","B09XHQD5BT","https://www.amazon.com/dp/B09XHQD5BT"
"","","40","Beauty Blenders Makeup Sponge Blending Set Beauty Sponges Latex-free Blender Powder Puff for Foundation blending Concealer Flawless (Black)","Muyky","$10.99","175","5","$1923","07/21/2020","...","198","4.5","","47905","Beauty & Personal Care","B089CW3Q5X","https://www.amazon.com/dp/B089CW3Q5X"
"","","41","Mocokkiti 4 Pcs Makeup Sponge Set Blender Foundation Blending Beauty Sponge Soft Sponge For Liquid Foundation Creams Powders Latex Free Wet and Dry Makeup Sponges (Pink Series)","Mocokkiti","$4.49","743","24","$3336","05/30/2021","$0.59","708","4.6","$3.90","28020","Beauty & Personal Care","B09328196J","https://www.amazon.com/dp/B09328196J"
"","","42","Amazon Brand - Solimo Large Blending Sponge 4-pack","Solimo","$9.05","1890","63","$17105","05/22/2021","$1.9","634","4.7","$7.15","21077","Beauty & Personal Care","B08MVNHTYS","https://www.amazon.com/dp/B08MVNHTYS"
"","","43","Makeup Sponge Beauty Sponge Makeup Blender Sponge 8 PCS Original Scene MusicMusic Type :Kawaii Bass)Dry and Wet Use Makeup Sponges for Foundation Makeup Blender Sponge Set with Gift Box Yushinv (pink)","Yushinv","$5.49","653","21","$3585","08/12/2021","$1.51","263","4.4","$3.98","25916","Beauty & Personal Care","B099S91KR5","https://www.amazon.com/dp/B099S91KR5"
"","","44","BEZOX Makeup Sponge Holder Cosmetic Blender Silicon Travel Case Make-up Face Sponges Container (BLENDER NOT INCLUDED) - Pink","BEZOX","$8.99","2496","83","$22439","02/21/2020","$4.73","3029","4.7","$4.26","7165","Beauty & Personal Care","B07YBZRM3T","https://www.amazon.com/dp/B07YBZRM3T"
"","","45","Larbois Makeup Sponges Dry & Wet Use Beauty Blender 3 Pack Professional for Sensitive Skin Upgrade Material Compatible for Foundation Cream Powder and etc","Larbois","$7.99","2400","80","$19176","02/29/2020","$3.81","5273","4.5","$4.18","69669","Beauty & Personal Care","B082LZ3X6L","https://www.amazon.com/dp/B082LZ3X6L"
"","","46","OWQ Set of 10 Beauty Makeup Sponge Blender - Non Latex Soft Multi-colored Foundation Blending Sponges for Cream Powder and Liquid (1PACK)","OWQ","$28.99","222","7","$6436","12/06/2020","$20.87","23","4.2","$8.12","66647","Beauty & Personal Care","B08JGD41X1","https://www.amazon.com/dp/B08JGD41X1"
"","","47","Makeup Sponge Larbois 3 Pcs Foundation Blending Beauty Sponge with Travel Case Breathable & Easy to CarryProfessional Makeup Blender Sponges for Face Latex Free for Dry & Wet Use","Larbois","$7.99","...","...","...","07/09/2022","$3.81","47","4.4","$4.18","20948","...","B09XT4T57Q","https://www.amazon.com/dp/B09XT4T57Q"
"","","48","Makeup Sponges for Foundation - Beauty Blender Sponge - Beauty Sponge Multi-colored Makeup Blender Set-7pcs ( 5 pieces normal size and 2 mini size)","Liriaelf","$10.00","309","10","$3090","09/22/2021","$5.66","295","4.5","$4.34","36079","Beauty & Personal Care","B09CKY8MN3","https://www.amazon.com/dp/B09CKY8MN3"
"","","49","BEAKEY 3+1 Pcs Makeup Sponges with Kabuki Contour Brush Beauty Sponge Blenders with 3 Shapes for Liquid Foundation Cream and Powder (3 Sponges+ 1 Contour Brush)","BEAKEY","$7.99","1138","37","$9093","09/24/2018","$4.43","4342","4.6","$3.56","18857","Beauty & Personal Care","B07G4RJVGD","https://www.amazon.com/dp/B07G4RJVGD"
"","","50","25pcs Cosmetic Puff Powder Puff Beauty Women's Makeup Wedge Foundation Sponge Blender to Make Up Tools Accessories","TIANCHENG","$5.99","2116","70","$12675","02/07/2020","$1.97","1547","4.4","$4.02","10499","Beauty & Personal Care","B081PT14XY","https://www.amazon.com/dp/B081PT14XY"
"","","51","Charm Arbre Makeup Blender Sponge SetCosmetics toolMulti-functional Beauty Blender for Powder Liquid and Cream Blending Applicators for FoundationsLight Red and Beige 4Pcs Set.","Charm Arbre","$7.99","152","5","$1214","01/11/2021","$3.81","584","4.6","$4.18","111681","Beauty & Personal Care","B08QGLTBVS","https://www.amazon.com/dp/B08QGLTBVS"
"","","52","4 Pcs Makeup Sponges Blender Set Beauty Blenders Sponge For Foundation Blender with Case and 1 Holder Flawless for Liquid Cream and Powder Multi-colored Makeup Sponges (4PCS Magenta + Purple)","Ideal Vigor","$4.99","640","21","$3194","12/30/2021","$1.05","195","4.6","$3.94","25062","Beauty & Personal Care","B09MG3T5MS","https://www.amazon.com/dp/B09MG3T5MS"
"","","53","Foonbe Makeup Sponge for Foundation Blender Beauty Soft Face Sponge Beauty Sponges for Powder Liquid Cream Application 3 Pcs Green","Foonbe","$5.59","...","...","...","04/08/2021","$1.6","4949","4.7","$3.99","2142","...","B09SZ9F5BX","https://www.amazon.com/dp/B09SZ9F5BX"
"","","54","EmaxDesign 2 Piece Makeup Blender Sponge Set Foundation Blending Blush Concealer Eye Face Powder Cream Cosmetics Makeup Sponges black and rose red flower 1 Count","EmaxDesign","$5.59","2","0","$11","12/26/2015","$1.6","1611","4.2","$3.99","131165","Beauty & Personal Care","B017YUMADS","https://www.amazon.com/dp/B017YUMADS"
"","","55","Makeup Sponge SetMicrofiber Velvet Makeup Blender and Beauty Sponge Blender Holders with Cute Silicone Beauty Sponge Carrying Case Perfect for Traveling (3PCS)","AHPIPIL","$4.89","30","1","$147","05/12/2020","$0.96","113","4.1","$3.93","165675","Beauty & Personal Care","B0836F687Q","https://www.amazon.com/dp/B0836F687Q"
"","","56","BEAKEY Makeup Sponge Latex-free and Vegan Beauty Sponge Flawless for Cream Liquid Foundation & Powder Application (2Pcs Black)","BEAKEY","$6.99","397","13","$2775","08/03/2020","$2.89","1535","4.6","$4.10","34728","Beauty & Personal Care","B08BLHJ1C1","https://www.amazon.com/dp/B08BLHJ1C1"
"","","57","Foonbe Makeup Sponge Latex Free and Vegan Beauty Sponge Blender for Powder Cream or Liquid Application (1 Pc Black)","Foonbe","$3.99","300","10","$1197","11/17/2020","$0.13","999","4.5","$3.86","63788","Beauty & Personal Care","B08LSGXNZW","https://www.amazon.com/dp/B08LSGXNZW"
"","","58","Her Bliss Makeup Sponge Set Blender Foundation Blending Beauty Sponge Perfect for Liquid Cream and Powder Foundations 10 Pcs Multi-colored Makeup Sponges","Generic","$16.99","64","2","$1087","11/14/2021","$10.9","54","4.8","$6.09","121367","Beauty & Personal Care","B09494JL5Q","https://www.amazon.com/dp/B09494JL5Q"
"","","59","8pcs Makeup Sponges Blender Set - Professional Beauty Sponges Makeup Blender With Case/Box & Holders Elasticity Soft & Latex Free Flawless for Makeup Foundation Cream Powder and Liquid. (Pink)","DBO-MALL","$6.99","133","4","$930","11/14/2020","$2.89","173","4.6","$4.10","49518","Beauty & Personal Care","B08GFWY42Q","https://www.amazon.com/dp/B08GFWY42Q"
"","","60","DUAIU 4 Pcs Makeup Sponge Set Blender Beauty Foundation Blending Sponge Flawless for Liquid Cream and Powder Multi-colored Makeup Sponges with Storage Box","DUAIU","$4.99","733","24","$3658","04/28/2021","$1.05","1011","4.6","$3.94","38310","Beauty & Personal Care","B08T79281H","https://www.amazon.com/dp/B08T79281H"
"","","61","Coieaa Makeup Sponge Set Foundation Blending Beauty Sponge with Case and Holder Latex Free Super Soft Dry & Wet Use Absorbs Minimal Multi Colored 4 Pcs (Strawberry Yoghurt)","Coieaa","$8.99","...","...","...","06/18/2022","$4.73","4","5","$4.26","74286","...","B09TB7JKBS","https://www.amazon.com/dp/B09TB7JKBS"
"","","62","EXTRA LARGE 12CM Make Up Beauty Sponges Blender BIG for Face & BODY (1x Small 1x Large) -With 2 Sponge Holder- FASTER FLAWLESS APPLICATION for Foundation/Fake Tan/Powder/Blending/Setting/","OtNiap","$10.99","556","18","$6110","06/16/2021","...","273","4.6","","30154","Beauty & Personal Care","B097BVL9TL","https://www.amazon.com/dp/B097BVL9TL"
"","","63","Makeup Sponges 3-Pack Foundation Blending Beauty Sponge Professional Beauty Makeup Set for Dry & Wet Use (Black)","Neeyer","$5.98","...","...","...","05/27/2022","$1.96","39","4.4","$4.02","20374","...","B09YH4GYKB","https://www.amazon.com/dp/B09YH4GYKB"
"","","64","BESTOPE PRO 16Pcs Makeup Brushes Set 4Pcs Beauty Blender Sponge Set and 1 Brush Cleaner Premium Synthetic Foundation Brushes Blending Face Powder Eye Shadows Make Up Brushes Kit (Black Rose Gold)","BESTOPE PRO","$9.59","4725","157","$45313","04/30/2020","$5.05","4318","4.6","$4.54","2630","Beauty & Personal Care","B087F7ZSKN","https://www.amazon.com/dp/B087F7ZSKN"
"","","65","Tonsny beauty sponge Makeup Sponge for Foundations Cosmetics Beauty Sponge and Vegan Makeup Sponge - For Powder Cream or Liquid 2 Piece","Tonsny","$3.96","357","11","$1414","12/13/2020","$0.1","56","4.3","$3.86","59914","Beauty & Personal Care","B086DH33GL","https://www.amazon.com/dp/B086DH33GL"
"","","66","Beauty Blender Makeup Sponge Set Flawless for Liquid with Storage Box Multicolour","光之城 costica","$5.99","527","17","$3157","10/09/2021","$1.97","208","4.5","$4.02","23539","Beauty & Personal Care","B0991F6K4B","https://www.amazon.com/dp/B0991F6K4B"
"","","67","e.l.f. 84061 Total Face Sponge- Multi-Sided Latex-Free Angled and Rounded Sides 1 Piece","e.l.f.","$6.00","1491","49","$8946","09/01/2020","...","1235","4.6","","13065","Beauty & Personal Care","B0815CLGW5","https://www.amazon.com/dp/B0815CLGW5"
"","","68","GFOUNS beauty blender sponge:individually wrapped 5 pcs multi-colored ombre makeup sponges for foundationliquidCreamblendingand powder4 different shapes of makeup sponge with 1 beauty blender holder.","GFOUNS","$9.69","...","...","...","04/25/2022","$5.37","62","4.5","$4.32","57218","...","B09WTV19G5","https://www.amazon.com/dp/B09WTV19G5"
"","","69","48 Pieces Makeup Sponge Blender For Face Curve Blending Teenitor Latex Free Small Wedge Shaped Smooth Apply Beauty Sponge Applicator For Liquid Cream Foundation Halloween Costume Festival Makeup","Teenitor","$8.99","1236","41","$11112","09/01/2019","$4.73","1138","4.3","$4.26","14152","Beauty & Personal Care","B07THCH5JV","https://www.amazon.com/dp/B07THCH5JV"
"","","70","Makeup Station beauty sponge latex free soft blender for foundation liquid and powder products","Makeup Station","$5.69","70","2","$398","11/27/2020","$1.69","103","4.5","$4.00","114514","Beauty & Personal Care","B08M99F72H","https://www.amazon.com/dp/B08M99F72H"
"","","71","Makeup Sponge Larbois 5-Pack Blender Beauty Sponge Latex Free Foundation Blending Sponge Professional Make up Sponge Set Flawless for Liquid Cream and Powder (Multi-colored)","Larbois","$4.99","1744","58","$8703","09/09/2021","$1.05","525","4.5","$3.94","61956","Beauty & Personal Care","B0915SL4LZ","https://www.amazon.com/dp/B0915SL4LZ"
"","","72","CORNERIA Integrated Makeup Sponge Travel Case Silcone Washable Reusable Makeup Sponge Holder Blender Holder Beauty Makeup Sponge Protective Carrying Case (Khaki)","CORNERIA","$8.99","...","...","...","05/12/2022","$4.73","8","4.2","$4.26","49346","...","B09WY2BTX5","https://www.amazon.com/dp/B09WY2BTX5"
"","","73","XL EXTRA LARGE Make Up Beauty Sponges Blender-Product contains: 1x Extra Large(11 cm) and 1 Sponge Holder-for Dry & Wet Use for Face Body  Blush Cream Liquid Foundation Powder Application","OtGalk","$8.59","363","12","$3118","01/23/2022","$4.36","47","4.5","$4.23","33457","Beauty & Personal Care","B09PFYYQCL","https://www.amazon.com/dp/B09PFYYQCL"
"","","74","StansOut Makeup Blending Sponge Blender for Foundation - Liquid Cream or Powder Beauty Blending Memory Foam - Latex Free Vegan (1 piece)","StansOut Beauty Company","$20.00","1697","56","$33940","08/13/2018","$13.46","1208","4.3","$6.54","13211","Beauty & Personal Care","B074MM7LKD","https://www.amazon.com/dp/B074MM7LKD"
"","","75","25 Pcs Women's Round Soft Makeup Beauty Eye Face Foundation Blender Facial Smooth Powder Puff Cosmetics Blush Applicators Sponges Use for Dry and Wet","Kukiwhy","$6.99","1246","41","$8710","01/05/2020","$3.51","876","4.4","$3.48","14742","Beauty & Personal Care","B07XMJ29LY","https://www.amazon.com/dp/B07XMJ29LY"
"","","76","6 Pack Makeup Sponge Blender SetMulti-colored Multi-shaped Soft Foundation Blending Sponges For LiquidCream With Sponge holder","As Beauty","$7.99","128","4","$1023","01/09/2021","$3.81","105","4.6","$4.18","65986","Beauty & Personal Care","B08SC52QHT","https://www.amazon.com/dp/B08SC52QHT"
"","","77","Jessie's Selection Makeup Sponge Set Blender Beauty Foundation Blending Sponge Flawless for Liquid Cream and Powder Multi-colored Makeup SpongesDry And Wet Use 3D Beauty Egg 4 Pcs with Egg Holder","jessie's selection","$3.99","154","5","$614","05/02/2021","$0.75","332","4.6","$3.24","49511","Beauty & Personal Care","B091C3DMGG","https://www.amazon.com/dp/B091C3DMGG"
"","","78","Diane Assorted Latex Sponges","Diane","$2.40","394","13","$946","05/13/2018","$-0.82","109","4.4","$3.22","22978","Beauty & Personal Care","B01DP2LSE6","https://www.amazon.com/dp/B01DP2LSE6"
"","","79","Real Techniques Miracle Complexion Sponge Beauty Sponge For Makeup Blending & Foundation Application Full Coverage Streak-Free Professional Makeup Tool Cruelty Free Vegan Latex Free 8 Count","Real Techniques","$29.15","211","7","$6151","12/06/2017","$21.01","170","4.8","$8.14","108560","Beauty & Personal Care","B08147KCFY","https://www.amazon.com/dp/B08147KCFY"
"","","80","Real Techniques Miracle Powder Sponge Microfiber Technology Ideal for Use with Powders Beauty Sponge Makeup Blender Blends & Sets Makeup Pink 2 Count","Real Techniques","$6.13","1697","56","$10403","12/06/2017","$2.1","1116","4.4","$4.03","40599","Beauty & Personal Care","B082G1NSGW","https://www.amazon.com/dp/B082G1NSGW"
"","","81","JPNK Foundation Makeup Brush with 4 Makeup Sponges Latex-free for Blending Liquid Cream or Flawless Powder Cosmetics","JPNK","$7.99","1745","58","$13943","06/02/2019","$3.81","2019","4.4","$4.18","12434","Beauty & Personal Care","B07R1RZGLD","https://www.amazon.com/dp/B07R1RZGLD"
"","","82","6 Pcs Makeup Sponge SetTriangle Powder Puff and Beauty BlenderMake Up Sponges for FaceVelour Powder Puff for Loose Powder Mineral Powder Foundation Makeup Tools-Red/Purple","BLAAROOM","$6.99","...","...","...","07/20/2022","$2.89","0","","$4.10","168418","...","B0B6B6ZKWG","https://www.amazon.com/dp/B0B6B6ZKWG"
"","","83","JUNO & Co. Microfiber Sponge Latex-Free Dual Layer Technology Flawless Makeup Blender for Foundations Powders and Creams (Velvet Love Bundle)","JUNO & Co","$11.99","2780","92","$33332","10/25/2018","$6.65","4408","4.4","$5.34","14687","Beauty & Personal Care","B07RBWPMV8","https://www.amazon.com/dp/B07RBWPMV8"
"","","84","Makeup Sponge Holder Beauty Sponge Holder + Makeup Blender Travel Case Beauty Sponge Blender Drying Stand & Storage Containers - Pink + Gold","SWEET VIEW","$6.99","738","24","$5159","05/23/2021","$2.89","687","4.7","$4.10","27188","Beauty & Personal Care","B094FS6GR4","https://www.amazon.com/dp/B094FS6GR4"
"","","85","Snowflakes Mini Beauty Makeup Sponge Blender for Eyes  Small Makeup Sponges Under Eyes 6 pcsLatex Free.","SNOWFLAKES SNOWFLAKES","$9.98","415","13","$4142","01/07/2019","$5.64","527","4.5","$4.34","45167","Beauty & Personal Care","B07JLJTD95","https://www.amazon.com/dp/B07JLJTD95"
"","","86","5 Pcs Makeup Blender Beauty Sponge Set for Powder Cream Beauty Foundation Applicator Sponge Flawless for Liquid","LOONAK","$11.26","...","...","...","03/17/2022","$6.03","4","4.5","$5.23","121774","...","B09NMPVHHZ","https://www.amazon.com/dp/B09NMPVHHZ"
"","","87","KOOBA 2pcs Round Makeup Sponges with 1 Travel Case Beauty Face Primer Compact Powder Puff Blender Sponge Replacement for Cosmetic Flawless Foundation Sensitive and All Skin Types","KOOBA","$5.99","220","7","$1318","12/28/2016","$2.59","1681","4.4","$3.40","9865","Beauty & Personal Care","B01LYUCORC","https://www.amazon.com/dp/B01LYUCORC"
"","","88","BEAKEY Makeup Sponge Set 5 Pcs Foundation Blending Beauty Sponge Flawless for Liquid Cream and Powder Multi-colored Oblique Cut Makeup Sponges","BEAKEY","$9.99","906","30","$9051","01/27/2021","$5.65","880","4.6","$4.34","10839","Beauty & Personal Care","B08THHCN38","https://www.amazon.com/dp/B08THHCN38"
"","","89","YEOTWIN Makeup Sponge Set Latext-free Beauty Sponge Makeup Blender Foundation Sponge Applicator Sponges (5cps)","YEOTWIN","$3.99","259","8","$1033","06/27/2019","$0.13","2584","4.6","$3.86","39845","Beauty & Personal Care","B07SRPJPML","https://www.amazon.com/dp/B07SRPJPML"
"","","90","8 PCS Makeup Sponge Set Makeup Sponges Blender Latex-Free Vegan Beauty Sponge Professional Beauty Sponge Blender Makeup Egg Foundation Blending Cosmetic Makeup Puff for Powder Cream","QD O-SHEN","$10.99","530","17","$5825","05/15/2021","$5.57","333","4.6","$5.42","91060","Beauty & Personal Care","B091CDLXJC","https://www.amazon.com/dp/B091CDLXJC"
"","","91","TROUV Beauty Sponge Soaker Tool Makeup Sponge Dampener Tool Water Pump Dispenser Refillable Container For Makeup Beauty Sponge Foundation Application SPONGE NOT INCLUDED (Black)","TROUV","$16.99","...","...","...","06/10/2022","$10.67","1","5","$6.32","54618","...","B09K4K9FXF","https://www.amazon.com/dp/B09K4K9FXF"
"","","92","24 Pcs Makeup Sponge SetEgg/Oblique Olive/Gourd Shapes Foundation Blending Beauty SpongeProfessional Makeup Applicators Blender with Sponge HolderFlawless for Liquid Cream PowderMulti-colored Makeup Sponges","Xanllaxa","$10.99","...","...","...","02/05/2022","$5.57","52","4.6","$5.42","81774","...","B09MDZLP3L","https://www.amazon.com/dp/B09MDZLP3L"
"","","93","Silicone Makeup Sponge Clear Applicator & Blender Cosmetic Puff BB Pad for all Liquid Foundation or Cream Cosmetic Beauty Tools Blender 3 Pcs","EVERMARKET","$4.81","270","9","$1299","10/24/2019","$1.51","471","3.8","$3.30","39404","Beauty & Personal Care","B07WWMYCS7","https://www.amazon.com/dp/B07WWMYCS7"
"","","94","Makeup Wedges 96Pcs Makeup Blenders Sponges WSYUB Soft Sponge Cosmetic Puff Small Wedge Shape Latex Free Foam Sponges Powder Puff","WSYUB","$8.99","339","11","$3048","01/27/2022","$3.13","51","4.3","$5.86","28156","Beauty & Personal Care","B09NL6K8KZ","https://www.amazon.com/dp/B09NL6K8KZ"
"","","95","Miss Gorgeous London Makeup Sponge Set Blender Beauty Foundation Blending Sponge - Multi-colored 6 Pieces","Miss Gorgeous London","$7.59","59","1","$448","07/03/2018","$3.44","759","4.6","$4.15","37728","Beauty & Personal Care","B072JJLRX8","https://www.amazon.com/dp/B072JJLRX8"
"","","96","HALEYS Remix Complexion Sponge Vegan Cruelty-Free Makeup Sponge Blender - Apply Liquid Cream or Powder Foundation for a Precise Streak-Free Finish (Pink)","HALEYS","$10.00","66","2","$660","10/29/2020","$5.66","108","4.3","$4.34","79956","Beauty & Personal Care","B08KBRFMRC","https://www.amazon.com/dp/B08KBRFMRC"
"","","97","keilend Makeup Sponge Holder Beauty Sponge Blender Container with CoverReusable & Washable Protective Carrying ContainerSponge Dustproof Case for Travel Home(Pink-Black)","keilend","$5.29","130","4","$688","09/13/2021","$1.33","91","4.4","$3.96","58825","Beauty & Personal Care","B0993JFVV2","https://www.amazon.com/dp/B0993JFVV2"
"","","98","Green Myuu Makeup Sponges  Dry and Wet Use Makeup Sponge Set Beauty Blender for LiquidPowder Cream Multi-shape Foundation Makeup tools Makeup Egg Set With Gift Box 8 Count (Pack of 1)","Green Myuu","$7.99","196","6","$1566","11/21/2021","$3.81","63","4.5","$4.18","59233","Beauty & Personal Care","B09G3JH7M7","https://www.amazon.com/dp/B09G3JH7M7"
"","","99","Makeup Sponge Beauty Sponge Blending Sponge Foundation Sponge (2 Count)","Audamp","$3.99","170","5","$678","05/09/2018","$0.13","9877","4.6","$3.86","14701","Beauty & Personal Care","B074J81PY1","https://www.amazon.com/dp/B074J81PY1"
"","","100","4 Pcs Makeup Sponge Set Foundation Multi-colored Beauty Blender Sponge Storage Case Makeup Sponge with Holder Flawless for Cream Liquid Foundation & Powder Application Super Soft Latex Free Makeup Sponges (4PCS Magenta + Purple)","Blueness","$4.99","...","...","...","06/10/2022","...","20","4.5","","168776","...","B09WD9CD7Q","https://www.amazon.com/dp/B09WD9CD7Q"
"","","101","Korintin Makeup Sponge 10 Pcs Beauty Sponge Latex Free Face Makeup Blender Flawless for Powder Cream or Liquid","Korintin","$9.99","...","...","...","04/22/2022","$5.65","26","4.7","$4.34","115536","...","B09VC1SH1M","https://www.amazon.com/dp/B09VC1SH1M"
"","","102","Makeup Sponge Holder Beauty Sponge Holder Makeup Blender Travel Case Cosmetic Sponge Case Beauty Egg Holder Beauty Blender Holder Makeup Blender Travel Case Beauty Egg Powder Puff Drying Stand & Travel Case (Pink&Purple)","MR LION","$6.99","...","...","...","07/13/2022","$2.89","0","","$4.10","69115","...","B0B2Z8LC1N","https://www.amazon.com/dp/B0B2Z8LC1N"
"","","103","Makeup Sponge Case Cosmetic Puff Ball Container Beauty Blender Holder Egg Powder Puff Drying Stand ( No Sponge Included )","Only Lovuu","$5.00","126","4","$630","...","$1.06","59","4.3","$3.94","71849","Beauty & Personal Care","B0892LBGMQ","https://www.amazon.com/dp/B0892LBGMQ"
"","","104","ADANOS Makeup Sponge Blender With Sponge HolderLatex-free Foundation Sponge for Powder&Liquid&CreamsDry and Wet Use (Green)","ADANOS","$3.59","75","2","$269","07/30/2021","$-0.25","132","4.6","$3.84","93372","Beauty & Personal Care","B08Y7TNMDR","https://www.amazon.com/dp/B08Y7TNMDR"
"","","105","Miss Lil USA Makeup Sponge Blender Multicolor Set - Non Latex Soft Professional Beauty Sponge Foundation Blending Blender with Egg Case Flawless for Cream Powder and Liquid (4PCS Pink Nude)","Miss Lil USA","$8.77","309","10","$2710","12/13/2021","$4.53","134","4.5","$4.24","42533","Beauty & Personal Care","B09KMWR183","https://www.amazon.com/dp/B09KMWR183"
"","","106","Sponge Blender Holder for Makeup Sponge Drying 3 Pcs Silver.","Axe Sickle","$4.99","110","3","$549","12/30/2018","$0.82","589","4.8","$4.17","115193","Beauty & Personal Care","B07LD42YXP","https://www.amazon.com/dp/B07LD42YXP"
"","","107","Oval Puff 2 Packs Skin Tone and Pink Make-up Egg Air Cushion Puff Beauty Egg Foundation Sponge Professional Makeup Sponge Wet and Dry","bouti1583","$6.70","403","13","$2700","10/13/2019","...","355","4.4","","43068","Beauty & Personal Care","B07RRMGKVY","https://www.amazon.com/dp/B07RRMGKVY"
"","","108","BLAAROOM 6 Pcs Velvet Triangle Powder PuffTriangular Design Makeup Soft Sponge Puff for Face Exquisite Makeup Eyes Contouring for Loose Mineral Body Powde Cosmetic Foundation Makeup Tool - Black","BLAAROOM","$6.99","...","...","...","04/25/2022","$3.51","588","4.7","$3.48","668","...","B09XYYS1KN","https://www.amazon.com/dp/B09XYYS1KN"
"","","109","BESTLA 3pcs Powder Puff Mushroom Makeup Sponge Blender Puff With Handles and 3 Holder Cases Cosmetic Facial Face","BESTLA","$8.59","219","7","$1881","09/03/2020","$4.98","216","4","$3.61","83181","Beauty & Personal Care","B089MC4T27","https://www.amazon.com/dp/B089MC4T27"
"","","110","Miss Lil USA Makeup Sponge Blender Multicolor Set - Non Latex Soft Professional Beauty Sponge Foundation Blending Blender with Egg Case Flawless for Cream Powder and Liquid (8PCS Black Brown Beige)","Miss Lil USA","$10.55","...","...","...","12/26/2021","$5.43","62","4.5","$5.12","96697","...","B09MY11Z4S","https://www.amazon.com/dp/B09MY11Z4S"
"","","111","Premire Classe Skincare - Beauty Sponge Holder - Rose Gold Foundation Beauty Blender Holder - Makeup Brush Organizer Rack Case - Vanity Storage - Display Make Up Puff Sponge Drying Stand (Pack of 1)","Premire Classe Skincare","$4.92","214","7","$1053","01/14/2021","...","111","4.5","","59506","Beauty & Personal Care","B08RZ6C7XN","https://www.amazon.com/dp/B08RZ6C7XN"
"","","112","Scala Foundation Makeup Sponge Eco Blender Beauty Cosmetics Egg Puff Make Up Sponge Brush (3pcs Green+Rose+Brown)","Bodermincer","$9.98","9","0","$90","03/10/2017","$5.64","519","3.7","$4.34","101484","Beauty & Personal Care","B01N6CACAI","https://www.amazon.com/dp/B01N6CACAI"
"","","113","Powder Puff WSYUB 4Pcs Blender Puff Pure Cotton Face Soft Triangle Wedge Makeup Pad for Undereye Makeup Loose Powder Mineral Powder Body Powder Black Cotton Velour Sponge Makeup Tool","WSYUB","$4.99","...","...","...","12/16/2019","$1.67","18","4.8","$3.32","25049","...","B09W1BYVSP","https://www.amazon.com/dp/B09W1BYVSP"
"","","114","Make up Sponges for Face 40-Count Compressed Facial Sponges for Cleansing/Exfoliating Makeup Sponges for Foundation Blending Professional Beauty Sponge Blender Set for Cream/Powder/Liquid","CZhiyang","$16.99","...","...","...","06/28/2022","$10.67","11","4.4","$6.32","110029","...","B0B2DZXNLT","https://www.amazon.com/dp/B0B2DZXNLT"
"","","115","Thirsty Lemon Makeup Sponge by Ally Things Beauty | Yellow Lemon Shaped Makeup Blender for Liquid Foundation Cream or Powder Blending - Cosmetic Applicator - Cute & Latex-Free Daily Beauty Sponge","Ally Things Beauty","$12.99","525","17","$6820","07/29/2020","$7.5","1173","4.5","$5.49","22374","Beauty & Personal Care","B08BYBQB9K","https://www.amazon.com/dp/B08BYBQB9K"
"","","116","Hedume 192 Count Cosmetic Wedges Makeup Sponge Blender Latex-Free Makeup Wedge Great for Blending Foundation and Concealer Bulk Pack","Hedume","$16.99","273","9","$4638","09/11/2020","$11.52","194","4.6","$5.47","48467","Beauty & Personal Care","B088PN4CDM","https://www.amazon.com/dp/B088PN4CDM"
"","","117","Ecotools Perfecting Blender Makeup Beauty Sponge For Liquid + Cream Foundations","EcoTools","$4.90","707","23","$3464","12/11/2017","$0.97","3444","4.5","$3.93","27423","Beauty & Personal Care","B072LV5WW3","https://www.amazon.com/dp/B072LV5WW3"
"","","118","EcoTools 2 Beauty Sponges for Flawless Foundation Coverage Multi","EcoTools","$4.99","85","2","$424","07/30/2016","$1.05","3352","4.5","$3.94","21964","Beauty & Personal Care","B01N7CHK17","https://www.amazon.com/dp/B01N7CHK17"
"","","119","APCHYWELL Makeup Sponge Set with Holder Latex Free Beauty Blender large sizeBlending Sponge with Multi Color","APCHYWELL","$5.59","155","5","$866","12/15/2020","$1.6","607","4.6","$3.99","52213","Beauty & Personal Care","B08JY95FDB","https://www.amazon.com/dp/B08JY95FDB"
"","","120","2 Pack Makeup Sponge Holder Travel Case Pletpet Silicone Beauty Blender Holder Makeup Sponge Case Portable Washable Beauty Sponge Holder for Home Travel (Khaki)","Pletpet","$13.99","60","2","$839","08/02/2022","$8.35","0","","$5.64","125473","Beauty & Personal Care","B09ZY145B1","https://www.amazon.com/dp/B09ZY145B1"
"","","121","Molain 48 Pieces Powder Puffs Elasticity Makeup Sponge Blender Wedge Shape Foundation Applicator Reusable Non-latex Cosmetic Beauty Tool for Powder/Face Cream/Nails White","Molain","$6.88","120","4","$826","01/04/2022","$2.79","57","4.4","$4.09","52286","Beauty & Personal Care","B09ND1M6L8","https://www.amazon.com/dp/B09ND1M6L8"
"","","122","wet n wild Makeup Sponge","wet n wild","$3.99","1178","39","$4700","04/04/2019","$0.13","3415","4.6","$3.86","19028","Beauty & Personal Care","B07MCCDV7V","https://www.amazon.com/dp/B07MCCDV7V"
"","","123","Mini Makeup Sponge Set Blender Beauty Foundation Blending Sponge - Multi-coloredPink8 Piece Set","keaiduo","$5.99","...","...","...","01/30/2022","$1.97","37","4.1","$4.02","80325","...","B09N3FKWLF","https://www.amazon.com/dp/B09N3FKWLF"
"","","124","BEAKEY 2 Pcs Makeup Sponge Set Foundation Blending Beauty Sponge Flawless for Liquid Cream Foundation & Powder Vertical Cut Makeup Sponges","BEAKEY","$9.99","1594","53","$15924","08/25/2021","$5.65","677","4.6","$4.34","28924","Beauty & Personal Care","B099ZPW1QT","https://www.amazon.com/dp/B099ZPW1QT"
"","","125","Acrylic Beauty Blender Sponge Holder With Dustproof Lid Clear 4 Hole Solution Makeup Sponges Display Stand For Bathroom (Clear-4holes)","LUGUNU","$14.69","239","7","$3511","10/03/2020","$8.72","264","4.5","$5.97","67273","Beauty & Personal Care","B08CDLSHQX","https://www.amazon.com/dp/B08CDLSHQX"
"","","126","Yoodelife 1 Pc Beauty Sponge Blender Holders Makeup Sponge Drying Stand Beauty Sponge Holder Storage Rack Egg Powder Puff Display Stand Sponge Storage Rose Gold","Yoodelife","$3.95","94","3","$371","10/02/2020","$0.71","434","4.8","$3.24","66402","Beauty & Personal Care","B083YY3M61","https://www.amazon.com/dp/B083YY3M61"
"","","127","Pefetis Makeup Sponge Holder Silicone Beauty Blender Case Travel Washable and Ventilated Makeup Egg Holder for Gift (Purple & Pink)","pefetis","$7.99","...","...","...","06/27/2022","$3.81","24","4.5","$4.18","76136","...","B0B45H95S4","https://www.amazon.com/dp/B0B45H95S4"
"","","128","Premium Quality Marble Makeup Sponges Soft Microfiber Blenders 2 pack","Boolavard","$8.74","219","7","$1914","01/19/2019","$4.5","551","4.4","$4.24","71443","Beauty & Personal Care","B07HGKCC5Q","https://www.amazon.com/dp/B07HGKCC5Q"
"","","129","Makeup Sponge Case Blender Beauty Foundation Holder Blending Sponge Egg Set Makeup Sponge Wet And Dry Storage Box Egg Sponge Organizer (3pcs-Pink series)","Meiiy","$6.99","240","8","$1678","05/08/2021","$2.89","87","4.6","$4.10","54710","Beauty & Personal Care","B08XQ2TLKT","https://www.amazon.com/dp/B08XQ2TLKT"
"","","130","EcoTools Beauty Makeup Blender Sponge For Liquid Foundation and Concealer.80 Ounce","EcoTools","$8.45","124","4","$1048","07/30/2016","$4.23","2146","4.3","$4.22","35629","Beauty & Personal Care","B00AEM0W3E","https://www.amazon.com/dp/B00AEM0W3E"
"","","131","NYX PROFESSIONAL MAKEUP Marshmellow Blender Sponge 1 Count (Pack of 1)","NYX PROFESSIONAL MAKEUP","$7.49","3986","132","$29855","01/17/2021","$3.35","5017","4.4","$4.14","68519","Beauty & Personal Care","B08M5D8YM5","https://www.amazon.com/dp/B08M5D8YM5"
"","","132","EXTRA LARGE XL Make Up Beauty Sponges Blender11cm 2 packs Makeup Beauty Sponges (1 Orange 1 Purple and 2 Sponge Holder) for Dry & Wet Use for Face Body Blush Cream Foundation","ZerzSemp","$10.59","...","...","...","07/08/2022","$5.46","1","1","$5.13","259476","...","B0B36GMX7S","https://www.amazon.com/dp/B0B36GMX7S"
"","","133","Real Techniques Sponge + Beauty Sponge Blender for Toner with Vegan Collagen Miracle Skincare Sponge For Facial Serums and Moisturizers Purple 1 Count","Real Techniques","$3.49","195","6","$681","07/07/2021","$-0.35","232","3.9","$3.84","20211","Beauty & Personal Care","B097NDCJFN","https://www.amazon.com/dp/B097NDCJFN"
"","","134","Grteark 6 Pcs Makeup Sponge and Round Facial Sponge Two Uses for Removing Dead Skin Dirt and Makeup Foundation Beauty Blender Sponge for Blending Liquid Powders and Creams Liquid Application","Grteark","$8.92","...","...","...","04/08/2022","$4.67","3","4.2","$4.25","186261","...","B09V366MHB","https://www.amazon.com/dp/B09V366MHB"
"","","135","Latex Free Makeup Powder Blender Sponges for Full Face Curve Blending Coverage Cream Liquid Foundation Cosmetics Disposable Beauty Foam Applicator Puffs for Sensitive SkinPentagon","Aturmon","$10.99","66","2","$725","05/22/2020","$6.42","64","4.2","$4.57","119686","Beauty & Personal Care","B0822HRLML","https://www.amazon.com/dp/B0822HRLML"
"","","136","beautyblender Limited Edition DOUBLE DELIGHT Blend & Cleanse Set with Original Pink Blender Liquid Blendercleanser and Silicone Scrub Mat Vegan Cruelty Free and Made in the USA","beautyblender","$24.00","488","16","$11712","12/03/2018","$15.26","85","4.5","$8.74","43447","Beauty & Personal Care","B09HL9FLNF","https://www.amazon.com/dp/B09HL9FLNF"
"","","137","LASSUM 20PCS Round Powder Puff Makeup Sponge Blender For Makeup Application Blending Sponge Puff","LASSUM","$7.69","330","11","$2538","02/07/2020","$4.15","275","4.4","$3.54","34808","Beauty & Personal Care","B07PFPZVFJ","https://www.amazon.com/dp/B07PFPZVFJ"
"","","138","ForPro Expert Beauty Sponge Blender Premium Makeup Sponge Latex-Free 100% Vegan & Cruelty-Free Black","ForPro Professional Collection","$3.79","...","...","...","07/14/2022","...","4","4.1","","200139","...","B0B5VPQ5JP","https://www.amazon.com/dp/B0B5VPQ5JP"
"","","139","Makeup Blender Beauty SpongeBeautypapa Blending Sponge Cosmtics puffFoundation CreamFlawless for LiquidSuit for Concealer Contouring Powder 2 pcs","Beautypapa","$3.49","115","3","$401","05/09/2019","$0.27","1637","4.5","$3.22","69894","Beauty & Personal Care","B07G524ZB3","https://www.amazon.com/dp/B07G524ZB3"
"","","140","1PC Makeup Sponge Blender Latex Free Beauty Foundation Blending Sponge Make Up Applicator Sponges Immaculate for Liquid Cream Powder (Random) Professional and Attractive","U-K","$1.40","30","1","$42","05/18/2022","$-2.44","0","","$3.84","183802","Beauty & Personal Care","B0B1PPGTBM","https://www.amazon.com/dp/B0B1PPGTBM"
"","","141","AIMILIQI Beauty Blender Makeup Sponge - 10 Pcs Makeup Sponge Set with Beauty Foundation Sponge Blender Holder Flawless for Liquid Cream and Powder Multi-Colored Makeup Sponges. (Multicolor)","aimiliqi","$9.99","...","...","...","05/11/2022","...","8","4.1","","85369","...","B0B24K614Z","https://www.amazon.com/dp/B0B24K614Z"
"","","142","PAGOW 20PCS Mini Beauty Makeup Sponge Blender Colourful Pressed Puff Soft Body Pad for Face Cosmetic Foundation Powder Concealer Shadow Under Eyes Highlight Contour Wet Dry Makeup Tool","Pagow","$9.99","...","...","...","...","...","0","","","105120","...","B0B6G3LXXL","https://www.amazon.com/dp/B0B6G3LXXL"
"","","143","BEAKEY 12 Pcs Round Makeup Sponges with Air Cushion Powder Puff Latex-free Blending Sponge and Makeup Puff for Liquid Foundation Cream Powder Concealer (6 Sponges+6 Puffs)","BEAKEY","$7.99","2264","75","$18089","10/24/2018","$3.81","2086","4.3","$4.18","8342","Beauty & Personal Care","B07G4S2YDP","https://www.amazon.com/dp/B07G4S2YDP"
"","","144","Abgream 45pcs Makeup Sponge Blender Set - 39 Pcs Latex-Free Vegan Sponges with 6 Pcs Makeup Blender Holder Beauty Cosmetic Foundation Blending Powder Puff for Liquid Powers BB Cream (Style 2)","Abgream","$18.99","523","17","$9932","09/16/2020","$10.35","597","4.6","$8.64","25791","Beauty & Personal Care","B08C7BN5QF","https://www.amazon.com/dp/B08C7BN5QF"
"","","145","12 Pcs Makeup Sponge Set Blender Foundation Blending Beauty Sponge Flawless for Liquid Cream and Powder Pink Makeup Sponges","MS. WENNY","$9.99","...","...","...","04/13/2022","$5.65","5","4.5","$4.34","114092","...","B09SG4ZHYS","https://www.amazon.com/dp/B09SG4ZHYS"
"","","146","CAFINY 6 Pcs Makeup Sponge Set Multi-colored Beauty Blender Latex Free beauty blender sponge Flawless for Liquid Cream concealerand Powder","CAFINY","$9.99","99","3","$989","01/24/2022","$5.65","44","4.6","$4.34","118665","Beauty & Personal Care","B09MP9LRRX","https://www.amazon.com/dp/B09MP9LRRX"
"","","147","makeup puff beauty blender foundation mini sponge powder puffs triangle for face and blenders cream dry and wet applicator cushion puff 4 pieces","N\A","$14.98","...","...","...","06/27/2022","$9.19","0","","$5.79","119746","...","B09YH9BJJL","https://www.amazon.com/dp/B09YH9BJJL"
"","","148","2Pcs Makeup Sponge Mushroom Facial Foundation Sponges Makeup Blending Sponge Powder Puff Makeup Tools with Handle Case for Liquid Foundation Creams and Powders","Generic","$5.89","49","1","$289","12/27/2021","$2.5","28","4","$3.39","93100","Beauty & Personal Care","B09HXL5HR3","https://www.amazon.com/dp/B09HXL5HR3"
"","","149","Makeup Sponge Blender Holder Travel Carrying Case Sponge Drying Rack Stand Holder Egg Powder Puff Drying Shelf Cute(NO SPONGE INCLUDED)","Bird&Fish","$5.99","128","4","$767","06/25/2019","$1.97","406","4.5","$4.02","71906","Beauty & Personal Care","B07S5DSL85","https://www.amazon.com/dp/B07S5DSL85"
"","","150","RUBIXIAN Finger Puff 4 Pcs Mini Makeup Puff Super Soft Beauty Makeup Tools Latex-free Blending Sponge Suitable For Foundation Concealer Repair Cream Eye Shadow (4 Color 1 Set)","RUBIXIAN","$6.99","581","19","$4061","08/19/2021","$3.51","168","4","$3.48","34164","Beauty & Personal Care","B099WR8RRB","https://www.amazon.com/dp/B099WR8RRB"
"","","151","jane iredale Flocked Sponge Makeup Blender","jane iredale","$8.00","93","3","$744","03/30/2014","$4.44","1308","4.4","$3.56","22311","Beauty & Personal Care","B000GHVTYI","https://www.amazon.com/dp/B000GHVTYI"
"","","152","Marshmallow Makeup Sponge - Super Soft Dry and Wet Beauty Blender - Pink Mochi Blending Sponges with Crystal Box - Makeup Sponges for Foundation Powder and BB Cream - One-Piece Beauty Sponge","Generic","$13.99","...","...","...","01/17/2022","$8.35","19","4.3","$5.64","190429","...","B09Q2G9Y5M","https://www.amazon.com/dp/B09Q2G9Y5M"
"","","153","10 Pcs Multi-colored Makeup Sponge Set Blender Beauty Foundation Sponge with 2pcs Beauty Sponge Holder Flawless for Liquid Cream and Powder Makeup Sponge (1PACK)","OWQ","$11.99","398","13","$4772","07/04/2021","...","11","4.3","","210794","Beauty & Personal Care","B0983993VC","https://www.amazon.com/dp/B0983993VC"
"","","154","Makeup Sponges Foundation Blending Beauty Sponge Set Flawless for Liquid Cream and Powder Latex Free Cruelty Free Sponge Blender-3 Pcs","Mclovefy","$9.99","...","...","...","07/17/2022","$5.65","1","5","$4.34","250558","...","B0B3NDBFJV","https://www.amazon.com/dp/B0B3NDBFJV"
"","","155","LINFIDITE Makeup Sponge Holder Beauty Cosmetic Egg Sponge Organizer Case with Clear Lid Dust free Blender Holder for Girls Women in Handbags Travel Luggage Pink Durable WashablePink","LINFIDITE","$8.99","57","1","$512","05/30/2021","$4.73","36","4.4","$4.26","129278","Beauty & Personal Care","B091YTW8VJ","https://www.amazon.com/dp/B091YTW8VJ"
"","","156","BETISTME Makeup Sponge Blender for Blending Foundations Face Sponge Cosmetics Sponge Pink Purple Gift Package 16 sponges & 2 holders","BETISTME","$9.99","...","...","...","07/11/2021","$5.42","34","4.6","$4.57","98788","...","B09T71NKZ8","https://www.amazon.com/dp/B09T71NKZ8"
"","","157","Makeup Sponge Holder Beauty Sponge Holder Cosmetic Sponge Case Beauty Egg Holder Beauty Blender Holder Makeup Blender Travel Case Beauty Egg Powder Puff Drying Stand & Travel Case (Pink)","WAWTOOK","$5.19","...","...","...","04/12/2022","$1.23","17","4.8","$3.96","89278","...","B09PV144T9","https://www.amazon.com/dp/B09PV144T9"
"","","158","Wet n Wild Little Twin Stars Team Makeup Sponge Set Blender 2 Count","wet n wild","$7.82","225","7","$1760","11/04/2021","...","81","4.5","","47524","Beauty & Personal Care","B09K3PCDW9","https://www.amazon.com/dp/B09K3PCDW9"
"","","159","Lemonadeus Beauty Blender Holder Makeup Sponge Holder Crown Glassware Stand Storage Powder Puff Display Stand2 Pack (1 gold and 1 clear)","lemonadeus","$8.99","38","1","$342","05/29/2019","$4.5","200","4.6","$4.49","143019","Beauty & Personal Care","B07RBV38FJ","https://www.amazon.com/dp/B07RBV38FJ"
"","","160","2 Pack Silicone Makeup Sponge [Washable] Premium Quality - Gel Foundation Makeup and Puff BB - Best Silisponge Cosmetic Beauty Tools Blender [Clear]","Nylea","$5.99","388","12","$2324","02/20/2017","$2.59","3389","3.8","$3.40","47842","Beauty & Personal Care","B01N4P37JT","https://www.amazon.com/dp/B01N4P37JT"
"","","161","I9 Essentials Dry & wet use Beauty Blender Makeup Sponges for Liquid Blush and Cream Foundation Face Sponge Mini Makeup Tool Beauty Sponge for Flawless aesthetic makeup Count of 4","I9 Essentials","$7.99","...","...","...","...","...","0","","","93601","...","B0B5V7SLBC","https://www.amazon.com/dp/B0B5V7SLBC"
"","","162","100 Pieces Cosmetic Sponges Latex Makeup Foam Wedges Foundation Beauty Tools (White)","TecUnite","$16.99","567","18","$9633","08/10/2019","$10.67","604","4.6","$6.32","27284","Beauty & Personal Care","B07PMK7ZF8","https://www.amazon.com/dp/B07PMK7ZF8"
"","","163","Ozazuco Beauty Sponge Blender Container/2 Beauty Sponge Travel Case and 2 Makeup Sponge Drying Holder/Cute Cat Silicone Makeup Sponge Travel Carrying Case/Beauty Sponge Holder Dry Rack Easy To Carry","ozazuco","$7.98","564","18","$4501","08/18/2019","$3.57","1337","4.7","$4.41","34296","Beauty & Personal Care","B07VK7X16Y","https://www.amazon.com/dp/B07VK7X16Y"
"","","164","7 Pack Makeup Sponge Blender Set 6 Pcs Foundation Blending Beauty Sponge with 1 Sponge Holder Flawless for Liquid Cream and Powder Multi-colored Makeup Sponges","Cehomi","$6.99","...","...","...","06/13/2022","$2.89","5","4.5","$4.10","264566","...","B09W2M7YXY","https://www.amazon.com/dp/B09W2M7YXY"
"","","165","Makeup Sponge Set Makeup Sponge Foundation Blending Beauty Sponge Wet and Dry Beauty Blending Sponge for Liquid Foundation Powder and Cream to Reduce Makeup Waste (Green Set of 4)","RAREIUS","$6.99","...","...","...","04/25/2022","$2.89","16","4.6","$4.10","88699","...","B09W5CTYSC","https://www.amazon.com/dp/B09W5CTYSC"
"","","166","BTYMS 10 Pieces Makeup Sponge Blenders Beauty Sponges Egg Shaped Blending Sponge Foundation Applicator Cosmetic Sponges","BTYMS","$7.99","461","15","$3683","08/15/2019","$3.81","3321","4.6","$4.18","40294","Beauty & Personal Care","B07RWGLBHD","https://www.amazon.com/dp/B07RWGLBHD"
"","","167","Makeup Sponge Set pack of 20real techniques sponge Makeup Blender Flawless","XX-UV","$9.66","42","1","$406","12/06/2020","$5.12","58","4.8","$4.54","142605","Beauty & Personal Care","B08HQZK3LY","https://www.amazon.com/dp/B08HQZK3LY"
"","","168","EcoTools Travel Perfecting Sponge Makeup Blender with Case Beauty Sponge Protects Makeup Sponge Cruelty Free Vegan Latex Free and Made With Recycled Materials 2 Piece Set","EcoTools","$5.49","109","3","$598","11/02/2018","$2.13","257","4.4","$3.36","73394","Beauty & Personal Care","B07FTCT5VV","https://www.amazon.com/dp/B07FTCT5VV"
"","","169","Real Techniques Miracle Powder Sponge For Setting Powder Matte and Sheer Long Lasting Makeup Coverage 1 Count","Real Techniques","$5.47","381","12","$2084","10/16/2019","$1.49","1376","4.4","$3.98","37464","Beauty & Personal Care","B07V2J6YKM","https://www.amazon.com/dp/B07V2J6YKM"
"","","170","DADIWEY Mushroom Makeup Sponge Cosmetic Blender Puff Latex Free Face Sponge Beauty Puff Makeup Brush Sponge with Handle Case for Concealer BB Cream Foundation Makeup Tools (3 Pack Skin Color)","DADIWEY","$6.99","65","2","$454","06/12/2020","$3.51","124","4","$3.48","68550","Beauty & Personal Care","B0883BKNKH","https://www.amazon.com/dp/B0883BKNKH"
"","","171","Microfiber Velvet Makeup Sponge Latex-Free Dual Layer Technology Flawless Makeup Blender for Foundations Powders and Creams Tear Drop Cosmetic Tool (1PcsBlue)","AHPIPIL","$4.99","330","11","$1647","05/12/2020","$1.05","1304","4","$3.94","36104","Beauty & Personal Care","B0834C79MN","https://www.amazon.com/dp/B0834C79MN"
"","","172","3 Pieces Makeup Sponge Holder Beauty Sponge Silicone Carrying Case Sponge Makeup Egg Storage Box Powder Puff Protective Container for Makeup Sponge 3 Colors","Maitys","$16.99","131","4","$2226","12/25/2020","$10.9","116","4.6","$6.09","97017","Beauty & Personal Care","B08PVM5K71","https://www.amazon.com/dp/B08PVM5K71"
"","","173","JUNO & Co. Microfiber Velvet Sponge Latex-Free Dual Layer Technology Flawless Makeup Blender for Foundations Powders and Creams (All 4 Love Bundle)","JUNO & Co","$21.99","124","4","$2727","01/27/2020","$15.15","358","4.5","$6.84","99162","Beauty & Personal Care","B07XT4FB98","https://www.amazon.com/dp/B07XT4FB98"
"","","174","VNDEFUL 20Pcs Makeup Sponge Facial Powder Puff Wet and Dry Dual Use Cosmetics Blush Applicators Round Sponges Foundation White","VNDEFUL","$7.29","773","25","$5635","09/19/2019","$3.79","614","4.3","$3.50","23776","Beauty & Personal Care","B07JF56KN7","https://www.amazon.com/dp/B07JF56KN7"
"","","175","XINJUE Makeup Sponge 12 Pcs Makeup Sponges Blender Set Beauty Cosmetic Foundation Blending Applicator Puff Flawless for Liquid Cream Powder (black)","xinjue","$9.99","...","...","...","07/21/2022","...","7","4.4","","87510","...","B0B1ZCCSSZ","https://www.amazon.com/dp/B0B1ZCCSSZ"
"","","176","CORNERIA Makeup Sponge Holder - Beauty Sponge Blender Travel Case Silcone Washable Reusable Makeup Sponge Carrying Case Blender Holder Beauty Makeup Sponge Protective Carrying Case (Grey)","CORNERIA","$7.99","327","10","$2613","06/07/2020","$3.81","523","4.7","$4.18","45534","Beauty & Personal Care","B07Y9VT2MQ","https://www.amazon.com/dp/B07Y9VT2MQ"
"","","177","Natasha Moor: Makeup Blender Warrior | Velvety-soft Microfibre Makeup Sponge Perfect for Blending Foundation Best Applicator For Concealing and Contouring Cruelty Free","NATASHA MOOR","$16.00","0","0","$0","03/13/2021","$10.06","19","4.1","$5.94","270940","Beauty & Personal Care","B08XLHS7FG","https://www.amazon.com/dp/B08XLHS7FG"
"","","178","Asltw Cute Cat Silicone Beauty Sponge Blender Container Makeup Sponge Drying Holder Beauty Sponge Holder Dry Rack for Foundation Blending Sponge Storage Travel (Pink)","Asltw","$5.99","40","1","$240","12/09/2021","$1.97","16","4.7","$4.02","146407","Beauty & Personal Care","B09HC1LXSX","https://www.amazon.com/dp/B09HC1LXSX"
"","","179","Makeup Sponge Beauty Blender Set 6-Pack MYMOOSH Makeup Sponges for Foundation Blending Liquid Creams Powders Multi-colored Beauty Blender Sponge","MYMOOSH","$21.99","15","0","$330","06/06/2021","...","29","4.2","","255317","Beauty & Personal Care","B096G8JXM7","https://www.amazon.com/dp/B096G8JXM7"
"","","180","Grteark Makeup Sponge Set 6 Pcs Triangle & Round Air Cushion Soft Beauty Blender Sponge With Case for Liquid blending Foundations Powders Creams Concealer Flawless Makeup Application","Grteark","$7.92","...","...","...","04/09/2022","$3.75","12","4","$4.17","120428","...","B09V147B3Z","https://www.amazon.com/dp/B09V147B3Z"
"","","181","FACEMADE 6 Pcs Beauty Blender Set Makeup Sponges for Foundation with Multiple Colors Latex-free Use Face Sponge with Liquid Cream and Powder for Flawless Skin","FACEMADE","$7.99","...","...","...","05/26/2022","$3.81","23","4.7","$4.18","126661","...","B09V2H53S9","https://www.amazon.com/dp/B09V2H53S9"
"","","182","EmaxDesign Makeup Sponges 6 Pieces Makeup Blender Sponge Foundation Blending Blush Concealer Eye Face Powder Cream Beauty Sponge","EmaxDesign","$9.99","110","3","$1099","09/07/2018","$5.65","2297","4.7","$4.34","102881","Beauty & Personal Care","B07D6B8RJY","https://www.amazon.com/dp/B07D6B8RJY"
"","","183","100 Pieces Round Makeup Sponges Beauty Face Primer Compact Powder Puff with Transparent Case Makeup Powder Puffs Makeup Applicator Sponge Makeup Blenders Sponges for Cosmetic Foundation","Patelai","$21.99","49","1","$1078","12/27/2021","$14.92","26","4.4","$7.07","147890","Beauty & Personal Care","B09N1DYG9X","https://www.amazon.com/dp/B09N1DYG9X"
"","","184","Lalasis Makeup Sponge 6 Pcs Multi-colored Blender Blending Beauty Sponges for FoundationsPowders & Creams Vegan Cruelty Free and Non-Latex","Lalasis","$7.99","320","10","$2557","01/11/2021","$3.81","624","4.7","$4.18","88735","Beauty & Personal Care","B08QFWXK1R","https://www.amazon.com/dp/B08QFWXK1R"
"","","185","Framendino 4 Pack Breathable Makeup Sponge Case Protective Plastic Beauty Sponge Container Makeup Blender Holder Cosmetic Egg Storage Cases for Women Girls Travle Clear Teardrop-Shaped","Framendino","$7.46","10","0","$75","12/01/2021","$3.32","4","3.6","$4.14","215500","Beauty & Personal Care","B09KT8K7T1","https://www.amazon.com/dp/B09KT8K7T1"
"","","186","JOSALINAS Makeup Blenders Sponges 3 Pack for Foundations Powders & Cream Blending Pink","JOSALINAS","$6.88","30","1","$206","10/03/2019","$2.79","35","4.5","$4.09","210943","Beauty & Personal Care","B07SNCZ78T","https://www.amazon.com/dp/B07SNCZ78T"
"","","187","Sibba 12 Pieces Sponges Powder Puff with Finger Holder Strap Mini Beauty Blender Face Eyes Makeup Pads for Liquid Foundation Cosmetic Wet Dry Tool","Sibba","$5.99","...","...","...","07/10/2022","$2.59","0","","$3.40","170413","...","B0B49KVTCG","https://www.amazon.com/dp/B0B49KVTCG"
"","","188","DLME Mini Makeup Sponge Blender 20 pcs Beauty Makeup Sponge for Foundation Powder Concealer and Eye ShadowUnder EyesHighlight and Contour","DLME","$9.99","45","1","$450","03/21/2022","$5.65","12","4","$4.34","104037","Beauty & Personal Care","B09M6N1GQT","https://www.amazon.com/dp/B09M6N1GQT"
"","","189","Makeup Sponge Washing Machine Deep Clean Mini Washing Machine Electronic Washing Machine for Makeup Sponge Powder Puffs (Black)","Lahaima","$9.99","293","9","$2927","10/17/2019","$5.42","2376","3.4","$4.57","46913","Beauty & Personal Care","B07WK61RC4","https://www.amazon.com/dp/B07WK61RC4"
"","","190","Luxspire Beauty Sponge Blender Holder Sponge Makeup Blender Holder Makeup Powder Puff Sponge Holder Beauty Tool Dryer Drying Rack Egg Powder Puff Display Stand - Silver","Luxspire","$5.99","134","4","$803","12/23/2017","$1.97","1129","4.8","$4.02","122869","Beauty & Personal Care","B0773LCHBL","https://www.amazon.com/dp/B0773LCHBL"
"","","191","40 Pieces Cotton Powder Puff Soft Triangle Makeup Puff Wedge Shape Makeup Blender Sponges with Strap for Foundation Mineral Loose Powder Face Under Eyes Corner Body Black White 2.8 x 2.6 x 0.6 Inch","Tessco","$15.99","...","...","...","05/13/2022","$10.05","1","5","$5.94","267888","...","B09WCSVDMK","https://www.amazon.com/dp/B09WCSVDMK"
"","","192","Spotential 8 PCS Makeup Sponge with Holder Case Set Makeup Sponges Blender Beauty Sponge Makeup Egg with Gift Box Latex-Free Dry & Wet Use Foundation Cosmetic Makeup Puff for Powder Cream (Pink)","Spotential","$9.99","127","4","$1269","08/03/2021","$5.42","180","4.5","$4.57","85090","Beauty & Personal Care","B097BHZWCH","https://www.amazon.com/dp/B097BHZWCH"
"","","193","DLME Makeup Sponge mini Set Blender Beauty Foundation Blending Sponge - Multi-coloredPink8 Piece Set","DLME","$5.99","72","2","$431","06/13/2021","$1.97","112","4.1","$4.02","119050","Beauty & Personal Care","B0969R9FP4","https://www.amazon.com/dp/B0969R9FP4"
"","","194","EcoTools Fresh Perfecting Body Blender","EcoTools","$4.00","105","3","$420","09/25/2019","$0.14","21","4.2","$3.86","95403","Beauty & Personal Care","B07PMJFLCM","https://www.amazon.com/dp/B07PMJFLCM"
"","","195","Lbaby 6PCS Mini Makeup Sponge Small Beauty Sponge Blender Set for Foundation Powder Concealer Highlightand Eye Shadow Purple","Lbaby","$3.29","...","...","...","03/14/2022","...","17","4.1","","41485","...","B09S3KFMHT","https://www.amazon.com/dp/B09S3KFMHT"
"","","196","Snowflakes Mini Beauty Makeup Sponge Blender 6 pcs Micro Makeup Sponge for Foundation Powder Concealer and Eye ShadowUnder EyesHighlight and ContourLatex Free.","SNOWFLAKES SNOWFLAKES","$9.98","...","...","...","05/14/2019","$5.64","30","4.6","$4.34","268304","...","B09RPHFC5H","https://www.amazon.com/dp/B09RPHFC5H"
"","","197","SUNFICON Dust free Makeup Sponge Holder Case Container Stand Beauty Cosmetic Egg Sponge Organizer with Clear Lid for Girls Women Wife in Handbags Travel Luggage Pink Durable Washable ReusablePink","SUNFICON","$7.99","75","2","$599","05/30/2021","$3.81","25","4.5","$4.18","137727","Beauty & Personal Care","B091XTFFJZ","https://www.amazon.com/dp/B091XTFFJZ"
"","","198","Snowflakes Mini Makeup Blender Sponges beauty 7 Pcs for Foundation PowderConcealer and BB Cream. Apply to FaceCorner of Nose and Under EyesHighlight and Contour LATEX Free.","SNOWFLAKES SNOWFLAKES","$9.96","51","1","$508","07/07/2019","$5.62","172","4.4","$4.34","214870","Beauty & Personal Care","B08RX9ZHK1","https://www.amazon.com/dp/B08RX9ZHK1"
"","","199","RUBIXIAN Powder Puff for Foundation 2 Packs Air Cushion Portable Round Makeup Sponges with Air Cushion Powder Puff Latex-free Blending Sponge and Makeup Puff for Foundation Cream Concealer","RUBIXIAN","$6.79","295","9","$2003","05/30/2021","$3.33","130","4.3","$3.46","54552","Beauty & Personal Care","B094Q4Z86V","https://www.amazon.com/dp/B094Q4Z86V"
"","","200","JUNO & Co. Microfiber Velvet Sponge Latex-Free Dual Layer Technology Flawless Makeup Blender for Foundations Powders and Creams (4 Velvet Sponge Bundle)","JUNO & Co","$21.99","294","9","$6465","11/05/2018","$15.15","2350","4.4","$6.84","52919","Beauty & Personal Care","B07HXQ9CPZ","https://www.amazon.com/dp/B07HXQ9CPZ"
"","","201","2 PCS Beauty Sponge Blender Container TEOYALL Makeup Blender Sponge Holder Washable Reusable Protective Carrying Case (Pink/Blue)","TEOYALL","$6.99","529","17","$3698","01/02/2020","$2.89","962","4.7","$4.10","44967","Beauty & Personal Care","B07ZPRHRHR","https://www.amazon.com/dp/B07ZPRHRHR"
"","","202","6PCS Makeup Sponge Holder Lorvain Silicone Washable Makeup Sponge Carrying Case 3PCS Beauty Sponge Blender Travel Storage Box with 3PCS Makeup Sponge Drying Holder (2 Styles)","Lorvain","$14.99","70","2","$1049","11/01/2021","$8.97","17","4.8","$6.02","120240","Beauty & Personal Care","B09FXRW97Q","https://www.amazon.com/dp/B09FXRW97Q"
"","","203","Beauty Blender Makeup Sponge Set Flawless for Liquid with Holder (Red Pink)","光之城 costica","$6.99","...","...","...","05/26/2022","$2.66","17","4.8","$4.33","180850","...","B09W1541RB","https://www.amazon.com/dp/B09W1541RB"
"","","204","Dolovemk 6PCS Make Up SpongesMini Beauty Sponge Blenders Make Up SetLatex-FreeMake Up Sponge CheapFlawless Coverage Sponges for Liquid Foundation1.4IN(Dry)/1.6IN(Wet)6 Color (6 Color)","Dolovemk","$9.59","8","0","$77","11/06/2016","$5.9","577","4.6","$3.69","113710","Beauty & Personal Care","B01LXSP2Z3","https://www.amazon.com/dp/B01LXSP2Z3"
"","","205","PONY EFFECT Pebble Blender Foundation Blending Sponge | Powder Blue | Unique Edge-Cut Shape Cosmetic Sponge Applicator | K-Beauty","Pony Effect","$9.19","49","1","$450","05/10/2016","$4.91","18","4.1","$4.28","37293","Beauty & Personal Care","B01CZ6CRJS","https://www.amazon.com/dp/B01CZ6CRJS"
"","","206","SMGSP 50 Pieces White Round Makeup Sponge Powder Puffs Cosmetic Sponge Round Foam Pad Makeup Beauty Eye Face Foundation Blender Suitable for All Skin Types Wet and Dry Dual Use","SMGSP","$11.99","...","...","...","...","...","0","","","126804","...","B0B36DMF2D","https://www.amazon.com/dp/B0B36DMF2D"
"","","207","8 Pieces Powder Puff Soft Velour Puff Triangle Makeup Puff Water Drop Makeup Sponge Makeup Powder Pad Finger Puff Beauty Makeup Tool for Loose Powder Foundation Concealer Black Blue White Pink","Meanplan","$6.49","...","...","...","07/10/2022","$3.05","0","","$3.44","129870","...","B0B1H6L9X7","https://www.amazon.com/dp/B0B1H6L9X7"
"","","208","KOOBA 20 pcs Makeup Powder Round Sponges Latex Free Disposable Beauty Blender Foam Cosmetic Applicator Facial Puffs for Flawless Foundation Sensitive and All Skin Types","OWLFAVO","$6.99","...","...","...","03/11/2022","$2.89","74","4.4","$4.10","62493","...","B09MJBF2H3","https://www.amazon.com/dp/B09MJBF2H3"
"","","209","Flawless Beauty Blender Ultra Soft Sponges Expanding Sponge Makeup Blender Perfect Skin Set of 3 Vegan Friendly Makeup Blender for Liquid Cream and Powder","darcybeauty","$20.00","...","...","...","07/26/2022","$13.46","0","","$6.54","214281","...","B09TWD3DV2","https://www.amazon.com/dp/B09TWD3DV2"
"","","210","Revlon Professional Blending Brush Makeup Blender Sponge for Liquid Cream Foundation and Concealer","REVLON","$8.50","8","0","$68","01/25/2017","$1.09","79","3.9","$7.41","133118","Beauty & Personal Care","B01MQIAV96","https://www.amazon.com/dp/B01MQIAV96"
"","","211","L'Oreal Paris Makeup Infallible Blend Artist Makeup Blender Sponge 0.8 oz","L'Oreal Paris","$15.76","7","0","$110","12/21/2016","$9.86","1253","4.6","$5.90","180052","Beauty & Personal Care","B01LYOMG1X","https://www.amazon.com/dp/B01LYOMG1X"
"","","212","BEAUTYBLENDER BLENDER DEFENDER Protective Case for Your Makeup Sponge. Vegan Cruelty Free and Made in the USA","beautyblender","$12.00","625","20","$7500","09/17/2018","$6.66","1439","4.8","$5.34","29130","Beauty & Personal Care","B07HGH4LS1","https://www.amazon.com/dp/B07HGH4LS1"
"","","213","ENTT 5pcs Makeup Blender Sponge Set | Foundation Blending | Flawless Beauty Blender for Liquid Cream & Powder | Multi-Color | Face Sponge for Makeup | Soft Non-Latex Material | Mix Combo 4","ENTT","$9.99","...","...","...","11/22/2020","...","1","5","","266822","...","B08P1KJXCM","https://www.amazon.com/dp/B08P1KJXCM"
"","","214","Yqlinnn 4 Pcs 4 Shapes Beauty Blender Makeup Sponge Foundation Blending Sponge Flawless for Liquid Powder BB Cream and Sunscreen With Sponge Storage Box","Yqlinnn","$6.65","34","1","$226","04/07/2021","$2.58","281","4.5","$4.07","147853","Beauty & Personal Care","B08YRZRWWZ","https://www.amazon.com/dp/B08YRZRWWZ"
"","","215","N Brand Beauty Sponge holder 3 PCS Makeup Sponge Blender Holder Beauty Egg Travel Case Make UP Powder Puff Drying Stand Beauty Tools","N Brand","$5.99","30","1","$180","11/13/2021","$1.74","1","5","$4.25","216371","Beauty & Personal Care","B09B43D99H","https://www.amazon.com/dp/B09B43D99H"
"","","216","LUKILYZXA 9 Pcs Makeup Sponge Blender Beauty Sponge Set Multifunction Latex-Free Foundation Blending Beauty Sponge Suitable for Liquid Cream Foundation Concealer Gift for Women (large medium size mini size)","LUKILYZXA","$9.99","0","0","$0","10/28/2021","$5.65","9","4.2","$4.34","297214","Beauty & Personal Care","B09BCKKLX8","https://www.amazon.com/dp/B09BCKKLX8"
"","","217","Snowflakes Mini Makeup Sponges Blender 6 pcs Micro Beauty Sponge for Foundation Powder Concealer and Eye ShadowUnder EyesHighlight and ContourLatex Free.","SNOWFLAKES SNOWFLAKES","$9.89","76","2","$752","05/14/2019","$5.56","123","4.5","$4.33","128571","Beauty & Personal Care","B07MCBVHNL","https://www.amazon.com/dp/B07MCBVHNL"
"","","218","8 Pcs Cotton Powder Puff FaceJASSINS Triangle super soft Both dry and wet Makeup Setting PuffFor Concealer/Loose Powder/Body Powder/Foundation/Blush Makeup Sponge Set (Black+White)","JASSINS","$4.88","...","...","...","04/30/2022","$0.95","59","4.7","$3.93","24383","...","B09XM8D6XN","https://www.amazon.com/dp/B09XM8D6XN"
"","","219","5 Pcs Materasu Original Black non-latex Makeup Sponge Set Blender Beauty Foundation Blending Sponge Foundation Blending Sponge Latex-Free Flawless for Liquid Foundation Cream and Powder","materasu","$6.99","46","1","$322","10/23/2019","$2.89","47","4.3","$4.10","152674","Beauty & Personal Care","B07VXK3MNC","https://www.amazon.com/dp/B07VXK3MNC"
"","","220","Cala 32 Pcs Makeup Wedges Sponges Non Latex Oil Resistant for All Skin Types  70987","Cala","$4.77","1232","41","$5877","07/24/2012","$1.47","806","4.5","$3.30","15421","Beauty & Personal Care","B008OQSKU4","https://www.amazon.com/dp/B008OQSKU4"
"","","221","BEAKEY Powder Puff For Loose & Cosmetic Foundation Makeup Tool-12pcs Black","BEAKEY","$9.99","...","...","...","05/22/2022","$5.65","19","4.8","$4.34","77000","...","B09ZYGP147","https://www.amazon.com/dp/B09ZYGP147"
"","","222","SEENICE Biodegradable Material Beauty Spongs for Liquid and Cream Foundation Wet and Dry Beauty Blender Spongs Set of 2","SEENICE","$6.99","...","...","...","05/19/2022","$2.89","1","5","$4.10","218525","...","B09BNDPXBL","https://www.amazon.com/dp/B09BNDPXBL"
"","","223","Cheap 5Pcs Beauty Blender Makeup Sponge Beauty Blender Sponge Beauty Foundation Blending Sponge Flawless for Liquid Cream and Powder Multi-Colored By YUESHENNAN","YUE SHEN NAN","$4.09","49","1","$200","02/03/2021","$0.22","131","4.5","$3.87","120696","Beauty & Personal Care","B08VDLN3SM","https://www.amazon.com/dp/B08VDLN3SM"
"","","224","The Sponge by The Original MakeUp Eraser Machine Washable Makeup Applicator for Foundation Use to Contour Conceal and Highlight","Makeup Eraser","$18.00","33","1","$594","02/03/2021","$11.76","179","4.4","$6.24","122057","Beauty & Personal Care","B08NX2DM92","https://www.amazon.com/dp/B08NX2DM92"
"","","225","8PCS Makeup Sponge Blender of Beauty Foundation Blending Beauty Sponge Latex Free And Vegan Makeup Blender Sponge Professional Beauty Makeup Set For PowderCream Or Liquid Application","MCIGICM","$5.59","48","1","$268","09/29/2020","$1.6","748","4.6","$3.99","206564","Beauty & Personal Care","B08FBGQC31","https://www.amazon.com/dp/B08FBGQC31"
"","","226","LUXXII (20 Pack) Latex Free Powder Puff Makeup Sponge Blender Concealer Soft Foundation Sponges","Luxxii","$7.45","30","1","$224","06/13/2019","$3.31","172","4.2","$4.14","125059","Beauty & Personal Care","B07PHN679M","https://www.amazon.com/dp/B07PHN679M"
"","","227","14Pcs Powder Puff &Makeup Blending Sponge WSYUB Professional Beauty Makeup Set- 6Pcs Pink Makeup Blender Tear-drop Shape 6Pcs Black Triangle Velvet Powder Puff with 2Pcs Mini Pure Cotton Makeup Pad","WSYUB","$8.99","...","...","...","04/24/2022","$4.73","11","4.9","$4.26","198354","...","B09WRQRL36","https://www.amazon.com/dp/B09WRQRL36"
"","","228","GIRLSKART 1 pc Marshmallow Makeup Sponge Makeup Beauty Blender for Liquid and Cream Foundation Latex-free and Vegan Beauty Sponge Makeup Sponge for a Flawless Natural Look (Baby Pink)","GIRLSKART","$12.99","...","...","...","06/25/2022","$7.5","0","","$5.49","197796","...","B0B2SHSXB1","https://www.amazon.com/dp/B0B2SHSXB1"
"","","229","Swisspers Premium Pro Cosmetic Wedges Latex-Free Makeup Wedge Jumbo Size 16 Count Bag","Swisspers","$7.66","527","17","$4037","01/09/2013","$3.28","6627","4.3","$4.38","4912","Beauty & Personal Care","B005JIXZ64","https://www.amazon.com/dp/B005JIXZ64"
"","","230","Makeup Blender Sponge Case+Beauty Sponge Blender Holder for Foundation Blending Sponge Storage","LankXin","$10.99","70","2","$769","10/15/2019","$5.8","523","4.7","$5.19","161047","Beauty & Personal Care","B085WMWVYR","https://www.amazon.com/dp/B085WMWVYR"
"","","231","Real Techniques Premium Sponge Case Protects Makeup Beauty Sponge Hygenic and Easy To Store Travel Sized Perfect for On The Go 1 Count","Real Techniques","$5.55","367","12","$2037","05/04/2017","$1.57","2986","4.7","$3.98","40999","Beauty & Personal Care","B07V7XYG99","https://www.amazon.com/dp/B07V7XYG99"
"","","232","Makeup Sponge Reusable Giant Foundation Powder Blender Sponge for Female","Sarkoyar","$0.01","...","...","...","06/12/2022","...","0","","","318619","...","B0B3WPY3GN","https://www.amazon.com/dp/B0B3WPY3GN"
"","","233","Oval Makeup Blender Sponge - 2pk","Sonia Kashuk","$13.00","30","1","$390","11/21/2020","...","6","4.1","","240053","Beauty & Personal Care","B07HVRMZ88","https://www.amazon.com/dp/B07HVRMZ88"
"","","234","4 Pieces Makeup Sponge Triangle Soft Makeup Powder PuffFace Make up Sponge Velour Makeup Puff for Loose Powder Mineral Powder Body Powder Wet Dry Cosmetic Foundation setting powder puff Tool","NewCraft","$9.99","...","...","...","06/09/2022","$6.27","1","5","$3.72","176182","...","B0B1X47DPV","https://www.amazon.com/dp/B0B1X47DPV"
"","","235","Foundation Powder Puff Cosmetic Sponges Mushroom Makeup Brushes Blender Sponge Face Brush Makeup Puff with Handle Case for Dry Wet Use Liquid Creams and Powders (Rose)","DADIWEY","$4.98","45","1","$224","06/17/2020","$1.66","85","3.5","$3.32","95965","Beauty & Personal Care","B0883BDGBW","https://www.amazon.com/dp/B0883BDGBW"
"","","236","3PCS Makeup Sponge Holder Beauty Blender Drying Rack Rose Gold Egg Powder Puff Display Stand for Dresser and Vanity 1.6 x 1.97 inch","''N/A''","$3.99","30","1","$120","04/25/2021","$0.13","1","5","$3.86","177400","Beauty & Personal Care","B093GYKCSN","https://www.amazon.com/dp/B093GYKCSN"
"","","237","Luoluo 5 Pcs Makeup Sponge Set with 1 Pcs Beauty Sponge Holder Flawless for Liquid Cream and Powder Multi-colored Makeup Sponges","Luoluo","$4.99","81","2","$404","04/09/2021","$1.05","687","4.5","$3.94","107148","Beauty & Personal Care","B08X4HY9Q1","https://www.amazon.com/dp/B08X4HY9Q1"
"","","238","Makeup Sponges Blender Set Beauty Foundation Blending Egg Stand Cosmetics Sponge Blender Applicators for Powder Cream or Liquid 10pcs Beauty sponges and 2pc Makeup Sponges Holders","MakeBeauty","$8.99","120","4","$1079","05/13/2020","...","274","4.5","","117269","Beauty & Personal Care","B08389J8XL","https://www.amazon.com/dp/B08389J8XL"
"","","239","BEAUTYBLENDER MICRO.MINI Mini Makeup Blending Sponges perfect for Contouring & Concealing Makeup Sponge Vegan & Cruelty Free Made in USA","beautyblender","$18.00","47","1","$846","08/31/2014","$11.76","748","4.5","$6.24","35585","Beauty & Personal Care","B00IXQ7P60","https://www.amazon.com/dp/B00IXQ7P60"
"","","240","EmaxDesign 3 Pieces Makeup Blender Sponge Set Foundation Blending Blush Concealer Eye Face Powder Cream Cosmetics Beauty Make up Sponges","EmaxDesign","$8.99","15","0","$135","05/22/2017","$4.73","4875","4.3","$4.26","121175","Beauty & Personal Care","B06XRS15TS","https://www.amazon.com/dp/B06XRS15TS"
"","","241","7 PCs Pink Series Multi-color Makeup Sponge Set Foundation Blending Beauty Blender Flawless for Liquid Creams and Powders","VAVOLO","$8.99","...","...","...","...","...","0","","","220261","...","B0B44WB4SJ","https://www.amazon.com/dp/B0B44WB4SJ"
"","","242","KOOBA 2pcs Square Makeup Sponges with 1 Travel Case Beauty Face Primer Compact Powder Puff Blender Sponge Replacement for Cosmetic Flawless Foundation Sensitive and All Skin Types","OWLFAVO","$5.99","45","1","$270","12/28/2016","$2.59","289","4.5","$3.40","41291","Beauty & Personal Care","B01LWW24E2","https://www.amazon.com/dp/B01LWW24E2"
"","","243","Makeup Egg Sponge Set Beauty Makeup Blender Sponges with Sponge Holder Drying Stand Display Stand Flawless for Cream Powder and Liquid(Set of 4)","SURCHINE","$4.99","0","0","$0","12/10/2021","$1.05","1","5","$3.94","269516","Beauty & Personal Care","B09KBR4G91","https://www.amazon.com/dp/B09KBR4G91"
"","","244","Makeup Sponge Blender & Holder BIG & SOFT Beauty Makeup Blender Puff Foundation Sponges Set Applicator Beauty Blending Blenders & Sponge Holder Concealer Sponge for Liquid Powder Sunscreen (A SET)","Beser Lee","$13.99","70","2","$979","01/11/2021","...","21","4.4","","92414","Beauty & Personal Care","B08JGX5D4T","https://www.amazon.com/dp/B08JGX5D4T"
"","","245","2PCS Silicone Air Cushion Powder Puff Transparent Cosmetic Blender Easy to Clean and Apply Makeup Wet and Dry Use with Environmentally Material High Elastic Cosmetic Tool for Women Girls","KesaPlan","$7.99","47","1","$376","07/17/2021","$4.43","31","4","$3.56","120958","Beauty & Personal Care","B098JGT776","https://www.amazon.com/dp/B098JGT776"
"","","246","Makeup Sponge Powder Puff Triangle Blending Sponge Marx Latex-Free Compact Foundation Beauty Pad Sponge for Liquid Cream and Powder Wet and Dry Dual Use Triangle Teardrop for All Types of Skin 7pcs","Marx","$8.99","149","4","$1340","05/11/2021","$4.73","223","4.2","$4.26","50949","Beauty & Personal Care","B0936SPYDW","https://www.amazon.com/dp/B0936SPYDW"
"","","247","Makeup Blender Sponge 3 Pcs Set - Beauty Sponge Foundation Blending Sponge with Egg Sponge Blending Holder Stand Flawless for Liquid & Creams & Powers","Onwon","$6.50","54","1","$351","02/02/2019","$3.06","1487","4.5","$3.44","202072","Beauty & Personal Care","B07GWJRPTS","https://www.amazon.com/dp/B07GWJRPTS"
"","","248","【3-pack]Bellixe Beauty Makeup Sponge BlenderNo-Latex Soft Cosmetic sponge","Butilove","$3.89","95","3","$370","03/03/2019","$0.04","3088","4.5","$3.85","134987","Beauty & Personal Care","B07L75WTLD","https://www.amazon.com/dp/B07L75WTLD"
"","","249","Wet n Wild House Sponge Case Bob Squarepants Makeup Tools Travel (1114229) Pineapple","wet n wild","$3.75","84","2","$315","04/09/2021","$-0.09","97","4","$3.84","68707","Beauty & Personal Care","B0921VLXFZ","https://www.amazon.com/dp/B0921VLXFZ"
"","","250","Grteark 4 Pcs Makeup Sponge and Round Facial Sponge Two Uses for Removing Dead Skin Dirt and Makeup Foundation Beauty Blender Sponge for Blending Liquid Powders and Creams Liquid Application","Grteark","$5.92","...","...","...","03/03/2022","$2.53","11","3.8","$3.39","225296","...","B09PL6LQC3","https://www.amazon.com/dp/B09PL6LQC3"
"","","251","Makeup / Foundation Sponge Kit Multicolor","Generic","$12.99","30","1","$390","12/01/2021","$7.5","8","4.6","$5.49","259619","Beauty & Personal Care","B09BZZDDFY","https://www.amazon.com/dp/B09BZZDDFY"
"","","252","JelSponge The Original Silicone and Soft Sponge Makeup Blender Dual Use Spread and Blend Foundation Silisponge","DyNec","$9.95","33","1","$328","02/13/2019","$5.61","105","3.6","$4.34","109543","Beauty & Personal Care","B07L7DLWJT","https://www.amazon.com/dp/B07L7DLWJT"
"","","253","RUCCI Sponges + Blender Cosmetic Sponges Hypoallergenic and Washable Infused with oils CS50 Assorted Travel Size","RUCCI","$5.24","...","...","...","01/11/2019","...","2","2.5","","351782","...","B09MZYD47Q","https://www.amazon.com/dp/B09MZYD47Q"
"","","254","SKINFOOD Wedge Puff Sponges Jumbo Size 12pcs - Blender Beauty Foundation Wedges Blending Sponge - Makeup Wedges - Multi Purpose Cosmetic Applicator Makeup Sponge Blender for Makeup & Concealer.","SKIN FOOD since 1957","$8.56","141","4","$1207","04/26/2016","$4.96","173","4.4","$3.60","90015","Beauty & Personal Care","B01AXBJFTC","https://www.amazon.com/dp/B01AXBJFTC"
"","","255","makeup powder puff beauty blender round foundation sponge blending sponges for foundation face prime applicator makeup sponges tools-2pcs complexion","Generic","$5.99","...","...","...","05/26/2022","$1.97","5","2.2","$4.02","168591","...","B09TVJBSQ4","https://www.amazon.com/dp/B09TVJBSQ4"
"","","256","6PCS Makeup Sponge Powder Puff Triangle Powder Puff Foundation Blending Beauty Sponge for LiquidCreamPowder Dry & Wet Use Air Cushion Puff for Face Eyes Body Cosmetic Foundation Sponge Makeup Tool","Teshee","$9.99","...","...","...","07/11/2022","...","0","","","135571","...","B0B39H51PB","https://www.amazon.com/dp/B0B39H51PB"
"","","257","Real Techniques Miracle Body Complexion Sponge Ideal for Highlighters Bronzers & Precise Makeup Application Large Beauty Sponge Cruelty and Streak Free Latex Free Orange 1 Count","Real Techniques","$6.79","924","30","$6274","04/17/2018","$2.71","6003","4.5","$4.08","16931","Beauty & Personal Care","B06Y5V6ZPP","https://www.amazon.com/dp/B06Y5V6ZPP"
"","","258","Gorimanly Makeup Sponge Blender beauty Foundation Blending Sponge for Liquid Cream and Powder8 pack Multi-colored Makeup Sponge","N\C","$5.99","...","...","...","05/31/2022","$1.97","4","4.5","$4.02","283841","...","B09TR6QP4Y","https://www.amazon.com/dp/B09TR6QP4Y"
"","","259","4pc Make Up Blender Set in Pink and Black","Generic","$5.99","...","...","...","07/30/2022","$1.97","2","5","$4.02","104346","...","B0B6798SZS","https://www.amazon.com/dp/B0B6798SZS"
"","","260","Kingbridal 8 Pcs Makeup Sponges Set Blender Beauty Foundation Blending Sponge Flawless for Liquid Cream and Powder Multi-colored Cosmetic Applicator Puff for Dry/Wet Use (Pink)","Kingbridal","$11.99","45","1","$540","03/12/2021","$6.65","117","4.5","$5.34","159011","Beauty & Personal Care","B08XW9Q8QW","https://www.amazon.com/dp/B08XW9Q8QW"
"","","261","Beauty Junkees Makeup Sponge Blender - Pink Egg Foundation Makeup Blender Sponge Liquid Cream Powder Contour Blending Sponges Make Up Applicator Cosmetic Blenders Wet Dry Beauty Sponge Latex Free","Beauty Junkees","$6.97","10","0","$70","06/12/2013","$2.87","614","4.4","$4.10","109883","Beauty & Personal Care","B06XKJQDD7","https://www.amazon.com/dp/B06XKJQDD7"
"","","262","4 Colors Makeup Sponge Holder Beauty Blender Sponge Travel Case Sponge Makeup Egg Storage Box Silicone Protective Container for Cosmetic Sponge (Style 2)","Yitexin","$12.49","...","...","...","03/25/2022","$7.08","1","3","$5.41","213740","...","B09SWHDX5Y","https://www.amazon.com/dp/B09SWHDX5Y"
"","","263","4 Breathable Makeup Sponge Travel Case Protective Plastic Beauty Blender Holder Clear","CAMSTIC","$10.99","40","1","$440","09/02/2020","$5.8","63","4.6","$5.19","120426","Beauty & Personal Care","B085BNJBVT","https://www.amazon.com/dp/B085BNJBVT"
"","","264","50pcs Beauty Wedges Cosmetic Puff Powder Puff Beauty Women's Makeup Wedge Foundation Sponge Blender to Make Up Tools Accessories Latex Free Foam Sponges Makeup Blenders for Powder and Liquid Makeup","KATPOSIN","$9.99","...","...","...","06/02/2022","$5.65","0","","$4.34","261142","...","B09WVP2FWR","https://www.amazon.com/dp/B09WVP2FWR"
"","","265","Beaupretty 2pcs Beauty Sponge Blender Storage Case Makeup Sponge Travel Holder Dry Rack Powder Puff Stand Organizer for Women","Beaupretty","$18.99","18","0","$342","04/20/2021","$12.6","18","4.5","$6.39","228433","Beauty & Personal Care","B09289GC6R","https://www.amazon.com/dp/B09289GC6R"
"","","266","acoolstore 4pcs Pro Beauty Flawless Makeup Sponges Blender Foundation Puff Multi ColorShape (Water Drop Shape)","acoolstore","$1.20","60","2","$72","11/05/2016","...","104","4.1","","121828","Beauty & Personal Care","B01MXH5NAA","https://www.amazon.com/dp/B01MXH5NAA"
"","","267","TOROKOM 1Pcs Makeup Sponge Foundation Sponge Blender Beauty Cosmetics Puff Sponge Makeup Brush Tool with Handle for Foundation Powder Concealer Beauty Products (Skin Colour)","TOROKOM","$5.99","30","1","$180","...","$2.59","132","3.7","$3.40","210810","Beauty & Personal Care","B08C4ZZG7B","https://www.amazon.com/dp/B08C4ZZG7B"
"","","268","THE TOOL LAB 1047 Hydro Makeup Sponge Rectangle (2pcs) - Cosmetics Puff and Cosmetics Foundation Blending Sponges Flawless for Liquid Cream or Liquid Application Can Use Damp or Dry - Latex Free","THE TOOL LAB","$12.00","98","3","$1176","03/03/2021","$6.66","45","3.9","$5.34","69692","Beauty & Personal Care","B08TB6NPHP","https://www.amazon.com/dp/B08TB6NPHP"
"","","269","8 Pcs Makeup Sponge Set Makeup Beauty Sponges Blender Cosmetic Tool Multi-colored Blending Make Up Sponges for Foundation Liquid Cream (Pink 1)","Aganmi","$10.99","75","2","$824","04/02/2021","...","146","4.6","","202886","Beauty & Personal Care","B0912G4HB5","https://www.amazon.com/dp/B0912G4HB5"
"","","270","Honbay 2PCS Mesh Makeup Sponge Holder Containers Small Cosmetic Travel Zippered Toiletry Bags with Keyring for Makeup Sponge Puff Lipstick Keys Headphones","HONBAY","$7.59","30","1","$228","04/19/2021","$4.06","24","4.5","$3.53","189679","Beauty & Personal Care","B08GLZZR44","https://www.amazon.com/dp/B08GLZZR44"
"","","271","4 Pcs Makeup Sponge Holder Makeup Blender Storage","DIYstore","$6.99","15","0","$105","12/20/2020","$3.51","23","4.6","$3.48","155353","Beauty & Personal Care","B08NG6CSM1","https://www.amazon.com/dp/B08NG6CSM1"
"","","272","Makeup silicone beauty sponge blender rain drop (Blue)","Generic","$4.99","...","...","...","02/19/2022","$1.67","20","3.1","$3.32","307467","...","B09Q3NK7FC","https://www.amazon.com/dp/B09Q3NK7FC"
"","","273","16 Pcs Cosmetic Puff Powder Foundation Sponge Triangle Women's Makeup Blending Sponges Beauty Foundation Blender for Cream Liquid Concealer Make Up Tools Accessories","Honeydak","$4.99","40","1","$200","12/23/2021","$1.67","12","3.3","$3.32","273510","Beauty & Personal Care","B09KY32CGG","https://www.amazon.com/dp/B09KY32CGG"
"","","274","UNI Love Beauty Blender Sponge  Oblique-Cut Beauty Sponge for Flawless Contouring and Blending  Perfect for Cream Powder and Liquid Application  Latex-Free Makeup Sponge for All Skin Types Black","Generic","$4.90","30","1","$147","01/15/2022","$0.97","2","2.5","$3.93","230321","Beauty & Personal Care","B09PRSK5SC","https://www.amazon.com/dp/B09PRSK5SC"
"","","275","4Pcs Makeup Sponge and Cute Travel Case Set Soft Silicone Carrying Protective HolderMakeup Sponge Blender","Aooba","$9.99","36","1","$360","07/25/2020","...","103","4.5","","229587","Beauty & Personal Care","B08D7LL57B","https://www.amazon.com/dp/B08D7LL57B"
"","","276","Miss Gorgeous Makeup Sponge Blender Beauty Foundation Blending Sponge for Liquid Cream and Powder (4Pcs)","Miss Gorgeous London","$9.99","75","2","$749","06/04/2019","$5.65","197","4.6","$4.34","184216","Beauty & Personal Care","B07NV8GWD3","https://www.amazon.com/dp/B07NV8GWD3"
"","","277","Makeup Sponge Wedge Shaped Blender Professional Applicators Latex Free Foam For Cosmetic Blending Foundation 48 pieces Bulk Pack by HOYOLS","HOYOLS","$6.99","165","5","$1153","03/15/2020","$2.89","121","4.3","$4.10","80241","Beauty & Personal Care","B081GSBT8B","https://www.amazon.com/dp/B081GSBT8B"
"","","278","Beautyblender The Crown Jewels Blender Essentials Kit With 4 Makeup Blenders For Liquid Foundations Powders And Creams and 4 Cleansers To Clean Sponges Vegan And Cruelty Free Made In The USA","beautyblender","$65.00","15","0","$975","05/08/2021","$51.48","16","4.4","$13.52","330677","Beauty & Personal Care","B07YCBYT6J","https://www.amazon.com/dp/B07YCBYT6J"
"","","279","5Pcs Makeup Sponge Set Beauty BlenderFoundation Blending Beauty SpongeFlawless for LiquidMakeup Sponges for Foundation Sponge for Dry and Wet Use Multicolored","Feijie","$8.55","...","...","...","03/07/2022","$4.33","0","","$4.22","354493","...","B09H4CVYY1","https://www.amazon.com/dp/B09H4CVYY1"
"","","280","TATORERA 5pcs Oblique cut Makeup Sponge Set makeup sponges for foundation Multi-functional Beauty Blender for Powder Liquid and CreamBlending Applicators for Foundations. (Black)","Generic","$6.99","...","...","...","06/13/2022","$2.89","0","","$4.10","260155","...","B09R7NRL6R","https://www.amazon.com/dp/B09R7NRL6R"
"","","281","GIRLSKART 2 pcs Makeup Sponge Set Makeup Blender for Liquid and Cream foundation Latex free and Vegan Beauty Sponge Beauty blender sponge sponges makeup blender (Black)","GIRLSKART","$9.99","...","...","...","06/13/2022","...","0","","","337009","...","B09YH1GFPT","https://www.amazon.com/dp/B09YH1GFPT"
"","","282","Makeup Sponge Set of 8 - Makeup Sponges for foundation Makeup Blender Beauty Sponge Powder Cream Latex-free Cosmetic Sponges for Flawless Wet/Dry Liquid Make-up Blending","KOLLIO","$16.98","...","...","...","01/10/2022","$10.66","14","4.3","$6.32","164787","...","B097B5PDFY","https://www.amazon.com/dp/B097B5PDFY"
"","","283","48 Pieces Makeup Blenders Sponges Cosmetic Sponges Wedge Latex Free Makeup Sponge Blender Wedge Wedge Shaped Sponge for Makeup(Orange pink)","Chihutown","$6.99","0","0","$0","01/04/2022","$3.51","3","4.6","$3.48","272876","Beauty & Personal Care","B09N38LNJZ","https://www.amazon.com/dp/B09N38LNJZ"
"","","284","Asion Beauty Blender Holder Makeup Sponge Blender Drying Stand and Beauty Blender Sponge Storage Display Makeup Sponge Holder With Sliding Cover Opening-white","Asion","$6.99","15","0","$105","11/15/2021","$2.89","12","3.8","$4.10","199808","Beauty & Personal Care","B09LV2TFPH","https://www.amazon.com/dp/B09LV2TFPH"
"","","285","10 Pcs Makeup Sponge Set Non-Latex Makeup Foundation Blending Beauty Sponges Cosmetic Applicator Puff Flawless for Liquid Powder Cream (10pcs wine red 4)","IMAGIC","$15.99","10","0","$160","10/01/2021","$10.05","5","5","$5.94","220141","Beauty & Personal Care","B09DSVG1F9","https://www.amazon.com/dp/B09DSVG1F9"
"","","286","Real Techniques Miracle Makeup Blender Beauty Sponge Gift Set with Makeup Brush Cleaner Set of 6","Real Techniques","$20.00","32","1","$640","09/26/2020","$13.46","829","4.7","$6.54","183635","Beauty & Personal Care","B08DNH6MZ2","https://www.amazon.com/dp/B08DNH6MZ2"
"","","287","GFOUNS beauty blender sponge:4 pcs small mini beauty blender under eyesand 9 large makeup sponge with 1 beauty blender holdermakeup sponges for foundationliquidCreamblendingand powder.","GFOUNS","$12.79","...","...","...","05/08/2022","$7.33","23","4.6","$5.46","305024","...","B09WTTJGFG","https://www.amazon.com/dp/B09WTTJGFG"
"","","288","Sponge egg gourd do not eat powder dry and wet puff cotton makeup tool Red wine","KVANACE","$3.28","23","0","$75","10/20/2021","$-0.56","15","3.8","$3.84","222154","Beauty & Personal Care","B091GQN5J7","https://www.amazon.com/dp/B091GQN5J7"
"","","289","2Pack Makeup Sponge Drying Stand Beauty Sponge Blender Holder(Rose Gold)","JAKENHAM","$4.99","18","0","$90","02/24/2021","$1.05","17","4.9","$3.94","299122","Beauty & Personal Care","B08XJ48P1C","https://www.amazon.com/dp/B08XJ48P1C"
"","","290","EmaxDesign 3 Pieces Makeup Blender Sponge Set Foundation Blending Blush Concealer Eye Face Powder Cream Cosmetics Beauty Makeup Sponges","EmaxDesign","$8.99","3","0","$27","01/05/2016","$4.73","2196","4.3","$4.26","268722","Beauty & Personal Care","B0186ZLM3Y","https://www.amazon.com/dp/B0186ZLM3Y"
"","","291","Molain Round Sponge Puff Set 12 Pieces 2.2 Inch White Facial Powder Blender Puffs Foam Sponges Applicator For Liquid Foundation Makeup Cosmetic Facial Cleanser","Molain","$5.69","197","6","$1121","03/25/2022","$2.31","104","4.3","$3.38","48959","Beauty & Personal Care","B09V1BZBQ7","https://www.amazon.com/dp/B09V1BZBQ7"
"","","292","Beauty Junkees Makeup Sponge Blender - Black Egg Foundation Makeup Blender Sponge Liquid Cream Powder Contour Blending Sponges Make Up Applicator Cosmetic Blenders Wet Dry Beauty Sponge Latex Free","Beauty Junkees","$6.97","26","0","$181","06/12/2013","$2.87","437","4.4","$4.10","234324","Beauty & Personal Care","B01FWWM5DA","https://www.amazon.com/dp/B01FWWM5DA"
"","","293","The beautyblender Original and micro.mini pro Blender Makeup Sponges Bundle for Contouring Foundations Powders & Creams. Vegan Cruelty Free","beautyblender","$32.40","...","...","...","11/28/2021","...","3","3.5","","161219","...","B09MG44WHR","https://www.amazon.com/dp/B09MG44WHR"
"","","294","Molain 48 Pieces Powder Puffs Beauty Blender Elasticity Makeup Sponge Blending Triangle Mini Foundation Applicator Reusable Non-latex Cosmetic Face Nail Tool Supplies (Green and Blue)","Molain","$5.66","...","...","...","05/23/2022","$1.67","0","","$3.99","165254","...","B09Y1T71VK","https://www.amazon.com/dp/B09Y1T71VK"
"","","295","Cosmetics Beauty Flat Body Black Makeup Sponge Blender Tear Drop Shape Latex Free One Piece by DreamCut","DreamCut","$12.99","20","0","$260","02/07/2018","$7.5","43","3.9","$5.49","175212","Beauty & Personal Care","B01MU03SQQ","https://www.amazon.com/dp/B01MU03SQQ"
"","","296","8pcs Makeup Sponge Blender Set-Latex-Free Vegan Sponges with Storage Box[Prime Deals]Beauty Cosmetic Foundation Blending Powder Puff for Liquid Powers BB CreamDry and Wet Used (Pink Purple)","Arswin","$7.99","0","0","$0","03/17/2021","...","25","4.5","","242034","Beauty & Personal Care","B08Z7K9Y37","https://www.amazon.com/dp/B08Z7K9Y37"
"","","297","Real Techniques Sponge+ Beauty Makeup Blenders Poreless Perfection Kit for Facial Cleanser Foundation and Setting Powder Probiotic Infused For Natural & Matte Finish 3 Piece Kit","Real Techniques","$12.99","...","...","...","10/05/2021","$7.5","87","4.2","$5.49","122101","...","B097NCHMP4","https://www.amazon.com/dp/B097NCHMP4"
"","","298","PROCEDURE BEAUTY Makeup Beauty Sponge Protective Travel Case and Holder Professional Makeup Tool Used for Drying and Storing Makeup Beauty Sponge Reusable & Washable Latex-Free Multi-Purpose Travel-Friendly Reusable Packaging (Pink)","Procedure","$8.00","...","...","...","04/27/2022","$3.82","4","5","$4.18","234239","...","B09WTJHBGJ","https://www.amazon.com/dp/B09WTJHBGJ"
"","","299","KOOBA 20 pcs Makeup Powder Sponges Round and Square Latex Free Disposable Beauty Blender Foam Cosmetic Applicator Facial Puffs for Flawless Foundation Sensitive and All Skin Types","Nuonove","$6.99","91","3","$636","11/13/2016","$2.89","269","4.4","$4.10","123456","Beauty & Personal Care","B01M05A9YU","https://www.amazon.com/dp/B01M05A9YU"
"","","300","Miss Lil USA Makeup Sponge Blender Multicolor Set - Non Latex Soft Professional Beauty Sponge Foundation Blending Blender with Egg Case Flawless for Cream Powder and Liquid (3PCS Black Pink)","Miss Lil USA","$5.55","30","1","$167","12/26/2021","$1.57","58","4.5","$3.98","139769","Beauty & Personal Care","B09MVCXC2L","https://www.amazon.com/dp/B09MVCXC2L"
"","","301","Beaupretty 3Pcs Makeup Sponge Beauty Foundation Blending Sponge Makeup Sponge Wedge Foundation Sponges with Handle Cosmetic Blender Professional Beauty Sponge Blender","Beaupretty","$8.49","...","...","...","11/07/2021","...","4","4.2","","212822","...","B09CPZGDHM","https://www.amazon.com/dp/B09CPZGDHM"
"","","302","KOOBA 4 Pcs Beauty Sponge and 1 Makeup Blender Holder Multi-shape Latex-Free Vegan Sponges 5pcs Set for Blending Flawless Foundation of Liquid Cream or Powder Sensitive and All Skin Types","OWLFAVO","$5.88","7","0","$41","03/18/2018","$1.87","340","4.5","$4.01","179073","Beauty & Personal Care","B079HPJQN1","https://www.amazon.com/dp/B079HPJQN1"
"","","303","25 Pcs Women's Round Soft Makeup Beauty Eye Face Foundation Blender Facial Smooth Powder Puff Cosmetics Blush Applicators Sponges Use for Dry and Wet(White)","Kukiwhy","$6.99","0","0","$0","10/28/2021","$3.51","2","4.5","$3.48","320539","Beauty & Personal Care","B099HZ6CB1","https://www.amazon.com/dp/B099HZ6CB1"
"","","304","Gleem Cosmetics Beauty Sponge Blender - Latex Free and Vegan Makeup Sponge Blender - For PowderCream or Liquid Application - One Piece Make Up Sponge","Gleem","$3.74","10","0","$37","02/15/2021","$-0.1","13","4.1","$3.84","352923","Beauty & Personal Care","B08WK3P43Y","https://www.amazon.com/dp/B08WK3P43Y"
"","","305","KZZM 6pack Makeup SpongesBlender Beauty Tool for Liquid Powder CreamBeautiful Mango Shaped Makeup Sponge","KZZM","$9.99","26","0","$260","09/16/2020","$5.65","29","4.9","$4.34","176394","Beauty & Personal Care","B08DXFVB8H","https://www.amazon.com/dp/B08DXFVB8H"
"","","306","12 Pieces Mini Powder Puff Face Triangle Powder Puff Esponjas Para Maquillaje Finger Makeup Puff Setting Powder Puff for Loose Powder Foundation Cosmetic Concealer (Black White)","Cunhill","$8.59","...","...","...","03/06/2022","$4.36","36","4.3","$4.23","43391","...","B09R74Y7KK","https://www.amazon.com/dp/B09R74Y7KK"
"","","307","e.l.f. Blending Sponge Duo - 1 ct","Elf","$9.45","34","1","$321","02/02/2022","$5.15","9","4.7","$4.30","271840","Beauty & Personal Care","B07ZR12L7X","https://www.amazon.com/dp/B07ZR12L7X"
"","","308","Makeup Blender Sponge Maredash Colorful Beauty Sponges Latex-free Blender (24pcs Sponges 1pc Sponge Holder)","Maredash","$11.99","55","1","$659","05/21/2020","$6.42","1001","4.6","$5.57","198569","Beauty & Personal Care","B0832FSX99","https://www.amazon.com/dp/B0832FSX99"