"Export time: 8/5/2022, 11:41:21 PM","","#","Product Name","Brand","Price","Mo. Sales","D. Sales","Mo. Revenue","Date First Available","Net","Rating Number","Rating","Fees","Rank","Category","ASIN","Link"
"Search Term: vegan mascara","","1","COVERGIRL Lash Blast Clean Volume Mascara Very Black 0.44 Fl Oz Pack of 1","COVERGIRL","$5.72","15683","522","$89707","12/12/2020","$1.72","10105","4.4","$4.00","671","Beauty & Personal Care","B08M96YZN1","https://www.amazon.com/dp/B08M96YZN1"
"Average Sales: 2,150","","2","essence | Lash Princess Curl Mascara | For Dramatic Curl & Volume | Vegan | Alcohol Paraben Free | Cruelty Free","essence cosmetics","$4.99","14921","497","$74456","06/13/2021","$1.67","9339","4.4","$3.32","692","Beauty & Personal Care","B08VW5974C","https://www.amazon.com/dp/B08VW5974C"
"Average Sales Rank: 193,768","","3","Pacifica Beauty Stellar Gaze Length & Strength Black Mascara For Volume and Length Vitamin B + Coconut Natural Lash Effect Silicone Sulfate + Paraben Free Vegan and Cruelty Free","Pacifica","$13.99","2724","90","$38109","01/23/2015","$8.35","3676","4.3","$5.64","5357","Beauty & Personal Care","B00FBOXMK0","https://www.amazon.com/dp/B00FBOXMK0"
"Average Price: $16.26","","4","essence | Lash Princess False Lash Waterproof Mascara | Cruelty Free (Pack of 1)","essence cosmetics","$4.99","29038","967","$144900","01/14/2019","$1.05","49789","4.4","$3.94","88","Beauty & Personal Care","B07TXJHYKB","https://www.amazon.com/dp/B07TXJHYKB"
"Average Rating Number: 3,944","","5","essence | Lash Princess False Lash Effect Mascara | Gluten & Cruelty Free","essence cosmetics","$4.99","58101","1936","$289924","08/07/2015","$1.67","263965","4.4","$3.32","1","Beauty & Personal Care","B00T0C9XRK","https://www.amazon.com/dp/B00T0C9XRK"
"","","6","Poppy Austin Mascara 9g - Lash Mascara - 100% Organic Paraben-Free Vegan Cruelty-Free Mascara Black - Hypoallergenic Mascara Lengthening & Volumising with Argan Oil","poppy austin","$21.99","852","28","$18735","01/26/2019","$15.77","7166","4.1","$6.22","24627","Beauty & Personal Care","B07571454N","https://www.amazon.com/dp/B07571454N"
"","","7","Maybelline New York Green Edition Mega Mousse Mascara Makeup Smooth Buildable and Lightweight Volume Formulated with Shea Butter Very Black 0.3 fl oz","Maybelline New York","$8.42","1821","60","$15333","11/13/2021","$4.21","433","4.1","$4.21","12352","Beauty & Personal Care","B09JHWM5YD","https://www.amazon.com/dp/B09JHWM5YD"
"","","8","Vivienne Sab Paris - Classic Everyday Mascara Cabaret Premiere Cruelty Free Black Made in Europe","Vivienne Sab","$12.95","11037","367","$142929","11/13/2016","$8.09","22505","4.3","$4.86","718","Beauty & Personal Care","B01LYSCW6Z","https://www.amazon.com/dp/B01LYSCW6Z"
"","","9","Pacifica Beauty Vegan Collagen Fluffy Lash Black Mascara For Volume and Length Feathery Full Lashes Clean Makeup Talc Free Silicone-Free Vegan and Cruelty Free","Pacifica","$13.60","913","30","$12417","10/13/2021","$8.64","397","3.9","$4.96","15329","Beauty & Personal Care","B09J1SBRLW","https://www.amazon.com/dp/B09J1SBRLW"
"","","10","Rimmel KIND & FREE Clean Mascara Cruelty-Free & Vegan 001 Black 0.23 Fl Oz","Rimmel","$7.87","405","13","$3187","01/19/2022","$4.32","124","4.3","$3.55","34571","Beauty & Personal Care","B09LB8R5PX","https://www.amazon.com/dp/B09LB8R5PX"
"","","11","Pacifica Beauty Aquarian Gaze Water Resistant Long Lash Black Mascara For Volume and Length Vitamin B + Coconut Silicone Sulfate + Paraben Free Vegan and Cruelty Free","Pacifica","$13.99","1436","47","$20090","08/27/2014","$8.35","1418","4.3","$5.64","11719","Beauty & Personal Care","B00LBCP5CY","https://www.amazon.com/dp/B00LBCP5CY"
"","","12","Burt's Bees 100% Natural Origin Nourishing Mascara Black Brown - 0.4 Ounce","Burt's Bees","$12.99","368","12","$4780","03/27/2018","$8.12","6297","4.2","$4.87","5692","Beauty & Personal Care","B073X2GCRC","https://www.amazon.com/dp/B073X2GCRC"
"","","13","Mineral Fusion Volumizing Mascara Packaging May Vary Chestnut 0.57 Fl Oz","Mineral Fusion","$14.99","155","5","$2323","12/26/2013","$9.2","1314","4.1","$5.79","12310","Beauty & Personal Care","B00CFQFZXY","https://www.amazon.com/dp/B00CFQFZXY"
"","","14","Mineral Fusion Lengthening Mascara Graphite 0.57 Fl Oz (Packaging May Vary)","Mineral Fusion","$14.94","563","18","$8411","12/31/2010","$9.16","754","4.1","$5.78","32953","Beauty & Personal Care","B002LA7VR2","https://www.amazon.com/dp/B002LA7VR2"
"","","15","Maybelline New York Green Edition Mega Mousse Mascara Makeup Smooth Buildable and Lightweight Volume Formulated with Shea Butter Brownish Black 0.3 Fl Oz","Maybelline New York","$8.42","1539","51","$12958","11/03/2021","$4.21","433","4.1","$4.21","12352","Beauty & Personal Care","B09JHS6TFK","https://www.amazon.com/dp/B09JHS6TFK"
"","","16","Honest Beauty Extreme Length Mascara + Lash Primer | 2-in-1 Boosts Lash Length Volume & Definition | Silicone Free Paraben Free Dermatologist & Ophthalmologist Tested | 0.2 Fl Oz Black","Honest Beauty","$17.99","15376","512","$276614","08/26/2018","$12.37","15197","4.2","$5.62","576","Beauty & Personal Care","B07F462B2D","https://www.amazon.com/dp/B07F462B2D"
"","","17","Vegan Waterproof Black Mascara for Sensitive Eyes Natural Hypoallergenic mascara Buildable Lengthening and Volumizing for Natural Looking Cruelty Free Ophthalmologist Tested- By Gaya cosmetics","Gaya Cosmetics","$16.90","818","27","$13824","10/06/2018","$10.83","5864","4.2","$6.07","21449","Beauty & Personal Care","B00ATSOF3Q","https://www.amazon.com/dp/B00ATSOF3Q"
"","","18","Urban Decay Wild Lash Plant-Powered Volumizing Mascara Black - 16HR Wear Smudge Transfer & Flake Resistant - Vegan Formula with Sunflower Seed Avocado & Coconut Oil","URBAN DECAY","$24.95","1050","35","$26198","02/25/2022","$17.67","90","4.3","$7.28","68837","Beauty & Personal Care","B09NB3YMF4","https://www.amazon.com/dp/B09NB3YMF4"
"","","19","essence | Bye Bye Panda Eyes Tubing Mascara | Smudge-proof Volumizing definition | Vegan Paraben Free Oil Free | Cruelty Free (Pack of 1)","essence cosmetics","$4.99","6637","221","$33119","08/27/2020","$1.05","4786","4","$3.94","2087","Beauty & Personal Care","B084GXBHQR","https://www.amazon.com/dp/B084GXBHQR"
"","","20","EZGOODZ Black Vegan Mascara Cruelty Free Waterproof 0.25 Oz Hemp Oil Natural Mascara Longer Lashes 0.25 Oz Black Mascara with Vitamin E Waterproof Eye Mascara Vegan Cruelty Free Makeup.","EZGOODZ","$9.99","...","...","...","11/08/2021","$6.27","1","5","$3.72","66929","...","B09B9NJ84F","https://www.amazon.com/dp/B09B9NJ84F"
"","","21","theBalm Mad Lash Mascara","theBalm","$19.72","219","7","$4319","10/19/2017","$13.22","5290","4.3","$6.50","11486","Beauty & Personal Care","B074WKGXV3","https://www.amazon.com/dp/B074WKGXV3"
"","","22","Physicians Formula Organic Wear Natural Origin Mascara Black","Physicians Formula","$7.99","1566","52","$12512","06/04/2020","$4.43","502","4.1","$3.56","9444","Beauty & Personal Care","B07Y7PVDJS","https://www.amazon.com/dp/B07Y7PVDJS"
"","","23","wet n wild Mega Volume Mascara Very Black 0.21 Ounce","wet n wild","$2.91","3086","102","$8980","07/09/2019","$-0.93","7029","4.1","$3.84","4517","Beauty & Personal Care","B07M6HVLXW","https://www.amazon.com/dp/B07M6HVLXW"
"","","24","Hourglass Caution Extreme Lash Mascara. Volumizing and Lengthening Mascara for Dramatic Lashes. Cruelty-Free and Vegan","HOURGLASS","$27.95","687","22","$19202","09/22/2018","...","873","4.3","","25050","Beauty & Personal Care","B07FQTKNP7","https://www.amazon.com/dp/B07FQTKNP7"
"","","25","essence | Volume Booster Lash Primer Mascara | Infused with Mango Butter and Acai Oil for Nurtured Lashes | Conditioning Mascara Primer | White | Vegan | Paraben & Cruelty Free (Pack of 1)","essence cosmetics","$4.99","14121","470","$70464","06/27/2018","$1.67","22644","4.3","$3.32","623","Beauty & Personal Care","B079X4DB3J","https://www.amazon.com/dp/B079X4DB3J"
"","","26","essence | Lash Princess False Lash Effect Mascara | Gluten & Cruelty Free (Pack of 3)","essence cosmetics","$14.97","12240","408","$183233","12/08/2021","$9.18","10845","4.7","$5.79","3423","Beauty & Personal Care","B07XF7B6ZJ","https://www.amazon.com/dp/B07XF7B6ZJ"
"","","27","W7 | Very Vegan Lengthening Mascara | Cone-Shaped Mascara Brush | Great For Cat-Eye Effect | 100% Vegan Mascara | Cruelty Free Vegan Eye Makeup For Women by W7 Cosmetics","W7","$5.45","10","0","$55","03/21/2021","$1.47","29","3.6","$3.98","294849","Beauty & Personal Care","B08TMPGJL8","https://www.amazon.com/dp/B08TMPGJL8"
"","","28","Tarte Big Ego Vegan Mascara 0.23 fl. oz. - Black","Tarte","$18.39","725","24","$13333","06/30/2019","$12.09","864","4.5","$6.30","23536","Beauty & Personal Care","B07QVNNN9K","https://www.amazon.com/dp/B07QVNNN9K"
"","","29","Ecco Bella FlowerColor Plant Based Vegan Mascara (Black)","Ecco Bella","$18.00","260","8","$4680","02/14/2008","$11.76","1481","4.1","$6.24","59045","Beauty & Personal Care","B000URYTOQ","https://www.amazon.com/dp/B000URYTOQ"
"","","30","Hourglass Unlocked Instant Extensions Mascara. Defining and Lengthening Mascara for Dramatic Lashes. Cruelty-Free and Vegan","HOURGLASS","$17.50","950","31","$16625","09/09/2020","$11.34","490","4.2","$6.17","23029","Beauty & Personal Care","B08CS1WR93","https://www.amazon.com/dp/B08CS1WR93"
"","","31","Pacifica Beauty Highest Lash Chronic Volume Mascara Black Lash Lift + Conditioning Vitamin B + Coconut Silicone Sulfate + Paraben Free Vegan and Cruelty Free","Pacifica","$13.04","245","8","$3195","01/09/2020","$7.54","212","4.3","$5.50","42886","Beauty & Personal Care","B07Y8GBSY5","https://www.amazon.com/dp/B07Y8GBSY5"
"","","32","Covergirl Clump Crusher Mascara Very Black 0.44 Fl Oz (Pack of 1)","COVERGIRL","$7.59","5537","184","$42026","05/13/2013","$3.44","5118","4.5","$4.15","3135","Beauty & Personal Care","B0094GHGQM","https://www.amazon.com/dp/B0094GHGQM"
"","","33","essence | Double Trouble Mascara Waterproof | 2-in-1 Fiber & Elastomer Brushes | Curling Defining Lengthening & Longlasting | Vegan & Cruelty Free | Made Without Parabens Oil Alcohol & Microplastic Particles","essence cosmetics","$5.99","...","...","...","12/29/2021","$2.59","137","4.1","$3.40","23171","...","B09CZGG7SZ","https://www.amazon.com/dp/B09CZGG7SZ"
"","","34","Pacifica Beauty Dream Big Lash Extending 7 in 1 Black Mascara For Volume and Length Lash Lift + Conditioning Vitamin B + Coconut Silicone Sulfate + Paraben Free Vegan and Cruelty Free","Pacifica","$15.99","373","12","$5964","09/07/2016","$10.67","879","4.2","$5.32","50119","Beauty & Personal Care","B01FIT0Y3U","https://www.amazon.com/dp/B01FIT0Y3U"
"","","35","Grande Cosmetics GrandeMASCARA Conditioning Black 0.21 Oz","Grande Cosmetics","$24.95","3015","100","$75224","09/19/2013","$17.67","2669","4.4","$7.28","8584","Beauty & Personal Care","B00BEZNBJ2","https://www.amazon.com/dp/B00BEZNBJ2"
"","","36","Lash Princess False Lash Effect Mascara & Volume Booster Lash Primer Mascara Bundle","essence cosmetics","$9.89","4190","139","$41439","09/10/2021","...","1524","4.5","","3094","Beauty & Personal Care","B09FRBC1PX","https://www.amazon.com/dp/B09FRBC1PX"
"","","37","Mom's Secret 100% Natural Mascara Brown Organic Vegan Paraben & Gluten Free Strengthens & Volumes Stays on all day Made in the USA 0.25 ounce","Mom's Secret","$17.99","30","1","$540","08/29/2021","$12.37","5","4.3","$5.62","163722","Beauty & Personal Care","B09C483T78","https://www.amazon.com/dp/B09C483T78"
"","","38","essence | Lash Princess Sculpted Volume Mascara | Paraben Free | Cruelty Free - Black (1-count)","essence cosmetics","$4.99","8989","299","$44855","06/17/2022","$1.67","23595","4.5","$3.32","1307","Beauty & Personal Care","B06WW9SJ5M","https://www.amazon.com/dp/B06WW9SJ5M"
"","","39","essence | I Love Extreme Volume Mascara Waterproof | Paraben Free | Cruelty Free | Black (Pack of 1 Waterproof)","essence cosmetics","$4.99","280","9","$1397","09/24/2017","$1.05","1958","4.1","$3.94","11822","Beauty & Personal Care","B012XYSK1G","https://www.amazon.com/dp/B012XYSK1G"
"","","40","Eyeko Black Magic Mascara","Eyeko","$24.00","325","10","$7800","02/10/2016","$16.86","551","4.3","$7.14","39420","Beauty & Personal Care","B016X4CQUS","https://www.amazon.com/dp/B016X4CQUS"
"","","41","Maybelline New York Sky High Washable Mascara Makeup Volumizing Mascara Buildable Lengthening Mascara Defining Curling Multiplying Very Black 0.24 Fl Oz","Maybelline New York","$8.50","41896","1396","$356116","11/19/2020","$4.9","93828","4.4","$3.60","10","Beauty & Personal Care","B08H4FSGDW","https://www.amazon.com/dp/B08H4FSGDW"
"","","42","Lash Serum Mascara | WANDER BEAUTY UPGRADED LASHES | Mascara Black Volume and Length Vegan Black Mascara Waterproof Ideal for Sensitive Eyes. Volumizing & Lengthening Mascara.","Wander Beauty","$26.00","443","14","$11518","10/17/2021","$18.56","156","4.1","$7.44","33190","Beauty & Personal Care","B09GLCBX3C","https://www.amazon.com/dp/B09GLCBX3C"
"","","43","Organic Mascara by Endlessly Beautiful | An Organic Makeup Cruelty Free Mascara | Natural Mascara | Paraben Free Vegan Mascara","Endlessly Beautiful","$21.95","289","9","$6344","04/15/2015","$15.74","2284","4.1","$6.21","50760","Beauty & Personal Care","B00U0HZX9Q","https://www.amazon.com/dp/B00U0HZX9Q"
"","","44","Besame Cosmetics Cake Mascara Black - Volume & Length 3-in-1 Eye Makeup - Eyelash Mascara Eyeliner Eyebrow Mascara - Vegan Mascara Sensitive Eyes - Black Mascara and Eyeliner Set + Tin & Applicator","BESAME COSMETICS","$28.00","38","1","$1064","09/27/2016","$20.88","377","4.2","$7.12","59833","Beauty & Personal Care","B017K57EYW","https://www.amazon.com/dp/B017K57EYW"
"","","45","Buxom Buxom Lash Volumizing Mascara","Buxom Cosmetics","$23.00","1618","53","$37214","03/30/2015","$16.01","3614","4.5","$6.99","8514","Beauty & Personal Care","B00K6MHGZY","https://www.amazon.com/dp/B00K6MHGZY"
"","","46","Mineral Fusion Volumizing Mascara Jet 0.57 Fl Oz (Pack of 1)","Mineral Fusion","$13.98","152","5","$2125","10/14/2013","$8.96","1314","4.1","$5.02","12310","Beauty & Personal Care","B00CFQFIG8","https://www.amazon.com/dp/B00CFQFIG8"
"","","47","Mineral Mascara by EVXO - All Natural Organic Ingredients Hypoallergenic Vegan Cruelty Free Gluten Free (Black)","EVXO","$22.99","11","0","$253","08/29/2016","$16.62","301","4.3","$6.37","78771","Beauty & Personal Care","B01KIQEMJU","https://www.amazon.com/dp/B01KIQEMJU"
"","","48","Honeybee Gardens Truly Natural Mascara Chocolate Truffle | Vegan Cruelty Free Paraben Free Gluten Free | Lash conditioning & flake free","Honeybee Gardens","$12.99","15","0","$195","12/26/2017","$8.12","137","3","$4.87","220145","Beauty & Personal Care","B001E179S0","https://www.amazon.com/dp/B001E179S0"
"","","49","Chella Good Drama Black Vegan Mascara Black 0.33 Fl. Oz","Chella","$25.00","65","2","$1625","11/29/2021","$17.71","42","4.2","$7.29","119264","Beauty & Personal Care","B099KTBDVT","https://www.amazon.com/dp/B099KTBDVT"
"","","50","PÜR Big Look Mascara in Black - Volumizing And Lengthening Lash Mascara For Longer Fuller Softer Lashes - Cruelty-Free & Vegan Mascara Lash Tint","PÜR MINERALS","$21.00","29","0","$609","07/24/2014","$14.31","363","4.3","$6.69","50048","Beauty & Personal Care","B00IDAHA7U","https://www.amazon.com/dp/B00IDAHA7U"
"","","51","essence | HELLO GOOD STUFF! Volume Mascara | Vegan & Cruelty Free | Without Parabens","essence cosmetics","$5.99","...","...","...","06/13/2021","$2.59","19","3.9","$3.40","240905","...","B08HHD2K5Q","https://www.amazon.com/dp/B08HHD2K5Q"
"","","52","COVERGIRL Professional 3-in-1 Waterproof Mascara Very Black 225 (Packaging May Vary) 0.3 Fl Oz (Pack of 1)","COVERGIRL","$5.39","618","20","$3331","01/06/2019","$2.04","7276","4.5","$3.35","2369","Beauty & Personal Care","B00N172KA2","https://www.amazon.com/dp/B00N172KA2"
"","","53","JOAH Lash UPrising Mascara Waterproof Volumizing & Lengthening Cruelty-Free Korean Beauty Makeup - Waterproof Blackest Black","JOAH","$9.99","997","33","$9960","08/15/2020","$5.65","423","4.2","$4.34","17619","Beauty & Personal Care","B08F7YBYSR","https://www.amazon.com/dp/B08F7YBYSR"
"","","54","Pure Ziva Royal Blue Electric Volumizing Lash Extending Mascara Paraben Free No Animal Testing & Cruelty Free","Pure Ziva","$14.99","18","0","$270","09/11/2015","$9.2","172","4","$5.79","50611","Beauty & Personal Care","B00Z2YQRQA","https://www.amazon.com/dp/B00Z2YQRQA"
"","","55","essence | The False Lashes Mascara Extreme Volume and Curl | Vegan & Paraben Free | Cruelty Free - Black","essence cosmetics","$4.99","338","11","$1687","...","$-25.25","1080","4.2","$30.24","136736","Beauty & Personal Care","B01JZQYNN4","https://www.amazon.com/dp/B01JZQYNN4"
"","","56","DNM 6 Color Colored Colorful Waterproof Mascara for Eyelashes SetBlue White Black Brown Purple Mascara for eyelashes Long lasting Charming Voluminous Mascara for Women Cruelty Free Vegan Eye Makeup","BINGBRUSH","$9.98","893","29","$8912","01/26/2021","$6.26","622","4","$3.72","15112","Beauty & Personal Care","B08SJ73Q1R","https://www.amazon.com/dp/B08SJ73Q1R"
"","","57","Tarte Maneater Magnetic Volumptuous Mascara .30 Ounce Black Full Size","Tarte","$20.02","424","14","$8488","10/04/2016","$13.48","3878","4.6","$6.54","3954","Beauty & Personal Care","B01KPEG108","https://www.amazon.com/dp/B01KPEG108"
"","","58","Urban Decay Perversion Volumizing Mascara - Intense Black - Creamy Clump-Free Flake-Free Formula - Volumizing Brush Separates & Defines - Proteins & Amino Acids to Stimulate Lash Growth","URBAN DECAY","$18.50","2862","95","$52947","04/19/2020","...","2533","4.6","","6404","Beauty & Personal Care","B01N7PMQ9C","https://www.amazon.com/dp/B01N7PMQ9C"
"","","59","Fifth & Skin NATURLASH Natural Mascara (BLACK) - Hypoallergenic Mascara for Sensitive Eyes  Vegan & Cruelty Free Mascara  Gluten Free - Paraben Free - Nourish Lengthen & Thicken","Fifth & Skin","$23.95","51","1","$1221","11/26/2015","$16.82","1534","4.2","$7.13","26555","Beauty & Personal Care","B0184O9JQO","https://www.amazon.com/dp/B0184O9JQO"
"","","60","HAN Skincare Cosmetics Clean Vegan Mascara I With Organic Sunflower and Chamomile I 0.25 oz. (Black)","HAN","$20.00","...","...","...","01/29/2022","$14.08","4","4.6","$5.92","258638","...","B09QVVTXS9","https://www.amazon.com/dp/B09QVVTXS9"
"","","61","Cruelty-Free Black Lengthening Smudge Proof Mascara: Elizabeth Mott Water-Resistant Liquid Lash Extending Tubing Mascara - No Clump Flakes Smudges - Full-Size Black Lengthening Mascara 8ml","Elizabeth Mott","$15.99","1855","61","$29661","12/05/2016","$10.67","684","3.9","$5.32","8309","Beauty & Personal Care","B01ISNF7CG","https://www.amazon.com/dp/B01ISNF7CG"
"","","62","PÜR Fully Charged Mascara","PÜR MINERALS","$22.00","228","7","$5016","05/26/2016","$15.16","2057","4.3","$6.84","19414","Beauty & Personal Care","B01BPO3ZC4","https://www.amazon.com/dp/B01BPO3ZC4"
"","","63","essence | 3-Pack Get Big! Lashes Triple Black Mascara | Vegan & Cruelty Free | Without Parabens Oil & Alcohol","essence cosmetics","$11.97","...","...","...","09/23/2021","$6.63","42","4.3","$5.34","117815","...","B097X2XFGS","https://www.amazon.com/dp/B097X2XFGS"
"","","64","BOOM! Bright Pro Age Mascara - BOOM! by Cindy Joseph Mascara for Older Mature Women w/ Sensitive Eyes - Lengthening & Strengthening Hypoallergenic Mascara (Black)","BOOM! by Cindy Joseph","$27.00","2233","74","$60291","10/04/2021","$19.41","1336","3.5","$7.59","7111","Beauty & Personal Care","B08TZV54MN","https://www.amazon.com/dp/B08TZV54MN"
"","","65","SKINFOOD Vegan Curling and Lengthening Mascara with Apple Fiber Waterproof Mascara with Oil-Absorbing Ingredients for Smudge-Free Eyelashes - Forest Dining Bare Mascara 6g (02 Brown)","SKIN FOOD since 1957","$14.00","45","1","$630","11/06/2021","$8.98","38","3.8","$5.02","148921","Beauty & Personal Care","B09HMDL89H","https://www.amazon.com/dp/B09HMDL89H"
"","","66","Farmasi Dr.Tuna Green Vegan Mascara 12 ml./0.4 fl.oz.","FARMASi","$17.50","45","1","$788","08/09/2021","...","2","5","","128568","Beauty & Personal Care","B09B59HYR1","https://www.amazon.com/dp/B09B59HYR1"
"","","67","Maybelline Great Lash Washable Mascara Clear 1 Tube","Maybelline New York","$5.49","16792","559","$92188","11/05/2007","$2.13","38991","4.4","$3.36","602","Beauty & Personal Care","B001KYQA1S","https://www.amazon.com/dp/B001KYQA1S"
"","","68","Fitglow Beauty Good Lash Mascara in Black - 3-in-1 Volumizing and Lengthening Vegan Mascara & Lash Conditioner/Serum for Fuller Lashes","FITGLOW","$38.00","2","0","$76","02/02/2018","$28.76","55","3.8","$9.24","133627","Beauty & Personal Care","B0747X3SVG","https://www.amazon.com/dp/B0747X3SVG"
"","","69","Maybelline New York Lash Sensational Washable Mascara Blackest Black (Packaging May Vary) 0.32 Fl Oz (Pack of 1)  K1714600","Maybelline New York","$8.79","28099","936","$246990","11/11/2014","$4.55","103967","4.5","$4.24","109","Beauty & Personal Care","B00PFCT2R0","https://www.amazon.com/dp/B00PFCT2R0"
"","","70","essence | Volume Booster Lash Primer Mascara | Infused with Mango Butter and Acai Oil for Nurtured Lashes | Conditioning Mascara Primer | White | Vegan | Paraben & Cruelty Free (Pack of 3)","essence cosmetics","$14.97","206","6","$3084","07/04/2020","$9.18","236","4.4","$5.79","54558","Beauty & Personal Care","B08BTGZ59P","https://www.amazon.com/dp/B08BTGZ59P"
"","","71","e.l.f Lash It Loud Mascara for Mega Volume & Definition Creates Longer Lashes","e.l.f.","$6.00","1023","34","$6138","03/28/2021","...","515","4.2","","16646","Beauty & Personal Care","B08T72CCGV","https://www.amazon.com/dp/B08T72CCGV"
"","","72","e.l.f. Big Mood Mascara Bold Volume & Instant Lift Creates Long-Lasting Voluminous Lashes Infused with Jojoba Wax Black 0.30 fl Oz (9 mL)","e.l.f.","$7.00","677","22","$4739","07/30/2021","$2.9","511","3.8","$4.10","13970","Beauty & Personal Care","B0984XHCQB","https://www.amazon.com/dp/B0984XHCQB"
"","","73","e.l.f. Cosmetics Cosmetics Cosmetics Volume Plumping Mascara for Bold & Beautiful Eyelashes Conditioning Formula Black","e.l.f.","$3.99","120","4","$479","06/28/2014","$0.75","500","4.1","$3.24","55725","Beauty & Personal Care","B006Y8D16W","https://www.amazon.com/dp/B006Y8D16W"
"","","74","wet n wild Mega Length Waterproof Mascara Very Black 0.21 Ounce","wet n wild","$3.18","3663","122","$11648","07/01/2019","$-0.04","5906","4.3","$3.22","3491","Beauty & Personal Care","B07ML1Q5MF","https://www.amazon.com/dp/B07ML1Q5MF"
"","","75","INIKA - Natural Long Lash Mascara | Vegan Non-Toxic Beauty (Black)","INIKA","$32.84","5","0","$164","11/14/2017","$24.37","117","4.1","$8.47","177033","Beauty & Personal Care","B072QGSDPD","https://www.amazon.com/dp/B072QGSDPD"
"","","76","Honeybee Gardens Bellissima Volumizing Mascara Black Lace (black) | Gluten Free Vegan Paraben Free | Cruelty Free","Honeybee Gardens","$14.99","99","3","$1484","10/08/2019","$9.82","473","4.2","$5.17","120995","Beauty & Personal Care","B07WJHWDSD","https://www.amazon.com/dp/B07WJHWDSD"
"","","77","ZUZU LUXE Luxe Mascara (Clear) Water resistant Natural Paraben Free Vegan Gluten-free Cruelty-free Non GMO Adds lush volume to lashes Vitamin Enriched formula conditions lashes 0.25 oz.","Zuzu Luxe","$17.60","60","2","$1056","04/21/2013","$12.04","363","4","$5.56","31312","Beauty & Personal Care","B006H9KLRK","https://www.amazon.com/dp/B006H9KLRK"
"","","78","KAJA WINK LASH TRIO | Multi-Tasking Mascara Trio | Volumizing Lengthening and Clear Mascaras | K-beauty Vegan Cruelty-free","Kaja","$30.00","25","0","$750","12/26/2021","$21.96","49","4.1","$8.04","194394","Beauty & Personal Care","B097S8KXKZ","https://www.amazon.com/dp/B097S8KXKZ"
"","","79","COVERGIRL Lash Blast Clean Waterproof Mascara Very Black","COVERGIRL","$7.98","343","11","$2737","02/23/2021","$3.8","365","4.2","$4.18","35308","Beauty & Personal Care","B08TM4NWJ2","https://www.amazon.com/dp/B08TM4NWJ2"
"","","80","Lime Crime Astronomical Volumizing Vegan Mascara 51 (Kelly Green) - Easy-to-Apply Creamy Formula with Bold & Full Lashes - Fiber Brush Separates and Defines for Instant Volume - Vegan & Cruelty Free","Lime Crime","$20.00","42","1","$840","10/03/2020","$13.46","34","4","$6.54","219332","Beauty & Personal Care","B08CPKFBFV","https://www.amazon.com/dp/B08CPKFBFV"
"","","81","Wander Beauty Mile High Club Length and Define Black Mascara","Wander Beauty","$26.00","1395","46","$36270","04/09/2019","$19.18","2177","4.5","$6.82","9860","Beauty & Personal Care","B07MXRG54C","https://www.amazon.com/dp/B07MXRG54C"
"","","82","4D Silk Fiber Lash Mascara - Lengthening Volumizing Long-Lasting Natural Eye MakeuFINEST Vegan Mascara For Sensitive Eyes - Gentle Hypoallergenic Cruelty Free Waterproof Mascara (Black)","N++A","$10.98","30","1","$329","12/15/2021","$5.79","1","5","$5.19","192793","Beauty & Personal Care","B09MM3QBM8","https://www.amazon.com/dp/B09MM3QBM8"
"","","83","Clinique High Impact Mascara 01 Black Mascara Impact Optimal .14 oz Each (Lot of 2)","Clinique","$0.83","53","1","$44","11/07/2016","$-3.01","566","4.6","$3.84","38093","Beauty & Personal Care","B00WCBEL8C","https://www.amazon.com/dp/B00WCBEL8C"
"","","84","MAEPEOR Colored Mascara 7 Pack Waterproof and Smudgeproof Longlasting Mascara Cruelty Free & Vegan Volume Mascara (7 Colors Set B)","BELLESKY","$19.89","139","4","$2765","09/28/2019","$13.84","830","3.9","$6.05","85780","Beauty & Personal Care","B07WFMLLMJ","https://www.amazon.com/dp/B07WFMLLMJ"
"","","85","MCoBeauty Fatlash Voluminous Mascara | Black | Vegan","MCoBeauty","$15.83","19","0","$301","11/08/2017","$9.92","216","3.9","$5.91","71408","Beauty & Personal Care","B01MCQDZNI","https://www.amazon.com/dp/B01MCQDZNI"
"","","86","Perricone MD No Makeup Mascara 0.28 Ounce","Perricone MD","$24.00","1560","52","$37440","12/06/2019","$17.48","676","4.5","$6.52","73115","Beauty & Personal Care","B07WMJYQV5","https://www.amazon.com/dp/B07WMJYQV5"
"","","87","Mad Hippie Natural Makeup Mineral Mascara with Peptides and Vitamin E Full Lashes Vegan Makeup Mascara Black Volume and Length .25 Oz","Mad Hippie","$17.10","...","...","...","05/24/2022","$11","8","3.6","$6.11","115385","...","B0B1QSLVPZ","https://www.amazon.com/dp/B0B1QSLVPZ"
"","","88","Gabriel Cosmetics Mascara (Black) Natural Paraben Free Vegan Gluten free Cruelty free No GMO Voluminous full lashes Non flaky Water resistant 0.25 Fl Oz.","Gabriel Cosmetics","$17.60","22","0","$387","07/12/2010","$11.42","428","4.4","$6.18","79222","Beauty & Personal Care","B00028OTY8","https://www.amazon.com/dp/B00028OTY8"
"","","89","Covergirl Lash Blast Volume Mascara Very Black","COVERGIRL","$5.72","1374","45","$7859","06/06/2013","$0.12","15938","4.5","$5.60","633","Beauty & Personal Care","B00EMAM9BC","https://www.amazon.com/dp/B00EMAM9BC"
"","","90","ILIA - Limitless Lash Mascara | Non-Toxic Cruelty-Free Clean Mascara (After Midnight Black)","ILIA","$23.45","5085","169","$119243","12/18/2018","...","2591","4.5","","2347","Beauty & Personal Care","B07BWYRQ8C","https://www.amazon.com/dp/B07BWYRQ8C"
"","","91","Pacifica Beauty | Activist Curling Mascara | Black | Volume and Length | Vegan Brush | Glass Tube | Clean Eye Makeup | Plant-Fibers | Microplastic + Nylon 6 Free | Vegan Talc-Free Cruelty-Free","Pacifica","$16.00","...","...","...","07/02/2022","$10.68","0","","$5.32","66774","...","B0B4X79PR5","https://www.amazon.com/dp/B0B4X79PR5"
"","","92","Rimmel Scandaleyes Retroglam Mascara Extreme Black Longwear Mascara for a False Eyelash Look 0.41 Fl Oz (Pack of 1)","Rimmel","$3.20","2846","94","$9107","12/24/2015","$-0.64","5493","4.3","$3.84","4681","Beauty & Personal Care","B00HN86PTM","https://www.amazon.com/dp/B00HN86PTM"
"","","93","Brown Mascara Waterproof Natural Hypoallergenic Colored Makeup Best Benefit Volumizing Lengthening Curling Defining Washable Classic Everyday Mascara Women Mascara Gift Cruelty Free","TWLBXMG","$6.98","1213","40","$8467","12/12/2021","$3.5","300","4","$3.48","12739","Beauty & Personal Care","B09KBPFBNN","https://www.amazon.com/dp/B09KBPFBNN"
"","","94","essence | 3-Pack The False Lashes Mascara Extreme Volume and Curl | Vegan & Paraben Free | Cruelty Free - Black","essence cosmetics","$14.97","140","4","$2096","07/05/2020","$9.8","21","4.6","$5.17","57341","Beauty & Personal Care","B0875S4LV2","https://www.amazon.com/dp/B0875S4LV2"
"","","95","Honeybee Gardens Bellissima Volumizing Mascara COFFEE BEAN (brown) | Gluten Free Vegan Paraben Free | Cruelty Free","Honeybee Gardens","$13.99","15","0","$210","02/09/2021","$8.97","16","4.2","$5.02","213755","Beauty & Personal Care","B08QQBFVFM","https://www.amazon.com/dp/B08QQBFVFM"
"","","96","Petite 'n Pretty Featherlight Clear Mascara & Brow Gel for Kids Children Tweens and Teens. Dual-Purpose Clear Finish for Brows and Lashes - Non Toxic for Kids Children Tweens and Teens Non Toxic Made in the USA","Petite 'N Pretty","$16.00","120","4","$1920","03/25/2021","$10.68","67","4.1","$5.32","67005","Beauty & Personal Care","B08YLFQH36","https://www.amazon.com/dp/B08YLFQH36"
"","","97","essence | Volume Stylist 18Hr Curl & Hold Mascara with Micro Styling Waxes | Cruelty Free - Black (Pack of 3)","essence cosmetics","$14.97","56","1","$838","12/01/2017","$9.65","75","4.6","$5.32","113330","Beauty & Personal Care","B0858CZWD8","https://www.amazon.com/dp/B0858CZWD8"
"","","98","e.l.f. Cosmetics Volumizing and Defining Mascara for Full Defined Lashes Jet Black 0.37 fl. Ounces","e.l.f.","$9.98","15","0","$150","...","$5.64","45","3.4","$4.34","268605","Beauty & Personal Care","B01KLJUKW2","https://www.amazon.com/dp/B01KLJUKW2"
"","","99","ForChics Better Than Falsies Mascara | Eyelash Growth Mascara that Heals | Volume & Length | Moisturizing Black Mascara for Sensitive Eyes","Forchics","$19.00","150","5","$2850","11/13/2021","$12.61","82","3.8","$6.39","56351","Beauty & Personal Care","B09HTDZT19","https://www.amazon.com/dp/B09HTDZT19"
"","","100","COVERGIRL Exhibitionist Mascara Black","COVERGIRL","$8.99","3990","133","$35870","01/16/2019","$4.73","4357","4.2","$4.26","4199","Beauty & Personal Care","B07J4VG6JW","https://www.amazon.com/dp/B07J4VG6JW"
"","","101","Lily Lolo Vegan Big Lash Black Mascara","Lily Lolo","$22.00","35","1","$770","10/08/2019","...","8","4.6","","211240","Beauty & Personal Care","B07XG5F72X","https://www.amazon.com/dp/B07XG5F72X"
"","","102","essence | Lash Princess False Lash Effect Waterproof Mascara | Gluten & Cruelty Free (Pack of 3)","essence cosmetics","$14.97","3912","130","$58563","05/06/2020","$9.18","2543","4.6","$5.79","24382","Beauty & Personal Care","B0858SMXX1","https://www.amazon.com/dp/B0858SMXX1"
"","","103","Emani Soy-Infused Organic Lash Mascara - Non-Clumping & Smudge-Free Safe for Sensitive Eyes - Paraben Free Vegan Cruelty-Free - Midnight","Emani","$19.99","3","0","$60","06/01/2014","$13.45","63","4.4","$6.54","236552","Beauty & Personal Care","B002Y1OEDW","https://www.amazon.com/dp/B002Y1OEDW"
"","","104","Sarah Maxwell Beauty - LAVISH Sculpting Mascara | Vegan Cruelty-Free Clean Beauty Lash Treatments (0.24 fl oz | 7 mL)","Sarah Maxwell","$28.00","15","0","$420","06/06/2020","...","2","5","","263489","Beauty & Personal Care","B07WHKSGQ3","https://www.amazon.com/dp/B07WHKSGQ3"
"","","105","L'Oreal Paris Voluminous Noir Balm Volumizing Mascara Black","L'Oreal Paris","$9.97","1253","41","$12492","12/02/2021","$5.63","705","4.1","$4.34","11321","Beauty & Personal Care","B09DTDDW14","https://www.amazon.com/dp/B09DTDDW14"
"","","106","Neutrogena Healthy Volume Lash-Plumping Waterproof Mascara Volumizing and Conditioning Mascara with Olive Oil to Build Fuller Lashes Clump- Smudge- and Flake-Free Black/Brown 08 0.21 oz","Neutrogena","$7.49","279","9","$2090","02/15/2010","$3.35","871","4.2","$4.14","6474","Beauty & Personal Care","B001MS7H5U","https://www.amazon.com/dp/B001MS7H5U"
"","","107","Ere Perez - Natural Avocado Waterproof Mascara | Vegan Cruelty-Free Clean Beauty","Ere Perez","$28.00","177","5","$4956","03/25/2016","$20.26","229","4","$7.74","57314","Beauty & Personal Care","B018FLJL7S","https://www.amazon.com/dp/B018FLJL7S"
"","","108","Maybelline New York Volum' Express The Rocket Washable Mascara Blackest Black 0.3 fl. oz.","Maybelline New York","$6.97","225","7","$1568","02/18/2013","$2.87","2636","4.7","$4.10","27544","Beauty & Personal Care","B00AQ9S93A","https://www.amazon.com/dp/B00AQ9S93A"
"","","109","Tarte Tarteist Lash Paint Mascara","Nuonove","$18.42","418","13","$7700","04/27/2016","$12.74","763","4.4","$5.68","46225","Beauty & Personal Care","B01E7KQ5WU","https://www.amazon.com/dp/B01E7KQ5WU"
"","","110","Tarte Lash Holidays Mascara Set","Tarte","$52.00","12","0","$624","10/18/2019","...","133","4.6","","253159","Beauty & Personal Care","B07Z8J3TGD","https://www.amazon.com/dp/B07Z8J3TGD"
"","","111","LOreal Paris Makeup Voluminous Original Volume Building Curved Brush Mascara Black 0.28 fl. oz.","L'Oreal Paris","$7.66","369","12","$2827","11/30/2003","$4.13","2914","4.6","$3.53","8334","Beauty & Personal Care","B000R1RKVY","https://www.amazon.com/dp/B000R1RKVY"
"","","112","Wet n Wild Big Poppa Mascara | Volumizing | Lifting | Lengthening | Nourising | Blackest Black","wet n wild","$5.03","4508","150","$22675","01/09/2021","$1.09","2252","4.1","$3.94","8846","Beauty & Personal Care","B08RRLH1H4","https://www.amazon.com/dp/B08RRLH1H4"
"","","113","EpiLynx by Dr. Liia 3D Voluminous Fiber Mascara Black Mascara Liquid Lash Extension Mascara - Gluten-Free Vegan","EPILYNX","$12.00","24","0","$288","10/03/2020","$6.66","25","3.3","$5.34","234822","Beauty & Personal Care","B08GTQ51R6","https://www.amazon.com/dp/B08GTQ51R6"
"","","114","COVERGIRL Clump Crusher Water Resistant LashBlast Mascara Water Resistant Mascara Zero Clumps 1 Tube Black Brown Color 0.44 Fl Oz packaging may vary","COVERGIRL","$7.69","1985","66","$15265","05/17/2013","$4.15","3489","4.4","$3.54","11083","Beauty & Personal Care","B0094GHM66","https://www.amazon.com/dp/B0094GHM66"
"","","115","Lune+Aster Eclipse Volumizing & Curling Mascara - Volumizing & curling vegan tubular mascara that won't smudge yet removes easily with warm water","Lune+Aster","$22.00","236","7","$5192","01/01/2020","$15.16","168","4.5","$6.84","52831","Beauty & Personal Care","B07R956679","https://www.amazon.com/dp/B07R956679"
"","","116","Mom's Secret 100% Natural Mascara Black Organic Vegan Paraben & Gluten Free Strengthens & Volumes Stays on all day Made in the USA 0.25 ounce","Mom's Secret","$17.99","15","0","$270","02/14/2019","$12.37","11","3.5","$5.62","251871","Beauty & Personal Care","B07JW5CMYT","https://www.amazon.com/dp/B07JW5CMYT"
"","","117","Tarte Cosmetics Merry Mascara Must-Haves Trio Holiday Gift Set:: SEA Surfer Curl Volumizing Mascara Lights Camera Lashes 4-In-1 Vegan Mascara Big Ego Mascara - Long Lasting 3 Piece Set","Tarte Cosmetics","$45.95","90","3","$4136","10/16/2021","$35.52","19","4.7","$10.43","89608","Beauty & Personal Care","B09JBD1JCZ","https://www.amazon.com/dp/B09JBD1JCZ"
"","","118","Catrice | Glam & Doll Easy Wash Off Power Hold Volume Mascara | Long Lasting & Smudge Proof Tubing Formula | Ultra Black | Vegan & Cruelty Free | Made Without Parabens Alcohol & Oil","Catrice","$6.00","...","...","...","08/17/2021","$2.6","44","3.8","$3.40","76819","...","B08YFCS6NK","https://www.amazon.com/dp/B08YFCS6NK"
"","","119","Harvest Natural Beauty - Lengthening Organic Mascara- 100% Natural and Certified Organic- Non-toxic Vegan and Cruelty-Free - Black Mascara","Harvest Natural Beauty","$18.99","5","0","$95","07/25/2017","$12.6","82","3.6","$6.39","127203","Beauty & Personal Care","B073MGL31Q","https://www.amazon.com/dp/B073MGL31Q"
"","","120","LuckNest 5 Color Colored Mascara Set Blue White Black Brown Purple Mascara Waterproof and Smudgeproof Longlasting Mascara - Lengthening Volumizing Cruelty Free Vegan Natural Eye Makeup","LuckNest","$13.89","...","...","...","05/06/2022","$8.89","1","1","$5.00","656381","...","B09TFBH2QV","https://www.amazon.com/dp/B09TFBH2QV"
"","","121","Tarte Tarteist Lash Paint Vegan Mascara 0.08 oz Travel Size - Black","Tarte","$10.90","3","0","$33","08/25/2017","$5.68","14","3.6","$5.22","244487","Beauty & Personal Care","B0753ZY7NX","https://www.amazon.com/dp/B0753ZY7NX"
"","","122","Jolie 4-in-1 Keratin Fortified Luxury Mascara (Navy)","JOLIE. IMPECCABLE ME","$19.99","55","1","$1099","06/18/2020","$14.07","44","3.8","$5.92","165096","Beauty & Personal Care","B0833FN8BN","https://www.amazon.com/dp/B0833FN8BN"
"","","123","Ere Perez - Natural Aloe Vera Lash + Brow Mascara | Vegan Cruelty-Free Clean Beauty (Clear)","Ere Perez","$28.00","13","0","$364","02/13/2016","$20.26","47","3.9","$7.74","93935","Beauty & Personal Care","B018FBWJB8","https://www.amazon.com/dp/B018FBWJB8"
"","","124","Bold Statement Vegan Mascara (Black)","Au Naturale","$27.00","0","0","$0","09/20/2019","$19.41","11","3.3","$7.59","435968","Beauty & Personal Care","B07KXP6C3T","https://www.amazon.com/dp/B07KXP6C3T"
"","","125","COVERGIRL Lash Blast Volume Mascara Black Pack of 1","COVERGIRL","$7.99","708","23","$5657","06/06/2013","$3.81","2418","4.4","$4.18","19030","Beauty & Personal Care","B00CHHL1AW","https://www.amazon.com/dp/B00CHHL1AW"
"","","126","Lenghthening Mascara by AlmayVolume & Lift Eye Makeup Hypoallergenic and Fragrance-Free 030 Black Brown 0.24 Fl Oz","Almay","$8.10","2610","87","$21141","01/30/2021","$3.91","1315","4.2","$4.19","8194","Beauty & Personal Care","B08MWD3K8L","https://www.amazon.com/dp/B08MWD3K8L"
"","","127","Maybelline New York Volume Express Mega Plush Washable Mascara Brownish Black 0.3 Fluid Ounce","Maybelline New York","$4.80","48","1","$230","09/03/2012","$0.88","1562","4.4","$3.92","28779","Beauty & Personal Care","B008C12Z48","https://www.amazon.com/dp/B008C12Z48"
"","","128","Idun Minerals Magna Lengthening Mascara - Volumizing Pigmented Mascara Designed To Enhance Short Lashes - Hydrating Mineral Formula - Vegan and Cruelty Free - 009 Black for Women - 0.44 oz","IDUN Minerals","$17.65","0","0","$0","10/21/2020","$12.08","31","4.5","$5.57","298174","Beauty & Personal Care","B07L9DNSN9","https://www.amazon.com/dp/B07L9DNSN9"
"","","129","Bestidy 4D Silk Fiber Lash MascaraNatural Waterproof Smudge-proof MascaraThickening Lengthening Mascara No Clumping No Smudging Lasting All Day","Bestidy","$9.99","4310","143","$43057","09/08/2019","$5.65","10627","4.2","$4.34","3890","Beauty & Personal Care","B07W97LWL7","https://www.amazon.com/dp/B07W97LWL7"
"","","130","Half Caked Totally Tubular Mascara | vegan & cruelty-free flake-free smudge-free clean beauty easy to remove | 8.5ml (The Ultimate)","Half Caked","$14.00","291","9","$4074","01/07/2021","$8.98","202","4.1","$5.02","39898","Beauty & Personal Care","B08R327ZBQ","https://www.amazon.com/dp/B08R327ZBQ"
"","","131","INIKA - Organic Mascara | Vegan Non-Toxic Beauty (Brown)","INIKA","$31.50","0","0","$0","07/14/2019","$23.86","15","4","$7.64","454523","Beauty & Personal Care","B07NWZSJTV","https://www.amazon.com/dp/B07NWZSJTV"
"","","132","COVERGIRL Clump Crusher Extensions LashBlast Mascara Very Black 0.44 Fl Oz (Pack of 1)","COVERGIRL","$7.59","232","7","$1761","04/02/2013","$3.44","4056","4.3","$4.15","9326","Beauty & Personal Care","B00C67E8NK","https://www.amazon.com/dp/B00C67E8NK"
"","","133","100% PURE Ultra Lengthening Mascara Dramatic Intense Volume & Length Natural Fruit Pigmented Voluminous Eyelash Makeup No Clumping Smudging or Flaking - Vegan Dark Chocolate Color - 0.35 oz","100% PURE","$28.00","73","2","$2044","03/21/2011","$20.26","1729","4.2","$7.74","34678","Beauty & Personal Care","B006LACRDG","https://www.amazon.com/dp/B006LACRDG"
"","","134","Florence by Mills Built to Lash Vegan Mascara | Lengthening Mascara | Lush + Natural Lashes | 2+ Coats | Vegan & Cruelty-Free","florence by mills","$14.00","171","5","$2394","07/13/2020","...","80","4.2","","48986","Beauty & Personal Care","B08CFXN98J","https://www.amazon.com/dp/B08CFXN98J"
"","","135","L'Oreal Paris Makeup Telescopic Original Lengthening Mascara Carbon Black 0.27 Fl Oz (Pack of 1)","L'Oreal Paris","$10.97","23145","771","$253901","11/05/2014","$5.78","47885","4.5","$5.19","152","Beauty & Personal Care","B004BCXA7S","https://www.amazon.com/dp/B004BCXA7S"
"","","136","W7 | Ultra Plush Mascara | Long-Lasting Smudge-Proof and Water-Resistant Formula | Black Mascara With Curved Shaped Brush For Definition And Length | Cruelty Free Eye Makeup For Women","W7","$5.00","98","3","$490","07/29/2020","$1.06","140","4.3","$3.94","98229","Beauty & Personal Care","B07RSN7J27","https://www.amazon.com/dp/B07RSN7J27"
"","","137","COVERGIRL Super Sizer by LashBlast Mascara Very Black .4 Fl Oz (12 ml) (Packaging May Vary)","COVERGIRL","$6.69","321","10","$2147","10/06/2015","$2.61","4747","4.2","$4.08","6451","Beauty & Personal Care","B00WQAWD52","https://www.amazon.com/dp/B00WQAWD52"
"","","138","Collagen Go Extreme Length Mascara + Eyeliner + Powder | 3 in 1 Boost Lash Length Volume & Definition | Organic Vegan Hypoallergic | Black | Medium Powder","CUTESKINS","$5.99","21","0","$126","04/22/2021","$1.97","53","3.9","$4.02","371376","Beauty & Personal Care","B08Z3JV3NV","https://www.amazon.com/dp/B08Z3JV3NV"
"","","139","Makeup Revolution 5D Lash Mascara Black Mascara for Volume & Length False Lash Effect Rebuild Weak Lashes Vegan & Cruelty Free 0.47fl.oz/14ml","Makeup Revolution","$10.00","270","9","$2700","01/31/2022","$5.66","206","4.3","$4.34","67645","Beauty & Personal Care","B0952TCJNP","https://www.amazon.com/dp/B0952TCJNP"
"","","140","Ere Perez - Natural Almond Oil Mascara | Vegan Cruelty-Free Clean Beauty (Mauve)","Ere Perez","$28.00","30","1","$840","11/04/2019","$20.26","29","4.5","$7.74","182993","Beauty & Personal Care","B08QWHXQB9","https://www.amazon.com/dp/B08QWHXQB9"
"","","141","Rimmel Scandaleyes Curved Brush Mascara Black 0.41 Fl Oz (Pack of 1)","Rimmel","$3.89","169","5","$657","01/08/2014","$0.66","654","4.2","$3.23","12855","Beauty & Personal Care","B00BFWF8R2","https://www.amazon.com/dp/B00BFWF8R2"
"","","142","3INA The Definition Mascara 900 - Washable Black Mascara for Sensitive Eyes - Cruelty Free Vegan Makeup - Defining Lengthening Curling Eyelash Mascara for Lift Volume and Length - 0.3 Fl. Oz","3ina","$13.95","30","1","$419","11/14/2021","$8.94","193","3.9","$5.01","217410","Beauty & Personal Care","B09174SHJ5","https://www.amazon.com/dp/B09174SHJ5"
"","","143","Poppy Austin Cruelty-Free Mascara & Organic Eye Cream Set Valentines Day Gift For Her - Vegan Mascara & Vegan Under Eye Cream for Wrinkles Organic & Cruelty-Free Anti-Aging Valentines Gifts","poppy austin","$36.00","...","...","...","02/24/2022","...","1","1","","330211","...","B09RWYVKY7","https://www.amazon.com/dp/B09RWYVKY7"
"","","144","4D Silk Fiber Lash Mascara Waterproof Luxuriously Longer Thicker Voluminous Eyelashes Long-Lasting Dramatic Extension Smudge-proof Hypoallergenic Formula","Tetyana naturals","$12.99","3577","119","$46465","02/27/2019","$7.5","4367","4.1","$5.49","5525","Beauty & Personal Care","B07GC62MNF","https://www.amazon.com/dp/B07GC62MNF"
"","","145","Covergirl Lash Blast Fusion Mascara Black","COVERGIRL","$7.95","29","0","$231","02/03/2014","$3.77","405","4.7","$4.18","49336","Beauty & Personal Care","B0039UTO3M","https://www.amazon.com/dp/B0039UTO3M"
"","","146","Pacifica Beauty Crystals Supercharged Extending Mineral Black Mascara For Volume and Length + Volume Silicone Sulfate + Paraben Free Vegan & Cruelty Free","Pacifica","$13.60","40","1","$544","03/08/2018","...","7","3.9","","134890","Beauty & Personal Care","B079SWV6MQ","https://www.amazon.com/dp/B079SWV6MQ"
"","","147","INIKA - Natural Bold Lash Mascara | Vegan Non-Toxic Beauty (Brown)","INIKA","$33.62","0","0","$0","09/28/2021","$25.04","1","5","$8.58","889118","Beauty & Personal Care","B08HR6LHWV","https://www.amazon.com/dp/B08HR6LHWV"
"","","148","Kat Von D Go Big or Go Home Volumizing Mascara Trooper Black Full Size UNBOXED","Kat Von D","$22.75","...","...","...","01/05/2022","$16.42","9","4.2","$6.33","83052","...","B07Z2FFYQX","https://www.amazon.com/dp/B07Z2FFYQX"
"","","149","Eyeko Beach Waterproof Mascara","Eyeko","$24.00","1748","58","$41952","05/12/2019","$16.86","1465","4.5","$7.14","14376","Beauty & Personal Care","B07DX54KPQ","https://www.amazon.com/dp/B07DX54KPQ"
"","","150","Inna Cosmetics & Nature - Long Lash Mascara vegan non GMO cruelty-free Waterproof Lash 2-in-1 Mascara 2 oz (Purple)","Generic","$17.95","...","...","...","...","...","0","","","673329","...","B0B41XSZC8","https://www.amazon.com/dp/B0B41XSZC8"
"","","151","Lash Princess False Lash Effect Mascara & Lash Princess False Lash Waterproof Mascara Bundle","essence cosmetics","$8.99","1737","57","$15616","12/21/2021","...","409","4.6","","5984","Beauty & Personal Care","B09NX4BGT5","https://www.amazon.com/dp/B09NX4BGT5"
"","","152","Undone Beauty Indielash Volumizing & Lengthening Gel Mascara with 4-Way Brush Wand - Lightweight Buildable Formula for Lash Volume Plumping and Separating - Vegan and Cruelty Free - Very Dark Black","UNDONE BEAUTY","$10.00","0","0","$0","12/03/2020","...","36","3.9","","367940","Beauty & Personal Care","B08LZYSS2T","https://www.amazon.com/dp/B08LZYSS2T"
"","","153","GR Cosmetics Lash Mascara Mega Lashes Volumizing Mascara Vegan Mascara Volume and Length","GR Cosmetics","$7.99","0","0","$0","08/16/2021","$4.43","2","4","$3.56","775630","Beauty & Personal Care","B09325PX1B","https://www.amazon.com/dp/B09325PX1B"
"","","154","IT Cosmetics Superhero Mascara Super Black - Elastic Stretch Volumizing & Lengthening Mascara - Lifts Separates & Conditions Lashes - With Collagen Biotin & Peptides - 0.3 fl oz","It Cosmetics","$19.35","11354","378","$219700","02/24/2016","$12.91","7844","4.5","$6.44","2510","Beauty & Personal Care","B01AKTZFZU","https://www.amazon.com/dp/B01AKTZFZU"
"","","155","Mascara by Almay Thickening Volume & Length Eye Makeup with Aloe and Vitamin B5 Hypoallergenic Fragrance Free Ophthalmologist Tested 402 Black (Pack of 2)","Almay","$16.60","3690","123","$61254","03/25/2019","$11.19","4713","4.4","$5.41","4143","Beauty & Personal Care","B074N8FWSH","https://www.amazon.com/dp/B074N8FWSH"
"","","156","Vivienne Sab Cabaret Premire Waterproof - Artistic Volume Mascara No Clump Cruelty Free 0.3 fl. oz.","Vivienne Sab","$12.95","874","29","$11318","05/04/2017","$8.09","1874","4.1","$4.86","16695","Beauty & Personal Care","B06XWYLTDD","https://www.amazon.com/dp/B06XWYLTDD"
"","","157","L'Oreal Paris Makeup Lash Paradise Mascara Voluptuous Volume Intense Length Feathery Soft Full Lashes No Flaking No Smudging No Clumping Black 0.25 Fl Oz (Pack of 1)","L'Oreal Paris","$9.97","30006","1000","$299160","05/29/2017","$6.25","83349","4.4","$3.72","54","Beauty & Personal Care","B06XDYJT6D","https://www.amazon.com/dp/B06XDYJT6D"
"","","158","PYT Beauty 12 Hour Black Mascara + Clear Primer Volumizing Lengthening Hypoallergenic Cruelty Free Vegan 1 Count","PYT BEAUTY","$20.00","24","0","$480","10/17/2018","$13.46","76","4.1","$6.54","225450","Beauty & Personal Care","B07H8KZBFZ","https://www.amazon.com/dp/B07H8KZBFZ"
"","","159","Cat eye mascara Eyes Makeup Color Mascara Waterproof Fast Dry Eyelashes Curling Lengthening Makeup Eye Lashes Party Stage Use (blue)","LGSZGDCN","$6.98","2898","96","$20228","04/05/2021","$3.5","2165","4.1","$3.48","5368","Beauty & Personal Care","B08SWG8C8G","https://www.amazon.com/dp/B08SWG8C8G"
"","","160","Emani Double Lash Organic Volumizing Mascara + Lash Growth Serum - Non-Clumping & Smudge-Free Safe for Sensitive Eyes Paraben and Cruelty Free Vegan - 0.23 Fl Oz Granite","Emani","$28.00","0","0","$0","02/14/2022","$18.66","32","4.1","$9.34","377360","Beauty & Personal Care","B002Y1SEBU","https://www.amazon.com/dp/B002Y1SEBU"
"","","161","Colored Eyelash Mascara Set 5 Colors Colorful Waterproof Mascara Rainbow Fiber Eyelashes Long Lasting Thick Volume Eye Lash for Women Cruelty Free Vegan Natural Eye Makeup Lasting All Day","sunny light","$11.99","...","...","...","05/10/2022","$6.65","1","5","$5.34","302086","...","B09W67MH6R","https://www.amazon.com/dp/B09W67MH6R"
"","","162","Covergirl Lash Blast Volume Waterproof Mascara Very Black","COVERGIRL","$5.99","9058","301","$54257","06/06/2013","$1.97","11040","4.3","$4.02","1257","Beauty & Personal Care","B001BMJPD4","https://www.amazon.com/dp/B001BMJPD4"
"","","163","Eyelash Mascara Kit Black Color Waterproof and Hypoallergenic Eye Makeup Tool for Women and Teens by Linble","Linble","$7.44","...","...","...","01/04/2022","$3.92","2","5","$3.52","365632","...","B09MS29ZFB","https://www.amazon.com/dp/B09MS29ZFB"
"","","164","Clover Maxed Out Voluminous Mascara Cruelty-Free & Vegan Eye Makeup Black","Clover","$18.00","0","0","$0","06/09/2021","$11.76","10","3.8","$6.24","371569","Beauty & Personal Care","B095J5V1YK","https://www.amazon.com/dp/B095J5V1YK"
"","","165","ILIA - Fullest Volumizing Mascara | Non-Toxic Cruelty-Free Clean Beauty (Travel Size Mini)","ILIA","$14.00","...","...","...","08/16/2021","$8.36","472","4.1","$5.64","12124","...","B09YQRR8WS","https://www.amazon.com/dp/B09YQRR8WS"
"","","166","Peter Lamas Lash Masque Natural Lash Builder Tint & Conditioner (0.18 Fl Oz) | Get Bolder Stronger Longer & Healthier Lashes | Lash Enhancing Pre-Mascara | Vegan and Cruelty-Free","Peter Lamas","$28.00","157","5","$4396","02/14/2007","$20.88","486","4","$7.12","85101","Beauty & Personal Care","B000J4N78O","https://www.amazon.com/dp/B000J4N78O"
"","","167","Urban Decay Lash Freak - Freaky Volumizing Mascara - Intensely Black - Smudge-Proof Sweatproof Flakeproof Formula - Asymmetrical Brush Maximizes Definition Volume & Length","URBAN DECAY","$14.00","1235","41","$17290","09/02/2020","$8.36","1022","4.1","$5.64","14647","Beauty & Personal Care","B08FCTRZGD","https://www.amazon.com/dp/B08FCTRZGD"
"","","168","COVERGIRL LashBlast Volume Mascara and Perfect Point Plus Eyeliner Very Black/Black Onyx Combo 1 (Packaging May Vary)","COVERGIRL","$8.47","260","8","$2202","05/31/2014","$4.25","3544","4.4","$4.22","7278","Beauty & Personal Care","B00CH3P8IW","https://www.amazon.com/dp/B00CH3P8IW"
"","","169","Xtreme 4D Silk Fiber Eyelash Mascara Extension Makeup Waterproof Kit Eye Lashes","Xtreme","$6.99","525","17","$3670","07/02/2021","$2.89","185","4.3","$4.10","26074","Beauty & Personal Care","B098KG82NC","https://www.amazon.com/dp/B098KG82NC"
"","","170","Volume Stylist 18Hr Lash Extension & Volume Booster Lash Primer Mascara Bundle","essence cosmetics","$9.89","20","0","$198","11/22/2021","...","6","3.4","","336835","Beauty & Personal Care","B09M7NNFSK","https://www.amazon.com/dp/B09M7NNFSK"
"","","171","Inna Cosmetics & Nature - Long Lash Mascara 100% natural 85%organic gluten-free vegan non GMO cruelty-free Made in The USA 1.58 oz (Black) (Brown)","Generic","$21.00","0","0","$0","09/22/2021","$14.93","4","3.5","$6.07","668921","Beauty & Personal Care","B09BHXLF9W","https://www.amazon.com/dp/B09BHXLF9W"
"","","172","WUNDERBROW Volume Mascara Lengthening & Volumizing Black Vegan Cruelty Free Promotes Lash Growth","WUNDERBROW","$23.93","...","...","...","01/08/2017","$16.8","1068","3.8","$7.13","27884","...","B0B193B92C","https://www.amazon.com/dp/B0B193B92C"
"","","173","100% PURE Maracuja Oil Mascara Dramatic Intense Volume & Length Natural Fruit Pigmented Voluminous Eyelash Makeup No Clumping Smudging or Flaking - Vegan Blackberry Color - 0.35 oz","100% PURE","$28.00","29","0","$812","11/20/2015","$20.88","266","4.1","$7.12","48237","Beauty & Personal Care","B01EB1OP8G","https://www.amazon.com/dp/B01EB1OP8G"
"","","174","Flower Beauty Lash Warrior Mascara - Volumizing Lashes Length & Definition No Clumping (Fierce Black)","FLOWER BEAUTY","$9.99","345","11","$3447","10/17/2016","...","1071","4.2","","38667","Beauty & Personal Care","B07CG2JJJQ","https://www.amazon.com/dp/B07CG2JJJQ"
"","","175","NYX PROFESSIONAL MAKEUP Worth The Hype Volumizing & Lengthening Mascara Black","NYX PROFESSIONAL MAKEUP","$7.99","1810","60","$14462","08/16/2018","...","6130","4.4","","11617","Beauty & Personal Care","B07CJMGXMY","https://www.amazon.com/dp/B07CJMGXMY"
"","","176","Liaison Mascara Bond - Peptide Growth Complex - Volumizing Buildable Lengthening Defining Curling Multiplying - No Glue - Flake-Free - Vegan Cruelty Free Paraben Free & Talc Free","Liaison","$24.99","1595","53","$39859","06/18/2021","$17.7","292","3.9","$7.29","12831","Beauty & Personal Care","B08KJ5R6S5","https://www.amazon.com/dp/B08KJ5R6S5"
"","","177","2 Sides Lengthening Mascara by TSUVIMI | Smudge-Proof Clump-Free & Buildable Formula | Waterproof Defining Mascara Makeup | Ophthalmologist Tested Hypoallergenic Vegan Cruelty Free | Golden Brown","TSUVIMI","$13.99","0","0","$0","09/24/2021","$8.35","1","4","$5.64","760615","Beauty & Personal Care","B09B2JHD1N","https://www.amazon.com/dp/B09B2JHD1N"
"","","178","Ere Perez - Natural Almond Oil Mascara | Vegan Cruelty-Free Clean Beauty (Black)","Ere Perez","$28.00","2","0","$56","01/13/2016","$20.26","128","3.7","$7.74","343949","Beauty & Personal Care","B018F3NRCQ","https://www.amazon.com/dp/B018F3NRCQ"
"","","179","IDUN Minerals Magna Mascara Volumizing Clump & Cruelty Free Lash-Hydrating Mineral Infused with Sunflower Seed Oil & Formulated for Sensitive Eyes Vegan 008 Black 0.44 Oz","IDUN Minerals","$17.65","0","0","$0","10/15/2018","$11.46","27","4.4","$6.19","350083","Beauty & Personal Care","B07CB28RPT","https://www.amazon.com/dp/B07CB28RPT"
"","","180","Kilshye Long Lasting Mascara Waterproof Sweatproof Eyelash Volumizing Eye Mascara MakeupCruelty Free Vegan Volume Eye Beaty Make Up for Women and Girls Pack of 1 (Shimmer Silver 1)","Kilshye","$7.66","0","0","$0","04/09/2021","$4.13","3","2.8","$3.53","587844","Beauty & Personal Care","B08XWN7NR1","https://www.amazon.com/dp/B08XWN7NR1"
"","","181","COVERGIRL LashBlast Volume Mascara 1 Tube (0.44 oz) Very Black Color Volumizing Mascara Hypoallergenic For All Eye Colors & Skin Tones (packaging may vary)","COVERGIRL","$5.70","130","4","$741","04/07/2015","$1.7","766","4.4","$4.00","83863","Beauty & Personal Care","B00VTU8RHS","https://www.amazon.com/dp/B00VTU8RHS"
"","","182","ROEN - Natural CAKE Mascara | Vegan Cruelty-Free Clean Makeup","REN","$19.75","25","0","$494","09/24/2020","$13.25","31","4.1","$6.50","223022","Beauty & Personal Care","B08JN8KSZJ","https://www.amazon.com/dp/B08JN8KSZJ"
"","","183","Ecco Bella Plant-Based Vegan Natural Glow Kit Natural Lip Gloss (Peace) FlowerColor Mascara (Black)","Ecco Bella","$35.99","...","...","...","03/30/2022","...","0","","","622757","...","B09WJD86CB","https://www.amazon.com/dp/B09WJD86CB"
"","","184","COVERGIRL Flourish Blast Mascara Deep Conditioning Very Black 800 0.4 OuncesMascara Volume Mascara Volume & Length Mascara Lengthening Mascara No Clumping or Smudging","COVERGIRL","$7.29","1093","36","$7968","06/09/2018","$3.17","1298","4.4","$4.12","18835","Beauty & Personal Care","B07C9KVY1J","https://www.amazon.com/dp/B07C9KVY1J"
"","","185","Honeybee Gardens Bellissima Volumizing Mascara + Effortless Eye Liner Duo | Vegan Gluten Free Cruelty Free Natural (black/brown)","Honeybee Gardens","$21.99","0","0","$0","03/16/2020","$15.15","5","4.4","$6.84","416383","Beauty & Personal Care","B08158W9TJ","https://www.amazon.com/dp/B08158W9TJ"
"","","186","Lord & Berry Big Noir Lightweight Waterproof Lash Mascara Black for Volume and Length with multipurpose brush False Lash Effect Long Lasting Eye Makeup Vegan Cruelty Free 0.27 oz Intense Black","Lord and Berry","$24.00","0","0","$0","07/02/2021","$16.86","5","3.7","$7.14","357622","Beauty & Personal Care","B0968B3DF2","https://www.amazon.com/dp/B0968B3DF2"
"","","187","Lord & Berry Prodigious Waterproof Lash Mascara Black for Volume and Length False Long Curl Eye Makeup Enriched with Olive Oil & Diamond Powder Vegan Paraben Free Cruelty Free 1 oz Black","Lord and Berry","$24.00","0","0","$0","02/11/2018","$16.86","6","4.1","$7.14","521835","Beauty & Personal Care","B0792QFL6T","https://www.amazon.com/dp/B0792QFL6T"
"","","188","Lily Lolo Vegan Natural Black Mascara Hypoallergenic Sensitive Eyes Ophthalmologic Tested Skin Clean Cruelty Free Unscented","Lily Lolo","$20.00","18","0","$360","05/10/2018","...","9","3.6","","392344","Beauty & Personal Care","B07CZLH9WR","https://www.amazon.com/dp/B07CZLH9WR"
"","","189","LOreal Paris Makeup Voluminous Original Volume Building Mascara Deep Violet 0.26 Fl Oz","L'Oreal Paris","$8.32","29665","988","$246813","10/15/2020","$4.73","76676","4.5","$3.59","73","Beauty & Personal Care","B08HDM1524","https://www.amazon.com/dp/B08HDM1524"
"","","190","Physicians Formula Mineral Wear Diamond Mascara Clear Diamond","Physicians Formula","$9.33","1611","53","$15031","01/06/2022","$5.04","246","3.8","$4.29","16086","Beauty & Personal Care","B09NXNZJRQ","https://www.amazon.com/dp/B09NXNZJRQ"
"","","191","Fresame Volumizer Mascara Extreme Volume Cruelty-Free Vegan","Fresame","$21.00","0","0","$0","02/01/2021","...","3","4.6","","887754","Beauty & Personal Care","B08PSL6RJ6","https://www.amazon.com/dp/B08PSL6RJ6"
"","","192","essence | I Love Extreme Volume Mascara Crazy Volume | Paraben Free | Cruelty Free | Black (Pack of 1 Crazy Volume)","essence cosmetics","$4.99","2047","68","$10215","02/04/2015","$1.67","4341","4.2","$3.32","14421","Beauty & Personal Care","B00GSUCEJ6","https://www.amazon.com/dp/B00GSUCEJ6"
"","","193","MECRET Vegan Mascara | Washable | Cruelty Free | Volume & Length | Smudge Proof | Waterproof |Black 0.2oz","MECRET","$25.00","0","0","$0","08/28/2021","$17.71","28","2.1","$7.29","660586","Beauty & Personal Care","B08Z7LL76X","https://www.amazon.com/dp/B08Z7LL76X"
"","","194","Lord & Berry Never Too Much Longwear Waterproof Lash Mascara Black for Volume and Length False Lash Effect Long Lasting Eye Makeup Enriched with Olive Oil Vegan Cruelty Free 0.28 oz Deep Black","Lord and Berry","$24.00","0","0","$0","07/02/2021","$16.86","2","4","$7.14","579539","Beauty & Personal Care","B0968CQDFH","https://www.amazon.com/dp/B0968CQDFH"
"","","195","Trust Fund Beauty Big Mad Mascara - Black Mascara Waterproof Volumizing 8.5mL 0.28 fl. oz. Vegan Cruelty-Free 10-Free","Trust Fund Beauty","$14.00","0","0","$0","08/12/2021","$8.98","9","4","$5.02","613162","Beauty & Personal Care","B098PR454H","https://www.amazon.com/dp/B098PR454H"
"","","196","MILK Makeup KUSH Volumizing Waterproof Mascara - Vegan Hemp Cannabis Seed Oil - Fuller Healthier Lashes - 0.34 Fl Oz","Milk Makeup","$38.90","20","0","$778","05/10/2020","...","63","4","","315987","Beauty & Personal Care","B0885SX2PG","https://www.amazon.com/dp/B0885SX2PG"
"","","197","INIKA - Natural Bold Lash Mascara | Vegan Non-Toxic Beauty (0.41 fl oz | 12 mL)","INIKA","$30.74","0","0","$0","05/22/2019","$22.59","22","4","$8.15","343795","Beauty & Personal Care","B07NWXXRPV","https://www.amazon.com/dp/B07NWXXRPV"
"","","198","Chella Good Drama Vegan Mascara and Eyebrow Pencil Bundle Tantalizing Taupe","Chella","$40.50","...","...","...","07/18/2022","...","0","","","","...","B0B69VNYGT","https://www.amazon.com/dp/B0B69VNYGT"
"","","199","Chella Good Drama Vegan Mascara and Eyebrow Pencil Bundle Dazzling Dark Brown","Chella","$40.50","...","...","...","07/20/2022","...","0","","","","...","B0B69V2KTT","https://www.amazon.com/dp/B0B69V2KTT"
"","","200","Undone Beauty Light On Multi-Dimensional Holographic Black Mascara with Light Reflecting Pigments for Lighting Up Dull Lashes - Vegan and Cruelty Free - Black Lapis","UNDONE BEAUTY","$10.00","0","0","$0","12/03/2018","$5.66","18","2.9","$4.34","419171","Beauty & Personal Care","B07M5MBMVR","https://www.amazon.com/dp/B07M5MBMVR"
"","","201","Bettern Ur Lashes Organic Mascara (BROWN) | 100% Natural | Made w Certified Organic Ingredients | Non GMO | Hypoallergenic for Sensitive Eyes | Length & Volume | Vegan | Cruelty Free","Fifth & Skin","$21.95","137","4","$3007","12/18/2018","$15.74","575","4","$6.21","91333","Beauty & Personal Care","B07L458PZH","https://www.amazon.com/dp/B07L458PZH"
"","","202","Beauty for Real Hi-Def Mascara Just Black - Defining & Volumizing Lash Definer Curls Lashes - Humidity & Smudge Proof - Micro Brush Ensures Versatile Application - 0.31 fl oz","Beauty For Real","$22.00","240","8","$5280","07/26/2016","$15.78","648","4.7","$6.22","53408","Beauty & Personal Care","B01G5MA5SS","https://www.amazon.com/dp/B01G5MA5SS"
"","","203","COVERGIRL Total Tease Full + Long + Refined Mascara Deep Blue .21 oz (6.5 ml) (Packaging may vary)","COVERGIRL","$6.44","10","0","$64","08/23/2017","$2.38","416","3.7","$4.06","116127","Beauty & Personal Care","B06XRR8NX8","https://www.amazon.com/dp/B06XRR8NX8"
"","","204","GECOMO Mascara Black Volume and Length with 2 in 1 Mascara Wand 4D Silk Fiber Lash Mascara Waterproof No Smudging No Clumping No Flaking Thick & Black Best Mascara for Women","GECOMO","$9.99","1605","53","$16034","01/04/2021","$6.27","682","3.9","$3.72","9493","Beauty & Personal Care","B08R1K8DQ5","https://www.amazon.com/dp/B08R1K8DQ5"
"","","205","LIQUE Active Mascara & Clear Brow Gel Duo Lightweight Vegan Formula For Flexible All-Day Wear Black 0.16 Fl Oz","LIQUE","$14.50","0","0","$0","10/28/2021","$8.79","1","5","$5.71","583123","Beauty & Personal Care","B09DNYF7B6","https://www.amazon.com/dp/B09DNYF7B6"
"","","206","3INA MAKEUP - Vegan - Cruelty Free - The 24h Level Up Mascara Waterproof 900 - Black Mascara Long Lashes - Waterproof - Extreme Definition - Volume Length Curve - Panoramic Effect - Metallic Tube - Hourglass Brush","3ina","$17.95","...","...","...","11/01/2021","$12.34","8","4.2","$5.61","576616","...","B099FFFMKJ","https://www.amazon.com/dp/B099FFFMKJ"
"","","207","tarte Lights camera Lashes 4-in1 Mascara- Full Sized- Limited Edition Yellow","Tarte","$21.95","130","4","$2854","02/12/2020","$15.12","32","4.4","$6.83","68360","Beauty & Personal Care","B07PN3XKXL","https://www.amazon.com/dp/B07PN3XKXL"
"","","208","Idun Minerals Mascara Silfr - Creates Longer Looking Lashes - Flexible Tapered Elastomer Bristles - For Finely Separated Lashes - Creamy Mineral Vegan Formula - Intense Black Color - Black - 0.34 Oz","IDUN Minerals","$15.88","0","0","$0","10/24/2020","$10.58","2","3.7","$5.30","613158","Beauty & Personal Care","B08G9DQLPJ","https://www.amazon.com/dp/B08G9DQLPJ"
"","","209","Melemando Colored Mascara 6 Colors Waterproof and Smudgeproof Longlasting Mascara Cruelty Free & Vegan Volume Mascara","Melemando","$16.89","...","...","...","...","...","0","","","599373","...","B0B3MWKW61","https://www.amazon.com/dp/B0B3MWKW61"
"","","210","Vegan Mascara by ATH Clean Volume Vegan Mascara 0.35 oz 10g | Hypoallergenic Non-Smudging Vegetable-based Keratin | Athe Vegan Mascara | Voluminous Curly Eyelashes | C-Curved Brush | Daily Proof | Vegan Eye Makeup | Kbeauty","ATH","$40.00","0","0","$0","10/13/2021","$30.46","2","5","$9.54","807349","Beauty & Personal Care","B097XYC4MH","https://www.amazon.com/dp/B097XYC4MH"
"","","211","Eyelash Growth Serum 0.25 OZ (7ML) Lash Serum For Longer Thicker Lashes Advanced Eyebrow Enhancer with Free Volumizing Mascara Vegan & Cruelty-Free Made in USA | Herbiar","Herbiar","$25.97","66","2","$1714","03/20/2019","$19.15","134","4.2","$6.82","129761","Beauty & Personal Care","B07F19NPZ5","https://www.amazon.com/dp/B07F19NPZ5"
"","","212","INIKA - Natural Curvy Lash Mascara | Vegan Non-Toxic Beauty (0.27 fl oz | 8 mL)","INIKA","$33.00","0","0","$0","08/16/2019","$24.51","16","3.6","$8.49","638024","Beauty & Personal Care","B07NXPKPFH","https://www.amazon.com/dp/B07NXPKPFH"
"","","213","Delilah - Definitive Volumising and Defining Mascara - Carbon - Unique Y-Shaped Brush - Strengthening Lengthening Black Mascara for Soft Eye Lashes - Vegan - Cruelty free - 7.5 ml / 0.25 Oz","Delilah","$33.50","0","0","$0","04/03/2018","...","2","4.5","","813167","Beauty & Personal Care","B07B6DKCWQ","https://www.amazon.com/dp/B07B6DKCWQ"
"","","214","Organic Mascara Black | Volumizing Thickening & Lengthening | Natural Vegan Cruelty Free + Gluten Free | Hypoallergenic + Safe for Sensitive Eyes (Black (Black Tea))","Orglamix","$21.99","0","0","$0","05/06/2016","...","5","3.7","","868975","Beauty & Personal Care","B01B9MXV1M","https://www.amazon.com/dp/B01B9MXV1M"
"","","215","Idun Minerals Vatn Waterproof Mascara - Volumizing Waterproof Mascara Designed To Resist High Liquid Temperatures - Lash-Hydrating Mineral Formula - Vegan And Cruelty Free - 003 Black - 0.34 oz","IDUN Minerals","$15.19","0","0","$0","12/15/2018","$9.37","9","3.8","$5.82","498392","Beauty & Personal Care","B078HZ967M","https://www.amazon.com/dp/B078HZ967M"
"","","216","Vegan Mascara by ATH Lash Potent Vegan Mascara 0.35 oz 10g | Athe Vegan Mascara | Natural Lash Extension | Long Eyelashes | Sensitive Skin| EVE Vegan | Non-Smudging Eye Makeup | Kbeauty","ATH","$40.00","0","0","$0","10/03/2021","$30.46","7","4.5","$9.54","757148","Beauty & Personal Care","B097XZNJQ5","https://www.amazon.com/dp/B097XZNJQ5"
"","","217","Essence | 24ever Bold Volume Mascara","essence cosmetics","$4.99","110","3","$549","12/26/2020","$1.67","166","3.9","$3.32","84808","Beauty & Personal Care","B08HHFS84Z","https://www.amazon.com/dp/B08HHFS84Z"
"","","218","2 Sides Lengthening Mascara by TSUVIMI | Smudge-Proof Clump-Free & Buildable Formula | Waterproof Defining Mascara Makeup | Ophthalmologist Tested Hypoallergenic Vegan Cruelty Free | Mocca Brown","TSUVIMI","$13.99","0","0","$0","09/29/2021","$8.35","4","3.2","$5.64","729895","Beauty & Personal Care","B09B2LQFP3","https://www.amazon.com/dp/B09B2LQFP3"
"","","219","GladGirl | Lashe EnMasse Mascara for Eyelash Extensions | Oil Free Mascara with Dual-Brush Wand | Made in the USA | Vegan Mascara & Hypoallergenic","GladGirl","$16.31","10","0","$163","03/26/2018","$10.94","156","4.4","$5.37","104974","Beauty & Personal Care","B06ZZQPK4J","https://www.amazon.com/dp/B06ZZQPK4J"
"","","220","essence | Volume Stylist 18Hr Lash Extension with Fiber Mascara | Cruelty Free - Black","essence cosmetics","$4.99","98","3","$489","11/05/2017","$1.67","1655","4.1","$3.32","34764","Beauty & Personal Care","B01MYEJSOI","https://www.amazon.com/dp/B01MYEJSOI"
"","","221","Anifer Natural Mascara Waterproof Natural effect Cruelty Free (Black)","Anifer","$4.99","30","1","$150","06/17/2021","$1.05","260","3.6","$3.94","191347","Beauty & Personal Care","B08TM8T2ZS","https://www.amazon.com/dp/B08TM8T2ZS"
"","","222","Eyelash Extension Cleanser BREYLEE Upgraded Eyelash Extension Shampoo 60ML+Mascara Wand+Brush Eyelash Foam Cleanser For Extensions and Natural LashesParaben & Sulfate Free Salon and Home Use","BREYLEE","$12.95","1566","52","$20280","02/25/2021","$7.47","751","4.5","$5.48","19475","Beauty & Personal Care","B09H5PGP6N","https://www.amazon.com/dp/B09H5PGP6N"
"","","223","Wet n Wild Big Poppa Mascara Blackest Black 0.27 Fl Oz + Wet n Wild Color Icon 5Pan Makeup Palette LongWear Vegan Walking On Eggshells 0.21 Ounce","wet n wild","$8.21","0","0","$0","03/14/2021","...","13","4.1","","594320","Beauty & Personal Care","B08XXJC38L","https://www.amazon.com/dp/B08XXJC38L"
"","","224","Idun Minerals - Liv All-In-One Mascara - Multidimensional Creamy Vegan Formula For Thicker Longer Curled And Voluminous Lashes - Delivers An Intense Glamorous Makeup Result - Black - 0.42 Oz","IDUN Minerals","$15.88","0","0","$0","07/07/2021","$9.96","1","4","$5.92","561193","Beauty & Personal Care","B08WCBN9G4","https://www.amazon.com/dp/B08WCBN9G4"
"","","225","COVERGIRL Full Lash Bloom by Lashblast Waterproof Mascara Very Black .44 fl oz (13.1 ml) (Packaging may vary)","COVERGIRL","$7.69","188","6","$1446","01/31/2016","$4.15","2387","4.3","$3.54","13014","Beauty & Personal Care","B00ON1H5J6","https://www.amazon.com/dp/B00ON1H5J6"
"","","226","Physicians Formula Black Organic Wear 100% Natural Origin Mascara 0.26 Ounce","Physicians Formula","$13.49","45","1","$607","10/13/2019","$7.93","714","4.1","$5.56","177200","Beauty & Personal Care","B078BC2M8S","https://www.amazon.com/dp/B078BC2M8S"
"","","227","blinc Original Tubing Mascara","blinc","$26.00","1672","55","$43472","07/30/2013","$18.56","4441","3.8","$7.44","10770","Beauty & Personal Care","B002A9JONI","https://www.amazon.com/dp/B002A9JONI"
"","","228","essence | Double Trouble Mascara Extra Black | 2-in-1 Fiber & Elastomer Brushes | Curling Defining Lengthening & Longlasting | Vegan & Cruelty Free | Made Without Parabens Oil Alcohol & Microplastic Particles","essence cosmetics","$5.99","...","...","...","12/29/2021","$2.59","136","3.9","$3.40","22223","...","B09CZG4RYK","https://www.amazon.com/dp/B09CZG4RYK"
"","","229","IDUN Minerals - EIR Waterproof Mascara - Boost Lashes Without Smudging and Clumping Safe for Sensitive Eyes - Cruelty Free 100% Vegan Makeup - 006 Black 0.34 fl oz Tube","IDUN Minerals","$17.06","0","0","$0","11/27/2018","$10.96","7","3.8","$6.10","387022","Beauty & Personal Care","B07KW94T6D","https://www.amazon.com/dp/B07KW94T6D"
"","","230","Mirenesse Secret Weapon Original 24hr Mascara Lengthens & Curls Lashes Microwrap Tubing Formula Winner 13 Best Mascara Awards Long Lasting Safe Sensitive Eyes Vegan & Toxin Free Black 0.35oz","Mirenesse","$19.97","0","0","$0","12/22/2015","$14.05","43","3.8","$5.92","277053","Beauty & Personal Care","B011K5TMKW","https://www.amazon.com/dp/B011K5TMKW"
"","","231","Undone Beauty Light On Multi-Dimensional Holographic Black Mascara with Light Reflecting Pigments for Lighting Up Dull Lashes - Vegan and Cruelty Free - Black Gold","UNDONE BEAUTY","$10.00","30","1","$300","12/03/2018","$6.28","18","2.9","$3.72","175267","Beauty & Personal Care","B07J1RC9CS","https://www.amazon.com/dp/B07J1RC9CS"
"","","232","Blinc UltraVolume Tubing Mascara 0.30 Fl Oz","blinc","$26.00","578","19","$15028","01/24/2021","$18.56","500","3.6","$7.44","25627","Beauty & Personal Care","B08TBSW4KS","https://www.amazon.com/dp/B08TBSW4KS"
"","","233","Mented Cosmetics | Long Live the Lash Mascara | Volumizing Lengthening Black Mascara | Natural Clump-Free Eye Makeup | Vegan Paraben-Free Cruelty-Free Makeup","Mented","$18.00","51","1","$918","12/13/2021","$12.38","39","3.9","$5.62","149838","Beauty & Personal Care","B09LMQ224G","https://www.amazon.com/dp/B09LMQ224G"
"","","234","Silly George Heart Eyes Mascara | Smudge-Free Budge-Free Grudge-Free Lashes Cruelty Free & Vegan","Silly George","$20.00","56","1","$1120","10/29/2021","$13.46","56","4.5","$6.54","110453","Beauty & Personal Care","B09CH4SHZM","https://www.amazon.com/dp/B09CH4SHZM"
"","","235","Kat Von D Go Big Or Go Home Mascara trial size in Trooper Black - 2.5 mL","Kat Von D","$8.00","48","1","$384","07/20/2019","$4.44","98","3.7","$3.56","137493","Beauty & Personal Care","B07R3D2R5V","https://www.amazon.com/dp/B07R3D2R5V"
"","","236","Rimmel Extra Super Lash Mascara Black 0.27 Fluid Ounce","Rimmel","$3.99","345","11","$1377","01/01/2016","$0.75","7224","4.3","$3.24","40510","Beauty & Personal Care","B001KYVX2E","https://www.amazon.com/dp/B001KYVX2E"
"","","237","Chella Good Drama Vegan Mascara and Eyebrow Pencil Bundle Graceful Grey","Chella","$40.50","...","...","...","07/20/2022","...","0","","","","...","B0B69VYZRC","https://www.amazon.com/dp/B0B69VYZRC"
"","","238","Mineral Fusion Mascara Volumizing Black Hypoallergenic 0.13 Fl Oz","Mineral Fusion","$10.88","0","0","$0","03/16/2020","...","22","3.7","","557124","Beauty & Personal Care","B07XYPSDHZ","https://www.amazon.com/dp/B07XYPSDHZ"
"","","239","Benefit Cosmetics Roller Lash Mascara .30 Ounce (Full Size)","Benefit","$22.50","121","4","$2723","03/08/2017","$15.59","1423","4.7","$6.92","14811","Beauty & Personal Care","B01B0D2652","https://www.amazon.com/dp/B01B0D2652"
"","","240","butter LONDON Stroke of Wow Volumizing Mascara Double-Sided Brush Long-Wearing and buildable Castor Seed Oil Cruelty-Free Gluten Free Vegan","butter LONDON","$20.00","300","10","$6000","08/03/2018","$11.86","386","4","$8.14","60084","Beauty & Personal Care","B07BB629TS","https://www.amazon.com/dp/B07BB629TS"
"","","241","2 Sides Lengthening Mascara by TSUVIMI | Smudge-Proof Clump-Free & Buildable Formula | Waterproof Defining Mascara Makeup | Ophthalmologist Tested Hypoallergenic Vegan Cruelty Free | Navy Blue","TSUVIMI","$13.99","0","0","$0","09/28/2021","$8.35","2","3","$5.64","578994","Beauty & Personal Care","B09B2HM5HY","https://www.amazon.com/dp/B09B2HM5HY"
"","","242","Physicians Formula Killer Curves Mascara Black","Physicians Formula","$8.98","933","31","$8378","03/24/2018","$4.72","1269","4.3","$4.26","14816","Beauty & Personal Care","B077PXP97N","https://www.amazon.com/dp/B077PXP97N"
"","","243","MILK Makeup KUSH Volumizing Mascara - Vegan - Fuller Healthier Lashes - 0.34 Fl Oz","Milk Makeup","$29.99","298","9","$8937","09/02/2018","...","825","4.4","","44347","Beauty & Personal Care","B07CHXMZN9","https://www.amazon.com/dp/B07CHXMZN9"
"","","244","400X Pure Silk Fiber Lash Mascara [Ultra Black Volume and Length] Longer & Thicker Eyelashes Waterproof Long Lasting Instant & Very Easy to Apply Smudge-proof Hypoallergenic Cruelty & Paraben Free (Mia Adora)","Mia Adora","$17.88","2715","90","$48544","10/08/2014","$11.66","12779","4","$6.22","6860","Beauty & Personal Care","B00NBCD7MW","https://www.amazon.com/dp/B00NBCD7MW"
"","","245","Tarte Lights Camera Lashes 4-in-1 Mascara - Black - To Go Deluxe Size 5ml/.16oz","Tarte","$15.00","80","2","$1200","11/14/2019","$9.83","248","4","$5.17","78465","Beauty & Personal Care","B01LXB102C","https://www.amazon.com/dp/B01LXB102C"
"","","246","Idun Minerals Mascara Eir - Wide Volumizing Wand - Highly Purified Mineral Pigments - For An Intense Black Colour Pay Off - Nourishing Ingredients - Smooth Vegan Buildable Formula - Black - 0.45 Oz","IDUN Minerals","$17.06","0","0","$0","09/18/2020","$11.58","6","4.1","$5.48","350732","Beauty & Personal Care","B086QCNXN3","https://www.amazon.com/dp/B086QCNXN3"
"","","247","Tarte Cosmetics Gifted Amazonian Clay Smart Mascara 0.24 oz.","Nuonove","$24.00","29","0","$696","07/01/2011","$16.86","589","4.6","$7.14","97840","Beauty & Personal Care","B004WC37SY","https://www.amazon.com/dp/B004WC37SY"
"","","248","Undone Beauty Clean Lash Conditioning Mascara - Coats and Conditions Lashes for Length Volume and Clump-Free Impact - Natural Castor Oil for Nourishing - Vegan and Cruelty Paraben & Gluten Free - Very Dark Black","UNDONE BEAUTY","$8.00","...","...","...","03/28/2022","...","5","3.8","","466590","...","B09TL8CFGR","https://www.amazon.com/dp/B09TL8CFGR"
"","","249","Tarte Opening Act Lash Primer + Lights camera lashes 4-in-1 mascara","Tarte","$22.39","9","0","$202","08/29/2015","$15.49","158","4.7","$6.90","124991","Beauty & Personal Care","B013H1JZ2W","https://www.amazon.com/dp/B013H1JZ2W"
"","","250","Shimarz Black Mascara for Women with Sensitive Eyes Hypoallergenic with Natural Lengthening Volume Eyelashes Results 0.3 oz (Pack of 1)","Shimarz","$23.99","2","0","$48","03/29/2015","$17.47","115","4","$6.52","171771","Beauty & Personal Care","B00SH521RA","https://www.amazon.com/dp/B00SH521RA"
"","","251","4D Glitter Lash Mascara Diamond Eyelash For Women Concert Makeup Waterproof Long Lasting Thickening Lengthening & Easy To Remov Vegan Mascara Vegan Items (A One Size)","Generic","","...","...","...","...","...","0","","","","...","B0B4ZMR1L5","https://www.amazon.com/dp/B0B4ZMR1L5"
"","","252","Vibriance Volumizing Mascara Lifts Lengthens and Moisturizes Eyelashes Easy Application No Clumps No Smudges | Water Based Organic Ingredients | Black Mascara","Vibriance","$27.00","...","...","...","06/01/2022","$20.03","0","","$6.97","188075","...","B09TNS4B6Y","https://www.amazon.com/dp/B09TNS4B6Y"
"","","253","Earth Lab Cosmetics - Black Mascara - Vegan Natural Lash","Earth Lab Cosmetics","$20.50","0","0","$0","09/25/2015","$14.36","5","3","$6.14","905552","Beauty & Personal Care","B015UT5HWQ","https://www.amazon.com/dp/B015UT5HWQ"
"","","254","4D Silk Fiber Lash Mascara Colored Eyelash Mascara (Multiple Colour) Waterproof and Smudgeproof Longlasting Mascara Cruelty Free & Vegan Volume Mascara for Eyelash Eye Makeup (Mascara Black)","Qilebi","$2.78","0","0","$0","04/14/2020","$-1.06","1","5","$3.84","345076","Beauty & Personal Care","B085DMGPPF","https://www.amazon.com/dp/B085DMGPPF"
"","","255","CoverGirl Professional Natural Lash Mascara Clear [100] 0.34 oz (Pack of 7)","COVERGIRL","$43.85","2","0","$88","07/10/2016","...","1","5","","249084","Beauty & Personal Care","B01IAFFB7S","https://www.amazon.com/dp/B01IAFFB7S"
"","","256","Maybelline Great Lash Washable Mascara Clear [110] 1 Ea","Maybelline New York","$13.99","2","0","$28","08/05/2016","$8.35","13","4.1","$5.64","210679","Beauty & Personal Care","B01IAE2IL6","https://www.amazon.com/dp/B01IAE2IL6"
"","","257","3 Pack 4D Silk Fiber Lash Mascara Purple Blue & Green Waterproof with Folding Eyelash Comb Brush - Lengthening Volumizing Long-Lasting Natural Eye Makeup","POZILAN","$17.98","270","9","$4855","05/25/2021","...","278","4.1","","49769","Beauty & Personal Care","B094HMSQKL","https://www.amazon.com/dp/B094HMSQKL"
"","","258","Undone Beauty Laze Lash Glaze Volumizing High Gloss Mascara with Curved Brush - Lightweight Formula for Naturally Boosted Separated Eyelashes - Vegan and Cruelty Free - Very Black","UNDONE BEAUTY","$10.00","0","0","$0","07/23/2019","$5.66","15","3.7","$4.34","651221","Beauty & Personal Care","B0829GGCNW","https://www.amazon.com/dp/B0829GGCNW"
"","","259","HOFASON Peacock Mascara4D Silk Fiber Lash Waterproof Mascara Mascara Black Volume and Length Thickening & Lengthening No Clumping No Smudging Lasting Voluminous Eyelashe(9315)","HOFASON","$16.99","...","...","...","12/10/2021","$10.9","98","4.2","$6.09","49857","...","B09K74PH9G","https://www.amazon.com/dp/B09K74PH9G"
"","","260","4D Silk Fiber Lash MascaraNatural Waterproof Smudge-proof MascaraNatural Thickening Lengthening Mascara Full Long Thick No Clumping No Smudging Lasting All Day1PCS","AOMEISI","$5.99","20","0","$120","03/15/2021","$2.59","65","4","$3.40","212191","Beauty & Personal Care","B08XPQMBSN","https://www.amazon.com/dp/B08XPQMBSN"
"","","261","essence | Volume Stylist 18Hr Curl & Hold Mascara with Micro Styling Waxes | Cruelty Free - Black (Pack of 1)","Essence","$4.99","2","0","$10","12/01/2017","$1.67","542","4.1","$3.32","271549","Beauty & Personal Care","B01MTF0PWO","https://www.amazon.com/dp/B01MTF0PWO"
"","","262","essence | 3-Pack Get Big! Lashes Volume Boost Mascara | Cruelty Free | Without Parabens & Alcohol | Black","essence cosmetics","$11.97","...","...","...","09/25/2021","$6.63","29","4.3","$5.34","156669","...","B097WLM2Y4","https://www.amazon.com/dp/B097WLM2Y4"
"","","263","NYX Professional Makeup Color Mascara Purple 0.32 Ounce","NYX PROFESSIONAL MAKEUP","$13.99","13","0","$182","07/13/2014","$8.97","577","4","$5.02","84969","Beauty & Personal Care","B00INC2KE6","https://www.amazon.com/dp/B00INC2KE6"
"","","264","The Lip Bar | Lash Flash Strengthening Mascara","The Lip Bar","$14.00","...","...","...","05/10/2022","$8.98","0","","$5.02","173110","...","B084X884M4","https://www.amazon.com/dp/B084X884M4"
"","","265","Ahu 4D Silk Fiber Lash Mascara Black Waterproof Mascara Lengthening and Thick Long Lasting Smudge-Proof Long Thick Smudge-Proof Eyelashes All Day Full Mascara","Ahu","$6.99","...","...","...","12/30/2021","$2.89","18","4.4","$4.10","239253","...","B09LC2S75D","https://www.amazon.com/dp/B09LC2S75D"
"","","266","Maybelline Volum' Express The Colossal Washable Mascara Volumizing Glam Black","Maybelline New York","$7.97","10086","336","$80385","08/24/2013","$3.79","21335","4.5","$4.18","835","Beauty & Personal Care","B002ZTVMDI","https://www.amazon.com/dp/B002ZTVMDI"
"","","267","Neenoxtub 4D Silk Fiber Lash Mascara Lengthening and Thick Long Lasting Waterproof & Smudge-Proof Hypoallergenic Formula 2 Pack Black","Neenoxtub","$14.32","2843","94","$40712","10/24/2021","$8.63","1085","4.3","$5.69","4124","Beauty & Personal Care","B09JCPVC7H","https://www.amazon.com/dp/B09JCPVC7H"
"","","268","Milani Highly Rated Anti-Gravity Black Mascara with Castor Oil and Molded Hourglass Shaped Brush","Milani","$4.99","...","...","...","02/23/2022","$-2.44","477","4.1","$7.43","14339","...","B09RPB33KN","https://www.amazon.com/dp/B09RPB33KN"
"","","269","BaeBlu Organic Mascara and Lash Conditioner Long and Healthy Lashes Non-Irritating 100% Natural Formula Brown","BaeBlu","$21.19","1","0","$21","04/29/2018","$15.09","85","3.7","$6.10","223365","Beauty & Personal Care","B073WHPXBS","https://www.amazon.com/dp/B073WHPXBS"
"","","270","R3 Peptide Enhanced Eyelash Volume Mascara Natural Vegan 200ppm 7 grams","R3","$16.99","0","0","$0","09/27/2019","$11.52","5","3.8","$5.47","792091","Beauty & Personal Care","B07RYXR8ZN","https://www.amazon.com/dp/B07RYXR8ZN"
"","","271","Lashalicious Mascara Clean Vegan Gluten-free High Performing Mascara","Mommy Makeup","$21.00","...","...","...","...","...","0","","","","...","B0B1D3PZF4","https://www.amazon.com/dp/B0B1D3PZF4"
"","","272","MODE Voltage Lash Ultimate Clear Gel Mascara (2001 Crystal Clear) Sets and Holds to Enhance the Natural Curl of Lashes & Grooms and Defines Eyebrows by Mode Cosmetics","Mode Cosmetics","$18.00","2","0","$36","04/03/2016","...","15","4.1","","277093","Beauty & Personal Care","B01LZABPIT","https://www.amazon.com/dp/B01LZABPIT"
"","","273","2 Packs black mascara Cat eye  Washable Mascara Makeup Volumizing  Buildable Lengthening Mascara Defining Curling Multiplying Eyes Makeup","LGSZGDCN","$9.98","1548","51","$15449","04/14/2021","$6.26","74","3.4","$3.72","168624","Beauty & Personal Care","B09D9Z6GPY","https://www.amazon.com/dp/B09D9Z6GPY"
"","","274","Neutrogena Healthy Lengths Mascara for Stronger Longer Lashes Clump- Smudge- and Flake-Free Mascara with Olive Oil Vitamin E and Rice Protein Black 02.21 oz","Neutrogena","$8.14","580","19","$4721","09/15/2014","$4.57","4909","4.3","$3.57","35392","Beauty & Personal Care","B00ADRHOY0","https://www.amazon.com/dp/B00ADRHOY0"
"","","275","Liaison Mascara Bond Growth Mascara Liaison Baby Hair Wand and Liaison Waxy Brow Waterproof - Vegan Cruelty Free Paraben Free Talc Free Sulfate Free Alcohol Free","Liaison","$61.72","...","...","...","07/08/2021","...","0","","","770168","...","B09919R8ZQ","https://www.amazon.com/dp/B09919R8ZQ"
"","","276","Queen Lashes byfitqueen Vegan and Cruelty free. Waterproof mascara dark black (Pack of 1) 033 Fl Oz pink twisted tube","Generic","$11.98","...","...","...","06/09/2022","...","2","5","","1148853","...","B0B3D62S8J","https://www.amazon.com/dp/B0B3D62S8J"
"","","277","9 Colored Mascara Waterproof and Smudgeproof Longlasting Mascara Cruelty Free & Vegan Volume Mascara","AKwell","$0.90","...","...","...","...","...","0","","","","...","B09PDW9BRW","https://www.amazon.com/dp/B09PDW9BRW"
"","","278","Idun Minerals Mascara Gull - Classic Volumizing Mascara - Bold And Luscious Lashes In A Sweep - Plumped 3D Effect From All Angles - Creamy Vegan Formula - For An Intense Black Colour - Black - 0.39 Oz","IDUN Minerals","$19.20","0","0","$0","08/26/2020","$13.4","11","4.4","$5.80","605797","Beauty & Personal Care","B086Q51G36","https://www.amazon.com/dp/B086Q51G36"
"","","279","Onkessy Colored Mascara Waterproof Long Lasting Colorful Mascara Cruelty Free & Vegan Volume Mascara for Eyelash Eye Makeup 6 Colors Optional","Onkessy","$4.28","0","0","$0","11/19/2021","...","0","","","844236","Beauty & Personal Care","B09LYWT5Q1","https://www.amazon.com/dp/B09LYWT5Q1"
"","","280","Undone Beauty Laze Lash Glaze Volumizing High Gloss Mascara with Curved Brush - Lightweight Formula for Naturally Boosted Separated Eyelashes - Vegan and Cruelty Free - Dark Chocolate","UNDONE BEAUTY","$10.00","0","0","$0","07/23/2019","$5.66","10","3.1","$4.34","682929","Beauty & Personal Care","B0829G3XB6","https://www.amazon.com/dp/B0829G3XB6"
"","","281","Colorful Waterproof Mascara for Eyelashes SetBlue White Black Brown Purple Mascara for eyelashes Long lasting Charming Voluminous Mascara for Women Cruelty Free Vegan Eye Makeup (Black)","Fausga","$0.13","...","...","...","01/27/2022","...","1","4","","996036","...","B09QY6DKRL","https://www.amazon.com/dp/B09QY6DKRL"
"","","282","MS Glamour Makeup Lashes 4D Fiber Cruelty Free and Travel Friendly Diamond Mascara | Vegan and Organic | Lengthen Strengthen and Curl Eyelashes  10 ML","MS MS GLAMOUR","$20.99","0","0","$0","05/20/2021","...","2","5","","1003155","Beauty & Personal Care","B094QM3SYY","https://www.amazon.com/dp/B094QM3SYY"
"","","283","Purple Mascara Colored Mascara Waterproof Long Lasting Volumizing Thick Lengthening Curling Defining Charming Thrive Mascara Makeup Gift for Women Girls","NVLEPTAP","$7.98","...","...","...","07/25/2022","...","0","","","216662","...","B0B2VT8FG7","https://www.amazon.com/dp/B0B2VT8FG7"
"","","284","Julep Length Matters Buildable Lengthening Lash Mascara Black 0.34 Fl Oz","Julep","$18.00","67","2","$1206","04/29/2016","$11.76","521","4.4","$6.24","28488","Beauty & Personal Care","B01I9CCF2G","https://www.amazon.com/dp/B01I9CCF2G"
"","","285","4D Silk Fiber Lash MascaraWaterproof Mascara LongerThickerVoluminous EyelashesLong-LastingNatural Smudge-ProofAdds Length Depth and Glamour Effortlessly(Black)","HUALIJIA","$8.99","148","4","$1331","04/06/2021","$4.73","736","4.2","$4.26","71047","Beauty & Personal Care","B08ZN5SZQP","https://www.amazon.com/dp/B08ZN5SZQP"
"","","286","COVERGIRL Professional All-in-One Curved Brush Mascara Black Brown 210 0.3 Fl Oz (Packaging may vary)","COVERGIRL","$5.39","146","4","$787","08/14/2016","$1.42","1100","4.4","$3.97","15804","Beauty & Personal Care","B00N15MBQM","https://www.amazon.com/dp/B00N15MBQM"
"","","287","4 Colors 4D Silk Fiber Lash Mascara White Green Pink Blue Mascara with Eyelash Comb Colored Eyelash Mascara Set Thrive mascara for Eyelashes Long Lasting No Clumping No Flaking Natural Extension (4 colors)","POZILAN","$18.98","...","...","...","01/27/2022","$12.36","44","4","$6.62","52906","...","B09PH5QQLD","https://www.amazon.com/dp/B09PH5QQLD"
"","","288","Mascara Black Volume and Length Waterproof Mascara Smudge-Proof 4D Silk Fiber Thickening Lengthening Mascaras No Clumping Lasting All Day","ELAIMEI","$5.59","84","2","$470","04/23/2021","$1.6","340","4.2","$3.99","70128","Beauty & Personal Care","B098Q9D369","https://www.amazon.com/dp/B098Q9D369"
"","","289","Colored Mascara For EyelashesColorful Mascara Charming Long Lasting & Vegan Voluminous Maskara For Women Eye Makeup 2ml Things for 7 Dollars (F One Size)","KAGAYD","$3.37","...","...","...","...","...","0","","","","...","B0B5DD16RS","https://www.amazon.com/dp/B0B5DD16RS"
"","","290","Milk Makeup Rise Lifting + Lengthening Mascara - weightlessly lifts lengthens curls and adds volume","Milk Makeup","$38.00","...","...","...","06/11/2022","$28.76","0","","$9.24","284798","...","B09VCTLBC3","https://www.amazon.com/dp/B09VCTLBC3"
"","","291","CODE Beautiful Mascara Black Volume and Length | Water Resistant Alternative to Waterproof Mascara | Cruelty Free & Vegan Eye Makeup | VLM Volumizing Lengthening Mascara 12ml","CODE Beautiful","$41.95","0","0","$0","03/13/2016","$32.12","308","4.3","$9.83","406810","Beauty & Personal Care","B00DGSBB2Y","https://www.amazon.com/dp/B00DGSBB2Y"
"","","292","SUSAN POSNICK COLORCOATED - All-Natural Mineral Based Luxury Mascara - Nourishing and Conditioning Peptides Lengthening Curling - Water Resistant- Ultra Black","Susan Posnick","$28.00","4","0","$112","02/08/2015","$20.88","11","3.6","$7.12","168382","Beauty & Personal Care","B0042WRO1U","https://www.amazon.com/dp/B0042WRO1U"
"","","293","Sweet LeiLani Island Eyes Lash Plumping Mascara - Buildable Formula Paraben-Free - Ideal for Sensitive Eyes - 0.26 Ounce Mudshark","SWEET LEILANI","$21.99","0","0","$0","07/04/2018","$15.77","26","3.4","$6.22","340185","Beauty & Personal Care","B07BXG91T9","https://www.amazon.com/dp/B07BXG91T9"
"","","294","L'Oreal Paris Voluminous Makeup Lash Paradise Mascara Voluptuous Volume Intense Length Feathery Soft Full Lashes No Flaking No Smudging No Clumping Blackest Black 0.25 Fl Oz (Pack of 2)","L'Oreal Paris","$16.97","26576","885","$450995","05/29/2017","$10.88","5502","4.5","$6.09","4057","Beauty & Personal Care","B07DBGRCYN","https://www.amazon.com/dp/B07DBGRCYN"
"","","295","Vegan Waterproof Black & Blue Mascara Bundle for Sensitive Eyes Natural Hypoallergenic mascara Lengthening and Volumizing for Natural Looking Cruelty Free Ophthalmologist Tested- By Gaya cosmetics","Gaya Cosmetics","$30.90","...","...","...","...","...","0","","","784413","...","B0B54Y3KLH","https://www.amazon.com/dp/B0B54Y3KLH"
"","","296","Ecco Bella Plant-Based Vegan Natural Glow Kit Natural Lip Gloss (Passion) FlowerColor Mascara (Black)","Ecco Bella","$35.99","...","...","...","06/14/2022","...","0","","","819788","...","B09WJDY128","https://www.amazon.com/dp/B09WJDY128"
"","","297","Queen Lashes by Fitqueen Vegan & Cruelty free Lash Waterproof Mascara Dark Black 10ml(Pack of 1) 0.33Fl; Oz","Generic","$11.98","...","...","...","06/21/2022","...","4","5","","1065336","...","B0B2VKJ95G","https://www.amazon.com/dp/B0B2VKJ95G"
"","","298","Colored Mascara Waterproof and Smudgeproof Longlasting Mascara Cruelty Free & Vegan Volume Mascara (A)","Fpoqbod","$3.59","...","...","...","...","...","0","","","","...","B09QC8P6ZH","https://www.amazon.com/dp/B09QC8P6ZH"
"","","299","Beauty Without Cruelty Paraben-free Mascara Full Volume Black 0.24 Oz","Beauty Without Cruelty","$17.04","2","0","$34","10/13/2013","$10.94","365","4.3","$6.10","320863","Beauty & Personal Care","B00B7V3XPU","https://www.amazon.com/dp/B00B7V3XPU"
"","","300","PuroBIO Certified Organic Impeccable Restructuring Black Mascara-Curling and Lengthening.With Bamboo Extract Kaolin Rhamnose Rhodiola Rosea and Vitamin E. Sensitive Eyes. Vegan. Nickel Tested.","puroBIO Certified Organic Cosmetics","$16.90","0","0","$0","02/14/2019","$11.44","61","3.6","$5.46","658156","Beauty & Personal Care","B00Z5ODHUG","https://www.amazon.com/dp/B00Z5ODHUG"
"","","301","Ardorlove Colored Eyelash Mascara - 7 Colors Waterproof and Smudgeproof Longlasting Mascara - Cruelty Free Vegan Volume Mascara for Eyelash Eye Makeup","Ardorlove","$20.99","...","...","...","07/27/2022","...","0","","","610532","...","B094J53JCQ","https://www.amazon.com/dp/B094J53JCQ"